participant_id,trial_index,global_field_power,delta_power,theta_power,alpha_power,beta_power
sub-01,0,15.05361680687895,1.5922686278014888e-11,3.0440971931663608e-12,1.172509816801317e-12,1.282719151342118e-13
sub-01,1,13.84554101038631,7.297125545900927e-12,1.2623030757153868e-12,5.033750323328462e-13,1.0471868282199554e-13
sub-01,2,18.306856349524505,1.4850519482283725e-11,2.5892338009100857e-12,1.5362392208358438e-12,1.190934662624569e-13
sub-01,3,16.987614955854127,6.462006051937108e-13,6.846165358530165e-13,1.1246042619290637e-12,8.255710348675077e-14
sub-01,4,16.454866440950664,6.008456635136689e-13,2.0249144083879178e-12,1.083026680117548e-12,8.092288815430552e-14
sub-01,5,14.168782554608793,1.691647229161963e-12,2.0494191466370846e-12,9.3072717565194e-13,1.3770365799237344e-13
sub-01,6,17.534040091963092,2.3473010989989076e-12,1.3981050105187527e-12,9.939951715563605e-13,1.0112937362943525e-13
sub-01,7,16.798113629658065,6.092870764684617e-13,9.49420185113501e-13,9.556752437650976e-13,1.2163980384476932e-13
sub-01,8,14.236754076674018,6.773095067929198e-13,1.3848666748659067e-12,3.3379367213050326e-12,1.1635349238867468e-13
sub-01,9,16.40709374850362,3.324505318288185e-12,1.2349750680910063e-12,1.5525073995542554e-12,1.1953261935916507e-13
sub-01,10,16.1638135852219,1.230050292388467e-12,1.7168945296836103e-12,1.0273937368824473e-12,9.156658248624472e-14
sub-01,11,15.333221411747768,2.8401725136881247e-13,3.194223848000724e-13,5.740625465055231e-13,8.039587944128183e-14
sub-01,12,18.167171262910152,5.129596772450167e-12,1.3148609878662371e-12,1.991490052854816e-12,1.1172375079750823e-13
sub-01,13,13.831205426408976,5.075511290050321e-13,4.547572570299646e-13,1.869710879816117e-12,1.0377593400543486e-13
sub-01,14,13.263899694014002,4.1590898897545814e-13,4.609837214675422e-13,1.2472207004738578e-12,9.60343295682931e-14
sub-01,15,22.999551824327664,1.6966471922288908e-11,2.0551049687229767e-12,7.639720865945497e-13,1.4618209087499942e-13
sub-01,16,14.176184553482843,1.5690144273869952e-12,1.6126051125608474e-12,1.5880234581315022e-12,1.5287353905311372e-13
sub-01,17,21.1589220553806,6.00965664960647e-12,1.7147651319527301e-12,2.0953978799953996e-12,1.5241482542516148e-13
sub-01,18,13.883965829749947,3.783631534207788e-12,9.558241985738084e-13,1.624986502447776e-12,9.950026584552545e-14
sub-01,19,15.073678305241451,3.4188761815689843e-13,9.857095983577618e-13,7.424298760127337e-13,7.608445406255665e-14
sub-01,20,16.38510759540725,1.1189305068548039e-11,1.911601247267871e-12,9.842561175849957e-13,1.0344124179389106e-13
sub-01,21,16.70752212865929,7.05098760509411e-12,1.752690290866343e-12,1.1911724909514314e-12,1.1988742837900658e-13
sub-01,22,15.125534321679382,8.013873593576962e-13,5.770292316980269e-13,8.856391547155371e-13,1.1035575649365703e-13
sub-01,23,20.474012845291274,3.03877102650572e-12,7.103257551886415e-13,6.60177894749088e-13,9.381343152717691e-14
sub-01,24,19.602686900440556,2.2373578936256643e-12,1.0470204264632497e-12,4.686729184238159e-13,9.722797362658772e-14
sub-01,25,22.025446689674062,2.3766958559155565e-12,2.0587645663229653e-12,6.72863364806008e-13,1.0111789363815084e-13
sub-01,26,16.428344767245015,1.3727160118370315e-12,4.762143661032463e-12,2.5801104802082594e-12,1.0490070133618372e-13
sub-01,27,14.191554659190686,5.449627924810102e-13,5.530424173113963e-13,1.388834967090249e-12,1.0388911275699466e-13
sub-01,28,18.602115110820478,5.568284658018985e-13,1.2056134037392539e-12,1.6753848023241994e-12,1.0606461572713672e-13
sub-01,29,17.807517116114838,1.055129467344733e-12,3.641205035986275e-13,8.217599890032754e-13,9.336286474110098e-14
sub-01,30,14.017682947374562,9.27682865358106e-12,2.0877386269816664e-12,9.528639440018625e-13,9.912866795551843e-14
sub-01,31,32.86649911844281,3.155313279553924e-11,6.4434484083402265e-12,4.487715283045488e-12,1.1294403823393245e-13
sub-01,32,18.96813489254632,5.808603128904603e-12,1.189307294453248e-12,1.271469170332073e-12,1.809275820963745e-13
sub-01,33,16.77083608347533,4.0121969621647686e-12,1.1045107063499232e-12,1.0447173405698392e-12,9.960428173143328e-14
sub-01,34,21.84253101125363,4.904229677632494e-12,9.735183574691747e-13,5.583334445794952e-13,1.0579743347734597e-13
sub-01,35,15.172172055355052,7.363183371493863e-13,5.201133229518416e-13,3.4219722410902794e-13,9.721479146675208e-14
sub-01,36,16.80395963691087,2.5162765152401875e-12,3.853161239903313e-12,2.9340587551597263e-12,1.3525607978778167e-13
sub-01,37,24.139432422129527,1.8744325933829493e-12,1.1796100610262924e-12,1.0944802219127486e-12,7.759213782238073e-14
sub-01,38,20.074973256144723,1.3939400727925816e-12,1.2137289826898774e-12,1.3475322830253496e-12,6.999462160146074e-14
sub-01,39,25.43079551130433,4.486229515522313e-12,2.2875862363959613e-12,1.3559734142624883e-12,1.0725368352202066e-13
sub-01,40,20.834320601970695,1.7875690438706459e-12,1.1058784523562648e-12,1.352663237564036e-12,9.759518678802781e-14
sub-01,41,13.482747291513027,5.090920131018232e-13,2.3772782236097993e-12,1.7237018405785862e-12,1.0344462203373284e-13
sub-01,42,13.636215814437431,7.960434885011841e-13,8.763669232959923e-13,4.564965497995364e-13,1.1444695041633742e-13
sub-01,43,21.930476203524776,1.9647722729523528e-12,1.371927668660287e-12,1.3634940594178049e-12,1.3428879242706914e-13
sub-01,44,16.980436227493083,8.443626465189904e-13,8.818254464958855e-13,9.08023258340576e-13,1.3000259200979166e-13
sub-01,45,17.601142062364097,8.141308765300845e-13,7.469369408168845e-13,8.162410613364728e-13,1.0440802898819978e-13
sub-01,46,14.384309982309311,4.0055138000204374e-13,3.722078607341455e-13,6.69796439320087e-13,7.783981649149385e-14
sub-01,47,16.551608338096784,4.3518895367301325e-13,1.4379777600956584e-12,6.28900104529603e-13,1.0957230617723038e-13
sub-01,48,17.783674150830496,3.9227871051895235e-13,9.853033183316376e-13,8.246845338838403e-13,9.110658715917286e-14
sub-01,49,17.228404372599552,7.952112632089734e-13,1.256968014204522e-12,1.717875528011974e-12,1.02162544822439e-13
sub-01,50,17.479617417363492,1.1866277560584173e-12,2.262198301870601e-12,9.349820155598805e-13,1.6842167964896112e-13
sub-01,51,17.35906785565173,8.598660418875284e-12,5.702928588147803e-12,3.562664668367398e-12,2.024046934673625e-13
sub-01,52,30.067891698047802,8.43787695527855e-12,3.1555110254901004e-12,3.1435695801867244e-12,1.7358171206879745e-13
sub-01,53,18.58495350302132,1.5035175793063882e-12,1.924626224093984e-12,5.02022444152577e-13,8.80660811220636e-14
sub-01,54,21.089632936478363,2.145615365238427e-12,2.180132983879297e-12,3.0073230202035075e-12,1.8652621556111842e-13
sub-01,55,14.6286304410053,6.475219180851905e-13,7.819592705208623e-13,6.952305632615371e-13,7.984877440988324e-14
sub-01,56,15.971565208539657,3.27664466818365e-13,9.389382773111477e-13,2.388628215191571e-12,1.0865977349478907e-13
sub-01,57,17.71088966697369,1.4042506456896856e-12,2.398568293896592e-12,2.6026472116105624e-12,1.2235992646979905e-13
sub-01,58,15.573879840545738,6.065728374057533e-13,1.6625920372942096e-12,1.400621127144477e-12,9.626498217274801e-14
sub-01,59,16.05049387672688,1.27891877620307e-12,1.1254732248354754e-12,1.1364450113987867e-12,1.262227174846722e-13
sub-01,60,16.031593526840762,3.440200380393741e-12,1.608571429525663e-12,2.166094215808347e-12,8.805640809975042e-14
sub-01,61,13.932044686769357,1.274045495325952e-12,4.98667956837966e-12,1.1515729449715386e-12,1.1225437765907105e-13
sub-01,62,17.73642651459136,6.115906334204229e-13,1.1770806219047968e-12,3.8164429767459605e-12,1.1430048344268291e-13
sub-01,63,20.183477337787348,3.835150102219875e-12,8.078856262044422e-13,1.3207317617557497e-12,1.1939277182327414e-13
sub-01,64,16.094500653674633,6.37579309402698e-13,3.0727779081249097e-13,9.793764555921353e-13,9.708912060024305e-14
sub-01,65,21.255343619499264,1.7967201634546134e-12,3.0095606007016183e-12,1.4534892612619928e-12,1.0592229889789637e-13
sub-01,66,13.581426979454669,2.3052913729710998e-12,1.8002111533752906e-12,1.117070154756786e-12,9.696411496380762e-14
sub-01,67,14.967430540294757,4.982552564737212e-13,1.4110311391989736e-12,5.860199493398695e-13,7.998886394318112e-14
sub-01,68,15.579483450781575,4.835930101057371e-12,7.73897294023695e-12,2.704369709272823e-12,1.205296090813127e-13
sub-01,69,16.77232690365823,7.783766553814785e-13,5.899272999285785e-13,1.972671113705224e-12,1.1121649013361037e-13
sub-01,70,13.283528861687241,6.725270589541768e-13,4.075631925109824e-12,1.6330957647722726e-12,1.4283005193060223e-13
sub-01,71,12.275997961383228,5.967047585892779e-13,1.1666354621251401e-12,7.473785403459122e-13,6.711981121031743e-14
sub-01,72,17.46441536630601,5.063811587684779e-13,9.129419536188397e-13,2.3887247420468412e-12,9.469791766827255e-14
sub-01,73,14.97855609941757,1.2907619250844057e-12,4.5319542603236877e-13,4.741684908818231e-13,6.336931970894403e-14
sub-02,0,23.74742373299294,5.150388326222011e-12,1.3695147872762988e-12,1.5473218531716613e-13,9.921448941338982e-14
sub-02,1,14.768091960348523,2.1615768356699214e-12,4.663340927776413e-13,2.612525208672389e-13,1.010169080940879e-13
sub-02,2,17.41154399504578,8.821711623946334e-13,3.126200658719679e-13,2.7498024330100884e-13,7.192805299656556e-14
sub-02,3,14.21306818215052,1.0418724634926209e-12,3.782489513054339e-13,1.7214040704551348e-13,1.0630133507726763e-13
sub-02,4,13.30547527298449,1.1160469493302215e-12,3.375883835636023e-13,1.7046845912167687e-13,7.683692767034933e-14
sub-02,5,13.63935126876088,6.579137760609837e-13,3.7957647469284626e-13,1.1441021250617052e-13,1.0013453807355531e-13
sub-02,6,14.297182006992793,2.222660168405671e-12,3.5683864209258435e-13,1.8242769912054103e-13,1.1286646068458458e-13
sub-02,7,13.90218490633808,1.2680962158699244e-12,2.687596365108154e-13,2.4339010236433664e-13,1.5080754030065173e-13
sub-02,8,15.728117870522606,2.4270897237755245e-12,2.607114945061539e-13,1.6647841379773383e-13,8.909011073700574e-14
sub-02,9,14.480044162014055,1.1347438473911294e-12,2.3125592281130376e-13,2.0254317390336687e-13,7.240433388921912e-14
sub-02,10,15.427135814931669,1.5990805544468182e-12,4.0031469069603355e-13,1.0220592462085734e-13,6.288960994649668e-14
sub-02,11,15.657125376377783,7.296323590601401e-13,2.902560249759063e-13,1.8480579093980838e-13,8.361743122181471e-14
sub-02,12,13.908500393390069,1.0649185249334229e-12,2.8159556807104345e-13,1.3858882204921355e-13,8.425973367249071e-14
sub-02,13,14.277542861254668,7.439814517758905e-13,3.9019126271318263e-13,1.8275276930182687e-13,6.40734616090828e-14
sub-02,14,14.611631859924424,3.1914523430030636e-12,1.0060761520554944e-12,1.876794745742434e-13,1.339546010704221e-13
sub-02,15,17.09075014909187,5.490982668225115e-13,2.8453130671627283e-13,1.324217022624721e-13,6.00913307689331e-14
sub-02,16,15.671140989887649,7.800731709788683e-13,2.4287381458580986e-13,1.5871557816317988e-13,7.315817527548385e-14
sub-02,17,19.28147146366806,1.0150360385280159e-12,2.4033875514054214e-13,1.3126620822599803e-13,6.550906760622934e-14
sub-02,18,24.26154271464555,8.280239554078325e-13,6.367766069234368e-13,1.1073356658162391e-13,6.35165911912284e-14
sub-02,19,28.811092472617418,2.766796210471987e-11,1.1415235830231073e-12,2.1097748971509354e-13,8.768409486501102e-14
sub-02,20,25.16046559229187,6.294274119546276e-13,2.551074254070062e-13,1.2309806092024143e-13,5.5485024235273927e-14
sub-02,21,23.781184813337504,1.7456422525231316e-11,3.9105571640522963e-13,1.698080435575072e-13,7.252396500327163e-14
sub-02,22,18.763651282770223,1.7681547510897864e-12,3.8359871668208186e-13,1.2467262516021398e-13,7.339621451124028e-14
sub-02,23,17.626675806168862,5.340662035977826e-13,2.3281561391806485e-13,1.1517795794369795e-13,4.918471136271932e-14
sub-02,24,15.385200192784223,1.377970044460066e-12,2.8722629852578256e-13,1.9628936296874511e-13,1.1778094622807864e-13
sub-02,25,13.756027753610045,7.849839195854324e-13,2.809834384223222e-13,1.459665886447438e-13,7.988288150553556e-14
sub-02,26,14.817427387125798,7.944696030399833e-13,2.4263350701118433e-13,1.567079803867564e-13,6.000822956091508e-14
sub-02,27,15.327372337726038,1.0006506469633008e-12,6.577299011030199e-13,1.5195787232250797e-13,6.482267545029296e-14
sub-02,28,20.15605056190126,1.2281340767208274e-12,3.0244748727772934e-13,2.18699362402112e-13,7.416423523257211e-14
sub-02,29,16.775688836590415,7.61772417962544e-13,3.4602894140590624e-13,3.147310630005529e-13,5.935951652150278e-14
sub-02,30,14.53564634546826,7.365518239644976e-13,2.388360568776707e-13,1.398478347840735e-13,6.895073094353775e-14
sub-02,31,14.824206156402838,9.449826581801454e-13,5.415055028481657e-13,1.1871075383880384e-13,7.094274533530934e-14
sub-02,32,12.968169170104757,1.2999653336748512e-12,2.5471970548670357e-13,1.0266846343899431e-13,7.424334479305289e-14
sub-02,33,10.961505955920703,4.3450327977734946e-13,2.2452707659177472e-13,1.831060016029266e-13,8.029401410730114e-14
sub-02,34,12.065987832361344,9.74446564003822e-13,5.230173432226344e-13,1.9112920779740912e-13,6.464662864886027e-14
sub-02,35,13.01949809124153,1.4084679449691628e-12,3.1914538625229854e-13,1.4953605353590586e-13,5.57194024176553e-14
sub-02,36,11.688635032813485,1.0100944403835473e-12,6.954422593438988e-13,2.2566779156463676e-13,9.084347480594675e-14
sub-02,37,10.224987673776523,8.181529492506742e-13,2.5463758576443637e-13,7.969723588251697e-14,6.335777632269802e-14
sub-02,38,10.745907110350554,8.21997377172771e-13,2.05711794590888e-13,9.787281498831482e-14,9.687307025436933e-14
sub-02,39,12.500751308295083,6.520322626417082e-13,4.549103334222847e-13,8.196349222916903e-14,5.860638387122352e-14
sub-02,40,13.281263530975455,1.1627207073858041e-12,2.826320671838803e-13,2.3289132624726163e-13,1.847717347064223e-13
sub-02,41,13.644248529952053,1.0008219174474527e-12,3.887909236301207e-13,2.0130605345801428e-13,8.899533171553232e-14
sub-02,42,15.272278897785727,1.411539769431378e-12,5.381091980057339e-13,4.814175782595399e-13,1.2086372584905893e-13
sub-02,43,13.17478438330443,1.322800592158413e-12,5.501050245637591e-13,1.3187077129156806e-13,7.462413963177451e-14
sub-02,44,15.236637709877606,8.776663457640846e-13,2.036012078201642e-13,1.8797377792074992e-13,6.551217198254766e-14
sub-02,45,9.64903841910816,4.600634356543081e-13,2.980654608471371e-13,1.3275575266295895e-13,6.695994735115685e-14
sub-02,46,22.569337824155074,5.063030791708321e-11,1.4185513359273507e-12,2.030356827969901e-13,1.0515975929626082e-13
sub-02,47,17.15017302242057,1.0002707901805992e-11,4.916756033857728e-13,1.5373151248857117e-13,7.80232271321167e-14
sub-02,48,15.981430889440379,1.0062825937376964e-11,6.524029249817713e-13,1.286545345412027e-13,9.263699313874491e-14
sub-02,49,14.881524077805532,6.549553724689668e-13,2.445123060466584e-13,8.833303989624554e-14,7.348981826472183e-14
sub-02,50,14.278061738668756,1.4187663648258556e-11,7.413643895638034e-13,9.349576875276342e-14,6.591324668638722e-14
sub-02,51,12.446563900685705,2.4989549900763142e-12,8.818368776343626e-13,2.886890224456501e-13,1.527193490716646e-13
sub-02,52,16.332731054010868,1.6776846462979974e-12,1.5579437549951827e-13,1.7174700851202655e-13,6.095800038208028e-14
sub-02,53,10.37844731508159,6.598009701199397e-13,3.472237742479832e-13,1.5857695348009664e-13,7.367222270836974e-14
sub-02,54,12.253031383236896,2.689306579140506e-12,3.0616339038803877e-13,1.238708658699322e-13,1.1053022780321513e-13
sub-02,55,13.207352750015032,9.600949018886268e-13,2.8781685733427907e-13,1.9845969357371324e-13,6.12703221939479e-14
sub-02,56,11.975124847198213,9.197502807972888e-13,3.3110370019505613e-13,9.648601747460646e-14,7.704210286168611e-14
sub-02,57,14.632271688006606,1.080704263557129e-12,4.728706078229823e-13,2.3761970824275527e-13,9.886762027828747e-14
sub-02,58,11.001287707515436,6.832570923917524e-13,1.7568059553730716e-13,1.2375941879778746e-13,7.954837337996626e-14
sub-02,59,10.842671191755693,1.4898799946486775e-12,3.2080550085981946e-13,2.1412411476249587e-13,8.4650187430749e-14
sub-02,60,13.225666668804875,4.0991436451315583e-13,2.513924515009688e-13,1.0173343913558351e-13,4.3761748766669455e-14
sub-02,61,13.325579306897236,1.079342956190862e-12,5.349935029634647e-13,1.4561833340248413e-13,7.757825951322497e-14
sub-02,62,13.044205417207252,8.160698480257636e-13,4.616926802377111e-13,2.346533878645951e-13,7.42580854412038e-14
sub-02,63,14.273764115772531,8.181843743120423e-13,2.274619676257913e-13,1.3975454083890892e-13,6.753387400018394e-14
sub-02,64,13.21280520815162,1.7970080741511492e-12,4.400436059756141e-13,1.2345303006094345e-13,9.357513828641778e-14
sub-02,65,12.641418355564557,7.254877017335278e-13,2.0647916985808145e-13,1.3872292168001482e-13,5.796963627715398e-14
sub-02,66,13.948805363410338,7.900166861009028e-13,2.3545362282855567e-13,1.306962393030794e-13,1.9390581071522675e-13
sub-02,67,11.267999564107319,1.237585198701349e-12,2.023249936619364e-13,1.854405081204656e-13,7.130343680359331e-14
sub-02,68,14.53069467515084,7.996466756021767e-13,3.362902282580114e-13,1.465047242870632e-13,6.781052902764377e-14
sub-02,69,11.544817775363233,2.863824768274738e-13,3.913141688634144e-13,1.745731033174556e-13,1.0386680220425964e-13
sub-02,70,12.424896015254044,1.5196269884280691e-12,2.185938202328777e-13,1.9390256531257943e-13,7.486758859478555e-14
sub-02,71,13.367332204950882,1.8336769929572322e-11,9.850678247707806e-13,1.4569530772248715e-13,1.234802925566031e-13
sub-02,72,11.918186059611685,8.91495796951842e-13,2.4095407997438564e-13,9.862036913804078e-14,5.133911280129854e-14
sub-02,73,10.909729476400997,9.932180124681392e-13,5.16708849893059e-13,1.694018878983326e-13,7.364613079996243e-14
sub-02,74,9.922292193080745,4.716813937467628e-13,3.6328782722429646e-13,2.517967608414074e-13,6.859278073761916e-14
sub-03,0,34.7894163425429,2.3313283923829265e-12,4.812078753524858e-13,5.668180974292094e-13,2.288797944299366e-13
sub-03,1,23.958797097759117,1.3948278150346031e-12,1.7350009804152493e-12,3.2570786022919895e-12,2.7447643389334755e-13
sub-03,2,20.058030085044745,1.5466515407510421e-12,7.772816241577647e-13,8.442697259914079e-13,2.5142626054400607e-13
sub-03,3,30.435896350646534,1.535563409464902e-12,7.770272419594345e-13,5.57312908588482e-13,2.1770935508351281e-13
sub-03,4,30.43082863588638,1.9068378908966257e-12,5.270397461584803e-13,4.3197221827420837e-13,2.283943684840512e-13
sub-03,5,28.191148963995726,1.383783118574953e-12,9.916258451783021e-13,1.5016337512896746e-12,3.2617441835309466e-13
sub-03,6,20.32115791913054,9.303106181469868e-13,3.8688930492301154e-13,1.870892059965092e-12,2.358168042499725e-13
sub-03,7,17.037815119372855,1.7469485316237991e-12,5.822333538237101e-13,1.2003632096780578e-12,2.9225455951926244e-13
sub-03,8,23.68587251851663,1.1330625848310368e-12,4.124965326526686e-13,9.046962005428823e-13,1.360153211009063e-13
sub-03,9,25.577534153487928,1.4062697289287015e-12,3.751362009827368e-13,7.439597563839534e-13,2.5154416868289123e-13
sub-03,10,18.2209172008443,1.2738073414166488e-12,6.243737981375013e-13,8.090608518329023e-13,1.7226816542146243e-13
sub-03,11,23.41140451064904,1.1911721392314763e-12,5.057973596237659e-13,1.7513329399864016e-12,2.314726101512451e-13
sub-03,12,21.38096258450253,1.976582974878518e-12,4.3382485852171114e-13,1.966937920567899e-12,2.885025791191443e-13
sub-03,13,17.57324179790162,2.8646387401483184e-12,6.142348992113621e-13,6.889083933004741e-13,2.388850328249823e-13
sub-03,14,17.898129832253055,1.3915307485039205e-12,5.364201050832619e-13,6.186270952127531e-13,2.6237417680541495e-13
sub-03,15,15.733030145495698,3.659174051713342e-12,2.5831650574666974e-13,1.1721682484271036e-12,2.303694911207837e-13
sub-03,16,24.99302663745034,9.881107750434819e-13,4.809448365276107e-13,7.001285102920169e-13,1.7527444763661505e-13
sub-03,17,23.191635258923377,1.291600442551683e-12,4.91793637854632e-13,2.1707832924007483e-12,2.876968482910758e-13
sub-03,18,20.956608314558355,1.4315341413783411e-12,7.28232699399662e-13,1.798847036870465e-12,2.0594935157238086e-13
sub-03,19,19.197126238761715,5.122566858353863e-12,4.435140743894956e-13,9.988632072829544e-13,2.1654200602459172e-13
sub-03,20,25.008525510644503,1.7980861106085664e-12,6.370207986270692e-13,1.9773317089807494e-12,5.142636431671871e-13
sub-03,21,20.528835831570905,2.1167976310910154e-12,5.506817575408122e-13,1.6120080901799188e-12,1.6484250426489137e-13
sub-03,22,29.90248749979616,4.0461912249034316e-12,1.1021325463016308e-12,3.5364085332188684e-12,3.7331502584836765e-13
sub-03,23,16.798776287748137,1.992971806113422e-12,6.413812389800758e-13,2.6407181677960657e-12,2.601540222124861e-13
sub-03,24,18.5005662071268,3.1221144017117736e-12,8.731045300286136e-13,1.6006311078978078e-12,2.8020252299529335e-13
sub-03,25,16.80621479280566,1.6290857769686346e-12,8.196190310505044e-13,1.5071555010965826e-12,2.446250549968145e-13
sub-03,26,21.468092977236473,1.6568998662429556e-12,4.3201944660288383e-13,1.7029566717854896e-12,2.438344671212095e-13
sub-03,27,19.548233798079412,1.9412819038695455e-12,4.3164888282017277e-13,2.346333796904804e-12,3.082587136168619e-13
sub-03,28,19.73939022672723,1.4773154174794738e-12,1.1507008490806199e-12,5.586137515821631e-13,3.6713307275337405e-13
sub-03,29,27.22211279065277,1.926899328867616e-12,8.626842675236812e-13,1.3046863308138428e-12,2.680917073789835e-13
sub-03,30,27.182207694494444,1.0549757098585614e-12,3.257107108241083e-13,9.783215364775071e-13,2.1806748975784735e-13
sub-03,31,25.291278475263976,2.2927196514579343e-12,6.091775354562467e-13,5.206391039589873e-13,2.6487523897708437e-13
sub-03,32,19.985594274998842,1.6044466868573247e-12,3.8948908991895714e-13,1.3629658818756065e-12,2.17421551834084e-13
sub-03,33,25.597685808298124,1.2518512371606155e-12,1.2491143408558316e-12,4.684409086325266e-12,3.1082819452593405e-13
sub-03,34,21.266640094959424,1.1686626764876683e-12,5.908128263787653e-13,2.229357298053988e-12,2.442628690334686e-13
sub-03,35,26.558692889021515,1.1966317410013436e-12,4.636535610031213e-13,1.1309220137278532e-12,1.9619185474565453e-13
sub-03,36,19.450216574858867,2.563495876262033e-12,6.009862659465602e-13,2.7955687912451265e-13,1.0042343730337775e-13
sub-03,37,20.723308110324325,2.2107844580114883e-12,7.537333660339089e-13,1.4963641786132357e-12,2.4795277375287483e-13
sub-03,38,26.34650082380013,1.6066881944439674e-12,4.121261653070266e-13,5.973346495801572e-13,2.181900118903282e-13
sub-03,39,33.077993073037185,1.308647171924569e-12,4.5082711674157494e-13,7.235278114486183e-13,2.2101679357979261e-13
sub-03,40,19.598929284584433,1.9909537448678074e-12,5.591519840041512e-13,2.528622412096736e-12,2.094582347108786e-13
sub-03,41,16.857677266316376,2.594299211055562e-12,5.352816910965492e-13,5.654778788756867e-13,2.59466693373463e-13
sub-03,42,22.457600927550573,1.965237156886702e-12,4.883385418634082e-13,5.969529856966527e-13,1.8349462749688845e-13
sub-03,43,19.971540173715383,1.510773519596272e-12,4.731600925839451e-13,4.077965030984508e-13,1.8275201353819844e-13
sub-03,44,20.51308414117411,8.751756711230739e-13,2.8927881201925395e-13,5.398532936272036e-13,1.7788706334943056e-13
sub-03,45,22.737119083750667,1.6280609833153442e-12,6.781438599142906e-13,1.0842580727237538e-12,2.7549681442212143e-13
sub-03,46,30.488073711140768,1.1368762622889213e-12,6.153284681831753e-13,1.7800870903632963e-12,1.4106254506934332e-13
sub-03,47,23.51029679489024,1.388427624434622e-12,2.922129904265657e-13,1.0398234109278145e-12,1.6687908945256857e-13
sub-03,48,19.376304769288037,1.0452506329402177e-12,4.921250149622184e-13,4.77734863176784e-13,1.8412988440640876e-13
sub-03,49,37.20836438185063,1.5363340996268982e-12,4.63337512144601e-13,4.993757936302659e-13,2.0491915285326202e-13
sub-03,50,31.48800160943972,1.417915866232039e-12,4.592781427232081e-13,1.599371659001137e-12,2.2225139696849853e-13
sub-03,51,106.45319667701696,3.1229661055913594e-12,5.123786455665552e-13,4.1446922680636743e-13,1.764350461304383e-13
sub-03,52,40.746825536410206,1.1444580450266677e-12,3.891121734338676e-13,1.0844820809771494e-12,2.0359972125414327e-13
sub-03,53,46.73591014361644,7.61663141752717e-13,5.021593663592606e-13,8.392014584059612e-13,1.855992587833577e-13
sub-03,54,28.63546831818635,1.0210968357009403e-12,2.638507330145891e-13,4.667592475804647e-13,3.174457714102917e-13
sub-03,55,24.917523677857616,1.2292402152158067e-12,5.597840583081063e-13,2.3006787235734878e-12,3.40925045017254e-13
sub-03,56,19.70916052383525,6.573212830640118e-13,5.391977076437265e-13,1.3011385606658613e-12,1.4736290356612562e-13
sub-03,57,17.807330670394823,7.359412920363813e-13,3.848273273789517e-13,3.3584088442243323e-12,2.3529368999808425e-13
sub-03,58,19.44982511080984,1.0297782744957792e-12,6.831740056276481e-13,1.1088626239668782e-12,1.9489943362492362e-13
sub-03,59,19.995226350083406,1.557184892513824e-12,8.096622444210128e-13,1.5781002420979039e-12,2.1871080575867594e-13
sub-03,60,20.857513212832455,8.299403637828048e-13,3.678661012885904e-13,1.1316955146129468e-12,1.4026738978572626e-13
sub-03,61,35.48637114040366,1.5898331980940815e-12,8.518660415019501e-13,2.0816972175232347e-12,3.8119568960792087e-13
sub-03,62,21.03488453835072,1.4843033914466744e-12,5.873506656595838e-13,1.3839698702556035e-12,2.247671154818425e-13
sub-03,63,19.49052997243066,2.5093822321108844e-12,6.423445090209474e-13,1.6969785383798434e-12,1.6178805406644457e-13
sub-03,64,24.477402299527036,1.2749692363936352e-12,5.570481288626423e-13,9.798186670261609e-13,1.411974835603565e-13
sub-03,65,20.569259327306458,1.0831864604004594e-12,8.032471456960401e-13,1.246580221909925e-12,2.532195683769342e-13
sub-03,66,15.547922946142908,9.876181847217685e-13,8.357795719652626e-13,9.717466461120486e-13,2.901241795149951e-13
sub-03,67,19.561956492385157,1.053515623387442e-12,4.472559092036405e-13,6.331440516917014e-13,1.7631699385286908e-13
sub-03,68,21.88543510860149,9.67470008723173e-13,4.881025047599294e-13,4.078335626025943e-13,1.797088895736329e-13
sub-03,69,20.74623864913863,1.0004003683219565e-12,6.216423375512427e-13,1.1214644027440328e-12,1.9769900891691515e-13
sub-03,70,24.836033792760734,9.51099353417901e-13,6.831499346528804e-13,1.980610790600093e-12,2.0938814503639045e-13
sub-03,71,24.498838565625622,6.422796463318721e-13,5.151784341932081e-13,1.8446947146575376e-12,2.131413399611291e-13
sub-03,72,24.128276568761287,1.2671427266576574e-12,4.744923054443488e-13,9.13912128621745e-13,3.658374161943996e-13
sub-03,73,19.758657455567764,8.408466590794234e-13,5.948046021091314e-13,2.239578129785376e-12,2.0629306855086786e-13
sub-03,74,17.44678613306988,1.3233189285944221e-12,5.247161336587338e-13,6.890186746342921e-13,2.3508460550541656e-13
sub-03,75,17.672828306129645,1.4969650358441155e-12,6.613275883366982e-13,1.315177550896325e-12,2.28809796449291e-13
sub-03,76,17.452439038450226,1.049481223169396e-12,6.16322676034635e-13,3.5960274377577715e-12,1.8565693704188137e-13
sub-03,77,19.695167884512163,1.1361606135193802e-12,1.2444647236431944e-12,1.732097766067454e-12,2.854743302324874e-13
sub-03,78,18.538274091617286,8.098693155461262e-13,3.689203492756788e-13,1.8041426869619468e-12,2.8000876891860457e-13
sub-03,79,21.177283219289254,9.660142092200942e-13,2.551050415348706e-13,1.7242294110455082e-12,1.657945640522399e-13
sub-03,80,17.759614146184227,1.4397018151679102e-12,4.743610805681841e-13,1.827714758351218e-12,1.913376563216186e-13
sub-03,81,17.96943468596808,1.1553925238570883e-12,1.4652180105145348e-12,3.98575665245271e-12,3.122274981526582e-13
sub-03,82,22.89174723609261,1.6813384329341176e-12,4.810319718230529e-13,2.7761178452576957e-12,2.7695904535119015e-13
sub-03,83,16.50563653639024,1.2404284468818794e-12,3.955737300918497e-13,1.0235184783113474e-12,1.9627632215816092e-13
sub-03,84,18.01833244794546,1.2024952135735811e-12,8.039505997213377e-13,3.505772214078581e-12,2.1966562227207606e-13
sub-03,85,19.12116728619911,1.3559453676986305e-12,4.857419218082809e-13,3.5186671308824887e-13,1.5478814921014524e-13
sub-03,86,24.362799186686388,9.642734716288534e-13,4.945214122088616e-13,4.613854119549283e-13,1.6749886106505092e-13
sub-03,87,17.773355049866197,1.366986475450468e-12,8.461138963263013e-13,3.456281376242156e-12,2.7129434379214843e-13
sub-03,88,18.092859183604403,1.4188557773091614e-12,3.9891795175468097e-13,1.192292602104449e-12,1.991655172196654e-13
sub-03,89,20.72450025052797,3.5393764953204274e-12,1.0292989905076621e-12,5.791295342529764e-13,2.1982997717056784e-13
sub-03,90,19.163555233392028,1.6431598642448944e-12,7.952211643235899e-13,1.7959056479064084e-12,2.13139840820048e-13
sub-03,91,23.152367923599268,1.225736535025869e-12,6.324100797547935e-13,6.661614510004462e-13,2.0698584118951273e-13
sub-03,92,23.968202592054816,2.184722903226089e-12,4.65510573648339e-13,9.093019589596166e-13,1.6083842944870804e-13
sub-03,93,27.099909218653465,6.586860023669255e-13,4.69189636476599e-13,3.979631044111105e-13,1.864096100441121e-13
sub-03,94,20.739513955421376,1.631317429417897e-12,9.616309587749035e-13,2.569907644057419e-12,3.325490015471859e-13
sub-03,95,17.069218879983232,1.2939298301879983e-12,7.078630414589319e-13,1.849961733952176e-12,1.3817431628304956e-13
sub-03,96,20.77868022767217,1.682589807895879e-12,5.620265081441166e-13,5.787999025090338e-13,1.953120497717608e-13
sub-03,97,23.401897950686863,1.1204706012617712e-12,4.0433774814213506e-13,7.406844776169143e-13,2.4621852023112594e-13
sub-03,98,23.084385777788793,1.4700142655231544e-12,6.766035572818341e-13,6.767347640161282e-13,2.207375193865635e-13
sub-03,99,23.609022054061583,1.1717157927180605e-12,4.658218006482614e-13,9.65118280468535e-13,1.8066380899004702e-13
sub-03,100,15.798458417886767,1.0739150046000359e-12,4.743415655491334e-13,8.496799566592741e-13,1.347840647611305e-13
sub-04,0,20.748749291250313,9.742633149773551e-12,8.141021437607273e-13,1.1365398414312726e-13,9.812070251108741e-14
sub-04,1,20.083232568499845,1.847191327687434e-12,3.0168715549747857e-13,1.4734403775165497e-13,8.482310332161701e-14
sub-04,2,19.67331634317957,1.4846192746597284e-12,3.2516656332028726e-13,1.413208090719037e-13,1.11427170653622e-13
sub-04,3,22.136171079980954,4.578887632740756e-12,5.158272712146751e-13,1.6320774633557672e-13,9.424986665053013e-14
sub-04,4,18.27013989676247,1.0986593700120944e-12,2.4325520712094e-13,1.4920264877911236e-13,9.290447065360007e-14
sub-04,5,21.04318077996308,8.766539844953031e-13,3.252900882886779e-13,1.7626533983172637e-13,8.14598737608498e-14
sub-04,6,16.789390580977432,1.7230452358143979e-12,3.353450878758049e-13,1.4246857083218317e-13,9.90843435268297e-14
sub-04,7,16.47701363790218,1.0763510376389816e-12,4.314939448673554e-13,1.1704148838059738e-13,9.545288317636441e-14
sub-04,8,19.068119280415747,9.299939722779587e-13,5.905273799355772e-13,1.5880971285343078e-13,1.2417176061303537e-13
sub-04,9,20.216130675292927,1.563211996434979e-12,1.2446482918933737e-12,1.892276649863095e-13,1.032080105314043e-13
sub-04,10,17.15966952215226,9.130907924374523e-13,2.838280636987047e-13,9.825230635756635e-14,9.155456652040885e-14
sub-04,11,18.481355775716253,2.0230731051756307e-12,4.4396564296998003e-13,1.1594748439111469e-13,1.0657587688529839e-13
sub-04,12,18.97894721646686,2.0310605520108134e-12,4.848423077248597e-13,1.0153425742163353e-13,1.0460485316782892e-13
sub-04,13,14.377921548277342,2.4425755802821954e-12,1.0448232596397196e-12,1.6772988622848155e-13,1.3723434521283258e-13
sub-04,14,19.282554486692998,1.8577980051150245e-12,4.60973941127864e-13,1.0814598246002074e-13,1.220434034668347e-13
sub-04,15,20.56734644174793,1.548757605321633e-12,4.458611546702448e-13,1.483215769852426e-13,1.2060147084223668e-13
sub-04,16,20.14236098446378,2.171087565287942e-12,8.029627725272511e-13,1.7113911670160208e-13,1.324412787857045e-13
sub-04,17,20.578071063134402,4.691904437733626e-12,8.733364328493777e-13,1.7050688690152707e-13,1.0673250704511063e-13
sub-04,18,16.134141425674354,1.701994707033336e-12,5.358295098064163e-13,1.3116846253556463e-13,1.1644541618217577e-13
sub-04,19,16.466240037267553,8.000577596298517e-13,5.955010283997546e-13,1.4712312991421297e-13,1.1828403445270778e-13
sub-04,20,19.515461081343467,3.686098556530695e-12,9.357552862537273e-13,1.962431647588032e-13,1.1346435853784905e-13
sub-04,21,13.67238118314864,1.5519167561892532e-12,5.353728603506435e-13,1.4751126631690724e-13,1.222672882493368e-13
sub-04,22,17.01649975965679,1.9810844825834792e-12,5.711685293932185e-13,1.3144106544937733e-13,2.0051523124820292e-13
sub-04,23,19.96542672491796,1.0655559488775919e-12,2.777501366046507e-13,2.2425682368924286e-13,1.0881733555085028e-13
sub-04,24,17.61106467956458,1.9145698041589388e-12,2.382408442652498e-13,1.1132216580237351e-13,1.2680603810928418e-13
sub-04,25,15.0237173386423,1.590208298987736e-12,3.795711638115793e-13,2.2194377591505037e-13,1.50318059845371e-13
sub-04,26,20.377384492460333,5.405397826796283e-12,3.888772763065227e-13,1.8808330286501028e-13,1.3566602738857358e-13
sub-04,27,18.75652906293306,1.3994393617540489e-12,9.651635065176982e-13,1.702938598756143e-13,1.4681859027271645e-13
sub-04,28,19.620083912133328,3.4662319407071018e-12,9.398295138824977e-13,1.4996485083822751e-13,1.6379602085996855e-13
sub-04,29,15.23122325750055,1.1685262533326666e-12,2.6019028233283257e-13,1.0884944846790388e-13,1.276764556747217e-13
sub-04,30,18.627962422257372,3.0123347096301048e-12,2.2625062232359566e-13,1.063680543299661e-13,9.952597431353072e-14
sub-04,31,23.598223552268777,1.6645093187330585e-12,6.746590808527434e-13,1.5665726591529975e-13,1.1842297303940556e-13
sub-04,32,16.027794669574455,8.523909810874798e-13,7.329593233564318e-13,2.293056310314964e-13,1.378350814511609e-13
sub-04,33,29.86116705815367,1.4363935745676044e-12,4.0487709288344624e-13,1.5340572485977426e-13,1.406747030990237e-13
sub-04,34,22.396906711360977,3.0391531060655076e-12,4.99308342175599e-13,1.5087209812789405e-13,1.1528368499498969e-13
sub-04,35,16.252433849668012,2.193571929971463e-12,3.220448660053672e-13,9.14179225256226e-14,1.275335469721991e-13
sub-04,36,18.16723640501467,9.450690492298696e-13,5.339084413716374e-13,1.4066576313556332e-13,1.368004313741012e-13
sub-04,37,15.353366864722188,1.0183006782143774e-12,6.134789060801878e-13,2.055581259476303e-13,1.2343116801680541e-13
sub-04,38,24.236952678801387,6.460717731184727e-13,1.9723604553332498e-13,1.4770261926012052e-13,1.1650374790454068e-13
sub-04,39,21.354495431323304,1.2913288580821453e-12,7.847810202444383e-13,1.40258332753722e-13,1.2978804813103163e-13
sub-04,40,19.152760049512572,1.3288521034038274e-12,2.593728324722069e-13,1.2062905957684267e-13,1.1595577194867347e-13
sub-04,41,14.6897499864814,2.1535084090588734e-12,4.929248094663009e-13,1.507406872190119e-13,1.3597153106356857e-13
sub-04,42,15.626664773022684,1.225449747556428e-12,5.306534552881456e-13,1.543571190137205e-13,1.2595868898315168e-13
sub-04,43,18.119074951187187,1.7487896774910773e-12,5.039839004246507e-13,8.252277924647995e-14,1.2244044530744095e-13
sub-04,44,26.11422498699821,2.3205968051972547e-12,8.891500406811139e-13,1.4523881181743788e-13,5.79522210756619e-14
sub-04,45,15.11880297428266,1.5627554995722666e-12,4.834769505313407e-13,1.5357208619930952e-13,6.19548652382102e-14
sub-04,46,20.12855837401583,1.8107210452916829e-12,6.566282165899324e-13,1.435760419115251e-13,8.969659747755015e-14
sub-04,47,17.705851296762507,1.0154520259814712e-12,3.525304626533484e-13,1.348295835357512e-13,9.885543000334025e-14
sub-04,48,21.471551659853027,1.1573610570356829e-12,5.611778733599569e-13,1.5632470249189502e-13,9.513072264124481e-14
sub-04,49,17.702709804091466,1.3696362218227014e-12,6.047860636878956e-13,1.5033180115849402e-13,1.158852744755008e-13
sub-04,50,12.601911504825466,3.0939807648979164e-12,8.276852378229629e-13,1.8664801641136973e-13,1.1236409348695329e-13
sub-04,51,14.011124810743235,1.202360096636264e-12,3.661426838932238e-13,2.1636010877729598e-13,1.0647332882182158e-13
sub-04,52,16.973841900621434,1.2945179942687847e-12,8.103210642331491e-13,2.3506643970902777e-13,1.253966925261754e-13
sub-04,53,18.75274787032713,1.0876213970257533e-12,7.348878672227749e-13,1.1894222662287128e-13,8.649852829430725e-14
sub-04,54,14.484050880081316,1.248546673201375e-12,3.606868567366118e-13,9.962374702153599e-14,1.0305328178421274e-13
sub-04,55,16.11551639139957,3.622955994134236e-12,3.6328463823664416e-13,1.167671365292399e-13,1.1459554389279368e-13
sub-04,56,17.609798263682894,1.1014774583116756e-12,4.907561842139082e-13,1.016024426006563e-13,8.981231723413047e-14
sub-04,57,20.410485621567833,2.694480439947369e-12,7.286558953133829e-13,1.8123422896719105e-13,1.1088286483915819e-13
sub-04,58,16.028796601664617,9.163391797050225e-13,3.9844991509463115e-13,1.8920731523266272e-13,9.271576472999242e-14
sub-04,59,15.92988769486754,1.3427299606358863e-12,3.877959808697837e-13,1.2710728792951404e-13,9.057470390828492e-14
sub-04,60,14.04473800743142,2.02668268298553e-12,3.8816111233433837e-13,8.457048912074366e-14,9.709596076735495e-14
sub-04,61,16.857835870160976,1.845642905834395e-12,3.9763130204277926e-13,1.1184958616076714e-13,8.464510774482665e-14
sub-04,62,14.577050251386714,9.141048609458059e-13,5.155825356718246e-13,2.425270438899774e-13,7.378430097171242e-14
sub-04,63,16.402660092363828,2.0975872304812043e-12,6.790978644032967e-13,1.5686973583455687e-13,8.438666884269272e-14
sub-04,64,13.416641002786454,2.7034840760528414e-12,2.579971318995988e-13,1.288668393562859e-13,1.284140895457159e-13
sub-04,65,13.51314053548905,2.6758817446197373e-12,2.603251541043306e-13,1.8210757021173485e-13,1.0674750213537563e-13
sub-04,66,14.20724639841757,9.921034631938062e-13,4.077239129028902e-13,1.1950408601056504e-13,9.344953867346516e-14
sub-04,67,17.9196493806771,9.251002908929108e-13,2.461250458511874e-13,1.421654588429559e-13,1.1336677222450044e-13
sub-04,68,15.51053639282936,1.367916981545297e-12,4.1068765468427196e-13,1.1061900108174958e-13,1.1221766559219057e-13
sub-04,69,16.18268419282479,7.029380140167944e-13,2.5402513199140737e-13,9.379638127267315e-14,9.22622017051125e-14
sub-04,70,16.4500514914556,5.88461524052192e-13,3.782801298455234e-13,8.180755414035342e-14,7.448025865024309e-14
sub-04,71,15.242608879947166,9.84693473307605e-13,5.648131130617114e-13,1.1429642235460808e-13,9.276719192999277e-14
sub-04,72,15.345620994774704,1.7721891444639737e-12,3.265744604515515e-13,1.5041558165406206e-13,8.76594285037423e-14
sub-04,73,14.098904516921063,3.3955408700342405e-12,5.406791268431329e-13,1.0937269708651557e-13,8.688722743960003e-14
sub-04,74,14.556512589424798,4.646756798169922e-12,3.2998197649154357e-13,1.1889537503469767e-13,8.487430885767755e-14
sub-04,75,17.34821319435648,1.2977897336889401e-12,3.306944216087866e-13,9.87424650295088e-14,7.607055202954625e-14
sub-04,76,16.073038292084945,2.516214810834559e-12,5.156799732754203e-13,1.8335592345946755e-13,8.344348500850634e-14
sub-04,77,15.451206495788997,5.891258032366161e-12,1.0071198159194557e-12,1.441738026708086e-13,9.267656418376463e-14
sub-05,0,15.378789993137666,3.920210453984471e-12,7.356360659947909e-13,3.943268290619904e-13,1.0551088430482638e-13
sub-05,1,14.51439433728039,2.6085198758003176e-12,4.878111184253775e-13,2.417066518051334e-13,9.86404642952059e-14
sub-05,2,17.99378065686954,2.370417789575837e-12,6.071503452646467e-13,4.165256184976068e-13,1.5952080023100994e-13
sub-05,3,14.811027965302099,1.0693620662059202e-12,3.5906384611782973e-13,1.3958074545363726e-13,1.4718397202000943e-13
sub-05,4,12.84401364960601,2.489807508023705e-12,7.454825431621151e-13,4.073506760535272e-13,1.625876146746454e-13
sub-05,5,11.351553193145605,9.397664872168976e-13,4.046293932604881e-13,2.9524770109334214e-13,1.267380886115243e-13
sub-05,6,12.780845760440688,2.158856332752044e-12,4.907811862716624e-13,2.7596036037894076e-13,1.1718154310612655e-13
sub-05,7,13.870858282427251,1.1663579529245876e-12,6.269553135916877e-13,2.2690177646505103e-13,1.4171294969879569e-13
sub-05,8,17.636858659736394,2.5402165061912403e-12,4.724897752582056e-13,3.0792100062613315e-13,1.5001350002103059e-13
sub-05,9,14.25991053787056,1.0160031984554294e-12,6.232151918204408e-13,2.1251634972948665e-13,1.4489932550372809e-13
sub-05,10,12.758930355262235,8.725262011326452e-13,6.177909796481897e-13,5.381118865679436e-13,1.8529736344556753e-13
sub-05,11,11.314418607257338,8.379512910046272e-13,3.048400730438915e-13,2.2061478241041466e-13,1.9595479141080136e-13
sub-05,12,15.008790338954846,2.339264776486265e-12,8.513377594989358e-13,2.729553677228856e-13,1.9177096190347272e-13
sub-05,13,13.761398429785686,1.1320311217638663e-12,3.5054926378931324e-13,1.6814171356962194e-13,1.490186012769717e-13
sub-05,14,11.977510407935954,3.0177384734162807e-12,8.993096582949589e-13,2.577473597036325e-13,2.2820506390146925e-13
sub-05,15,14.994875824291308,2.906509569246847e-12,5.2029549473733e-13,2.717493078185081e-13,2.181542263915326e-13
sub-05,16,14.742361822913312,6.3862028990297e-13,6.608415626898794e-13,2.516908821238492e-13,1.5745019367459915e-13
sub-05,17,14.413614666638745,1.5646148668979035e-12,2.322985690707607e-13,1.4388984895440339e-13,1.6994831290299325e-13
sub-05,18,13.641507046617763,1.7160630251431873e-12,6.909673050022207e-13,2.1072882130765508e-13,1.5745563000122823e-13
sub-05,19,15.187681795008466,4.319755301102516e-12,5.830693582756075e-13,3.835838104373794e-13,1.7773900020031002e-13
sub-05,20,14.267360411716014,1.1402179497020438e-11,1.3210323367080547e-12,3.119374031030477e-13,1.852854304043268e-13
sub-05,21,16.858337356738765,2.900176897484663e-12,8.275404201213284e-13,2.5889217946767525e-13,1.7934979661476698e-13
sub-05,22,14.01112898936708,1.7706116082787659e-12,3.5403881936023725e-13,2.4696177169622317e-13,1.6028004874191145e-13
sub-05,23,25.398402460784315,1.1649034323103312e-12,9.608548694844127e-13,3.3854430203813743e-13,2.2850585784232074e-13
sub-05,24,22.398271532280994,1.6619930979699736e-12,5.662449896315566e-13,4.1472403912467575e-13,3.3201438654076904e-13
sub-05,25,12.77914683075906,1.4942840051132071e-12,2.8280374410119624e-13,2.5984932295297483e-13,2.655341147890398e-13
sub-05,26,15.6240584296752,1.780783403610188e-12,3.404702874510945e-13,4.1028232876681085e-13,1.5889088923104e-13
sub-05,27,11.814798643092415,9.275311357413533e-13,4.317884180662276e-13,2.1408828703951954e-13,1.4698258165401383e-13
sub-05,28,14.826934903835024,1.9164996169265633e-12,4.666653096797135e-13,2.014904375938039e-13,1.2916169327074e-13
sub-05,29,16.232708801441166,7.184022551994322e-13,4.145400754644076e-13,2.50424236183965e-13,1.2147004455767145e-13
sub-05,30,17.504586685521865,2.05738123381315e-12,5.779290762266446e-13,2.9215192447563714e-13,2.6605718160068815e-13
sub-05,31,13.45206632734745,3.5049672058502334e-12,1.1441429312665895e-12,4.028698853566712e-13,2.1538888707616411e-13
sub-05,32,12.147328815725468,2.6995871077947186e-12,6.959641085478112e-13,4.1079346756788216e-13,1.5438463706302704e-13
sub-05,33,12.173748106449219,2.8804587857875056e-12,6.326669475422822e-13,2.577465561027979e-13,1.784578654054211e-13
sub-05,34,15.332216384103518,2.086109093981337e-12,5.953409187000215e-13,3.9407445584933384e-13,1.7174579096299137e-13
sub-05,35,12.125483103502706,7.635538358981607e-13,6.364969666678263e-13,2.531799810834663e-13,1.7103448567861564e-13
sub-05,36,21.85618662214049,1.1253899522799139e-11,6.061146567041663e-12,3.078094383436655e-12,1.145066977590555e-12
sub-05,37,26.565038977529195,1.3924115557100072e-11,3.4955134276957976e-12,2.6097969775904214e-12,4.973869928638933e-13
sub-05,38,15.9307812431516,1.375531003800491e-11,3.1309564188048164e-12,1.5863929722676917e-12,4.841595289564614e-13
sub-05,39,92.57624952216575,4.245827101156601e-12,2.4909087040804436e-12,9.58292586547551e-13,3.728295643429114e-13
sub-05,40,36.42883977830889,1.0769131697962554e-11,1.206950050789412e-12,7.536774687854554e-13,4.0177966522345984e-13
sub-05,41,20.58144164120843,7.637034090497074e-12,1.0973527978045875e-12,4.590938752451184e-13,3.3329666836553525e-13
sub-05,42,39.21893129564658,5.965321421708421e-12,1.34439206084862e-12,4.4702896510068803e-13,2.9142270794588553e-13
sub-05,43,52.51565340222051,2.9548214769088358e-12,4.099540404249195e-13,2.0085946831652713e-13,1.533114585241137e-13
sub-05,44,12.881205345257028,1.5494804078988628e-12,6.837892988218498e-13,3.127529653661324e-13,1.4146583102908362e-13
sub-05,45,14.07277608469159,1.5780052315375514e-12,8.479337109394021e-13,3.8625449275961117e-13,1.4066182133511414e-13
sub-05,46,15.477148175138929,1.8248022458871515e-12,3.577520664975094e-13,4.96572084657192e-13,2.1707453301802939e-13
sub-05,47,14.427113803725797,1.1999992481419891e-11,1.3746647871386132e-12,3.213992622229438e-13,2.4692365768516393e-13
sub-05,48,13.942017270543724,1.5034088990137102e-12,6.320491024113446e-13,4.000514356990121e-13,1.6457059509271963e-13
sub-05,49,10.67713092234855,8.000230677256516e-13,3.9969975169020465e-13,2.1051990683550523e-13,1.5213376756125327e-13
sub-05,50,13.294150866796906,9.966739580273533e-13,3.9919073862375113e-13,2.704093516919644e-13,1.5083957426238261e-13
sub-05,51,15.92350085612176,1.3199746997350574e-12,1.2300203091028815e-12,3.5733010350760906e-13,1.8805633812048185e-13
sub-05,52,15.436721212428195,4.63878784029229e-13,3.3379626807261947e-13,1.9092166393793546e-13,1.622383130229898e-13
sub-05,53,13.274243362587955,5.6844169661778364e-12,5.398022679528516e-13,2.860184881135301e-13,1.3839864956800258e-13
sub-05,54,13.820009347128702,2.7127845881113607e-12,6.121677361342613e-13,1.6441027677132298e-13,1.7134436809946433e-13
sub-05,55,17.148162333363906,1.3728046368971823e-12,6.358475228881147e-13,2.544764698396071e-13,1.471496071796283e-13
sub-05,56,12.695171762521335,1.1800437281082933e-12,4.5156517885487027e-13,1.8076250108817403e-13,1.3940452560082547e-13
sub-05,57,12.934252205444977,1.993358876231022e-12,4.575152967419363e-13,2.7922173516061856e-13,1.9532968715432467e-13
sub-05,58,13.710483793883197,2.4080836922275207e-12,4.0491914655206823e-13,2.321193078590082e-13,1.9110587440473222e-13
sub-05,59,14.100794182614827,1.372998857043185e-12,2.703982633926876e-13,1.9528701778284796e-13,1.5501487805717644e-13
sub-05,60,16.04819021727192,1.4727822536173137e-12,3.055774188492416e-13,1.7746317312768297e-13,1.335422744524252e-13
sub-05,61,14.2487546961682,1.3157959404697482e-12,4.591846658827424e-13,1.4663430066097382e-13,1.7419856355881272e-13
sub-05,62,16.777140390676617,1.297528166658066e-12,9.068514597765559e-13,3.486373295195351e-13,1.85810812468817e-13
sub-05,63,16.130584275365237,1.825148331949966e-12,8.729974063082794e-13,2.1399911757315427e-13,1.2893434461775153e-13
sub-05,64,14.340576906517278,1.6510705457649076e-12,1.0536215181508851e-12,3.504260810803334e-13,1.7994228256316143e-13
sub-05,65,13.179098430317785,1.3043842136938934e-12,8.094589955152893e-13,1.6617752726900854e-13,2.0835145386891797e-13
sub-06,0,13.044498331678243,2.4373495467362196e-12,7.278336973526676e-13,3.2959122331013813e-13,1.3815083994111881e-13
sub-06,1,16.269146945927716,1.2047705944804912e-12,3.833543537434115e-13,1.4473699069864e-13,8.970767216109614e-14
sub-06,2,15.106694947080623,7.512286847390074e-12,1.2518687342141004e-12,2.824341460089117e-13,1.1381023312830708e-13
sub-06,3,13.484036776025098,1.8113620910338176e-12,5.276796110933437e-13,1.3288071182259574e-13,1.2426879863800936e-13
sub-06,4,13.53960551637697,9.40232062628424e-13,2.757554466628318e-13,1.6792779364333948e-13,1.1787839867124909e-13
sub-06,5,18.001067142488512,2.152093366916729e-11,9.935400422287464e-13,2.465580856325179e-13,1.1662432553420465e-13
sub-06,6,17.757845760866374,7.332835732204026e-12,6.461035309439923e-13,1.1677794205353037e-13,1.2136399868111238e-13
sub-06,7,24.70773148938409,1.8374354253026416e-12,5.344094135872353e-13,1.9552698661122508e-13,3.9198775191551664e-13
sub-06,8,19.10868639278252,4.139230959954764e-12,6.163872724528427e-13,1.1969614453995194e-13,1.012383089451255e-13
sub-06,9,21.854006834684217,6.367749986534618e-12,1.1348418790559966e-12,5.292015313054676e-13,2.0498633257784536e-13
sub-06,10,22.423954738742296,1.3949315137233953e-11,1.3804491572739433e-12,3.219925520411349e-13,1.8304499758976397e-13
sub-06,11,16.821954878415774,6.9619044101430754e-12,7.022686433297587e-13,2.426828325136153e-13,1.3722655016457705e-13
sub-06,12,13.8244678478778,1.5410200559009821e-12,5.246729066554323e-13,3.219629313595582e-13,1.4643593301992822e-13
sub-06,13,18.475484858819406,1.3229027868140695e-11,1.3391071867061703e-12,2.778383906318147e-13,2.3484376440745753e-13
sub-06,14,18.049753109594224,1.0869705908827593e-11,1.133991762954776e-12,3.5012149944050737e-13,1.7284756168201152e-13
sub-06,15,23.84787952861396,4.038661993804046e-12,9.542283837282648e-13,3.2578596761769674e-13,1.1249074786470205e-13
sub-06,16,19.255130902898443,1.9357174639219896e-12,3.467386238624228e-13,1.8290905768646516e-13,1.0859468423516956e-13
sub-06,17,19.315909991280215,1.6049883673266628e-12,3.8036249592120253e-13,2.924543623816788e-13,1.1700984010820337e-13
sub-06,18,18.30782667099514,1.0292270387810953e-12,3.6963087640907033e-13,1.286858342295289e-13,1.0696150321679267e-13
sub-06,19,13.817219438251772,6.608968092563035e-13,3.4369174320328604e-13,1.9905674908111437e-13,1.3741072052664212e-13
sub-06,20,13.412734174644564,1.1863092859898669e-11,1.027463037425737e-12,2.0967037949862728e-13,1.040521123536322e-13
sub-06,21,13.44426070826212,6.721628483747003e-13,4.1702675769692836e-13,3.849798196223446e-13,1.9526702920170682e-13
sub-06,22,14.1836614026558,1.205568320837767e-12,6.712782211626605e-13,2.5258685041844867e-13,1.5863292483564155e-13
sub-06,23,16.651647383077787,9.125830812116069e-13,3.438544349763154e-13,3.343137460022365e-13,8.982241596790746e-14
sub-06,24,14.739005073397923,8.139574484455868e-12,5.301955276192354e-13,1.6032801117260877e-13,9.959389235497664e-14
sub-06,25,14.376199564052822,1.1564967651508147e-12,3.2473003955749625e-13,1.4379613197712386e-13,7.867862012135547e-14
sub-06,26,16.306873743850517,1.939139145453755e-11,1.8356233758230885e-12,2.389918288790402e-13,1.4283270335109855e-13
sub-06,27,19.13579163393644,2.268891739794389e-11,8.574143338200937e-13,3.595246496390402e-13,1.5518630621590084e-13
sub-06,28,17.72786482140471,4.3911332770653896e-12,9.32251877727066e-13,2.9006868018456314e-13,1.4774665373943188e-13
sub-06,29,16.128561740593334,2.7707421910011825e-12,9.350139974909422e-13,2.2431100007363246e-13,1.5422314854878262e-13
sub-06,30,14.926900631308078,1.4568521612318862e-11,1.2077036937177273e-12,2.5318097221650896e-13,1.150799015095927e-13
sub-06,31,13.716468647821715,2.9568542518991428e-12,3.066562861005631e-13,1.5939538481833745e-13,8.874134012802183e-14
sub-06,32,12.823942304171402,1.8355156380534417e-12,3.165349178995127e-13,1.1027548550274349e-13,1.2034741048680787e-13
sub-06,33,17.79846915973099,2.0902382936244214e-12,3.342424832394275e-13,2.111432167304296e-13,1.2123244024800612e-13
sub-06,34,14.476812838802394,9.876639492668388e-12,1.955611685358327e-12,3.0407236288950805e-13,1.5016361303203776e-13
sub-06,35,16.381260409802508,3.101851079784118e-12,1.609295010086751e-12,3.6759830825008965e-13,1.8689564993581444e-13
sub-06,36,25.773562756928474,1.0041290028345636e-11,1.0440466331944426e-12,1.8224765653696936e-13,1.6813416163737905e-13
sub-06,37,17.582976740371027,1.2463939972125641e-11,1.7003155942163221e-12,3.045072138828107e-13,1.356079203105003e-13
sub-06,38,18.88445113473418,1.2714662788370022e-12,6.912482944038745e-13,2.821534308969171e-13,1.9798902939513814e-13
sub-06,39,17.556816607074232,2.6247537642361328e-11,2.7880110457752757e-12,3.843290080897641e-13,1.9528648746612042e-13
sub-06,40,14.812404885671198,1.1605139951326783e-11,1.1231495566390538e-12,2.612360696279622e-13,2.654895881264507e-13
sub-06,41,21.482405171547963,6.7351425048423296e-12,1.019322311265232e-12,3.4895011953374496e-13,1.8929027275800773e-13
sub-06,42,14.836408517427381,9.784349909431439e-12,8.983002242600218e-13,3.382491158976394e-13,1.6118031748121233e-13
sub-06,43,14.961037530572428,9.76370816702458e-13,2.5582900867976365e-13,1.9866619991836073e-13,1.0906620095880903e-13
sub-06,44,16.68286999161958,2.0690605892752334e-12,3.5537288393391874e-13,1.9234668080262869e-13,1.0891497132392558e-13
sub-06,45,30.56531049486223,2.3300672276896852e-11,2.119448542301548e-12,7.107573594426934e-13,6.197574766724438e-13
sub-06,46,17.105425181975527,1.0264165066746037e-12,6.171761351128209e-13,4.3864673802119254e-13,3.135793679811221e-13
sub-06,47,18.755722017349658,2.062940294848286e-12,4.4273372413490923e-13,1.7022132931636615e-13,1.0778143180314098e-13
sub-06,48,15.306094947463166,1.5719883735977606e-12,3.9505480405398276e-13,3.0323862586865045e-13,1.3249950189238422e-13
sub-06,49,14.150396499008867,9.762981122414569e-13,3.174977059814122e-13,2.878617156276337e-13,1.286397675251495e-13
sub-06,50,23.166166725638092,8.131422616142288e-12,8.78890089666558e-13,2.2071569214481783e-13,1.792329337445264e-13
sub-06,51,19.231452794930114,1.0848697346847694e-12,1.8485195655194158e-13,1.524102527871197e-13,1.49941992303606e-13
sub-06,52,18.357003009621295,1.4814606414165594e-12,3.9926083183291907e-13,2.275662071713567e-13,9.927399952827985e-14
sub-06,53,19.206341279924505,1.5953110746743394e-11,1.6839706272959437e-12,3.1282281816439317e-13,9.842430583025263e-14
sub-06,54,13.903145532046546,6.524017922330462e-12,5.80838122248724e-13,2.3358224952573444e-13,1.3051605947010086e-13
sub-06,55,12.757001759720533,1.1745423721915197e-11,8.730676968964617e-13,1.6846654386202371e-13,1.2016527488129323e-13
sub-06,56,14.395461489735979,9.86698949112329e-12,2.770384537697815e-13,1.5556907398099708e-13,1.753236779111011e-13
sub-06,57,12.919536205849816,2.224166354258914e-12,3.6642578163554056e-13,1.1495781273774533e-13,1.221921733836777e-13
sub-06,58,18.94520581010859,9.497466932007454e-12,1.1853704101609861e-12,2.1120291306349075e-13,1.3026212636996595e-13
sub-06,59,33.78955742681198,1.7519757113296476e-12,3.2283294485635466e-13,3.981141394357031e-13,2.074317417091769e-13
sub-06,60,17.066350634018857,4.974530303025696e-12,7.595750962273318e-13,2.613868669475972e-13,1.0139334209673458e-13
sub-06,61,21.610686831470694,2.979911533215122e-12,5.587177532827727e-13,1.2656535150990888e-13,1.0077348636397094e-13
sub-06,62,18.01865675914036,5.7435495999096635e-12,4.610554544981258e-13,1.7704748653533547e-13,1.304787402470469e-13
sub-06,63,13.845990275771504,5.787982161791459e-13,2.8222876245200706e-13,1.5891618408179745e-13,1.1667201907138168e-13
sub-06,64,38.974780666890226,2.4357674795680258e-12,5.053866258227549e-13,1.0885086715807789e-12,2.8680927612295413e-13
sub-06,65,16.326237330521483,1.814758874966214e-11,5.003155202492237e-13,2.592399292649649e-13,1.2868172453097168e-13
sub-06,66,14.687854863283809,6.478331904156719e-13,4.492276279515312e-13,1.8175215455281134e-13,8.747869933088697e-14
sub-06,67,14.003460336917518,6.268118661915005e-12,5.872721595853229e-13,1.5748240534278116e-13,8.107558781883883e-14
sub-06,68,14.170655640995129,5.058114214588962e-12,9.456321259359475e-13,1.6708587974754218e-13,9.788945084219631e-14
sub-06,69,19.203458463135323,7.792080044255381e-12,4.181111726457984e-13,2.225917071092725e-13,1.3671184599530138e-13
sub-06,70,15.414932641651108,8.739957427842572e-13,4.847519984782945e-13,2.8810576000407636e-13,1.102729706771068e-13
sub-06,71,21.21696028360116,2.771326898777387e-12,6.03201956081683e-13,1.3925287295480283e-13,8.734841546635855e-14
sub-07,0,21.3364260664704,3.1379536540660867e-12,1.1450277080168823e-12,6.620298008978803e-13,3.1562495140115803e-13
sub-07,1,28.616725264434216,1.7090242511711404e-11,1.2164106363832973e-12,8.273107727268999e-13,4.833545555820861e-13
sub-07,2,74.12380513511015,4.994883761853835e-12,1.0649870931050124e-12,7.308013333653258e-13,4.099292420694641e-13
sub-07,3,28.558850344014253,2.1079061710888492e-12,3.618148356081091e-13,3.4217195185476906e-13,1.2900000998754154e-13
sub-07,4,22.936546201644894,7.055616426267912e-12,7.616186814663852e-13,6.62265123839434e-13,1.1252136817072587e-13
sub-07,5,24.536443167908843,1.0772102159889641e-11,1.7969204105650674e-12,7.346534339016069e-13,1.1532304049199153e-13
sub-07,6,22.343116214648173,8.394106926202261e-12,1.3573599130091136e-12,5.464616580950016e-13,1.196525326430262e-13
sub-07,7,20.229280789538677,4.713720357982051e-12,1.1103469254871068e-12,4.748799990320399e-13,1.4684354045076022e-13
sub-07,8,24.923002348233233,5.551582623596447e-12,1.126396019348674e-12,1.3038439800831752e-12,2.2510086416117917e-13
sub-07,9,20.19692163585413,1.1591927430933545e-11,1.94103228979059e-12,1.216600953023541e-12,2.0466247521292007e-13
sub-07,10,20.918130684947734,9.775951206639153e-12,1.5293096882780303e-12,7.296498564884487e-13,9.070880312675295e-14
sub-07,11,21.09798895540154,2.298000818863921e-12,4.1432146211514314e-13,4.028694224916986e-13,1.191018707713859e-13
sub-07,12,24.924764024592392,3.276403783047406e-11,5.0688498967524365e-12,1.0233490639457418e-12,1.5229673141059936e-13
sub-07,13,19.4224987391315,2.2887988855493192e-11,1.2816469238989103e-12,2.4782134263637833e-13,9.366131046116482e-14
sub-07,14,20.996124335123813,3.995069212345084e-12,5.346111605717278e-13,3.9300929526438727e-13,2.128616444714498e-13
sub-07,15,19.51435092681282,1.328455161749926e-11,1.3981542847040087e-12,5.725193988808883e-13,1.9620510146322316e-13
sub-07,16,22.179118244346643,2.051881112979018e-12,5.685303997388702e-13,2.9727976235758305e-13,1.3655609225955758e-13
sub-07,17,23.669706232145884,2.6400531440350666e-11,1.8108561834830967e-12,8.671794666863805e-13,4.580104298563815e-13
sub-07,18,20.034634376277328,1.7726740135414802e-12,3.5870585015130884e-13,5.141767696783236e-13,2.051076449294664e-13
sub-07,19,21.55421526606128,9.889728519649474e-12,1.6844093474572788e-12,5.830508590513147e-13,1.326787312431384e-13
sub-07,20,21.221937464131866,7.874458447563427e-13,2.0345705645192799e-13,3.608099247477628e-13,1.0095751760511331e-13
sub-07,21,16.56357092227358,6.3812290319533094e-12,1.048376071246061e-12,5.915357450272166e-13,1.9194171075040513e-13
sub-07,22,19.3030630472337,7.414243768673393e-12,1.0492836503211022e-12,9.175413707845815e-13,1.4721994141895583e-13
sub-07,23,23.358474543794834,1.9946671608121825e-11,3.9851810713491786e-12,4.556524938958107e-13,2.226554127680002e-13
sub-07,24,18.20815707047681,1.1429991672605361e-11,7.378035484036817e-13,6.999451935315356e-13,3.146169809592987e-13
sub-07,25,17.408388326147513,8.844347701750147e-13,6.298554170252526e-13,7.049651152877365e-13,2.0802185791173617e-13
sub-07,26,16.915488438823264,3.556423893533177e-12,6.589803754145181e-13,5.137009185011444e-13,2.0391085751416268e-13
sub-07,27,20.89465537609809,1.772122975891866e-11,3.3225510522288212e-12,8.321812568331046e-13,2.3216372955580165e-13
sub-07,28,20.192314447801756,1.4842258111325636e-11,1.977816724675899e-12,4.846774501382905e-13,1.6550351785988693e-13
sub-07,29,15.10084775495527,1.6750528592976357e-12,7.014242929395191e-13,8.839637396915634e-13,1.637105891912893e-13
sub-07,30,18.941700397441004,1.5286772790290038e-11,7.733892214186519e-13,1.432308619622815e-12,2.075601625316845e-13
sub-07,31,15.468173342670712,1.4354682425191578e-12,7.306806550824019e-13,7.720426041251627e-13,2.213333484030737e-13
sub-07,32,15.283628227144327,6.8683045862657685e-12,6.969869932663971e-13,9.648643822909764e-13,2.539433425881314e-13
sub-07,33,19.944912050321566,1.6773014122474732e-12,2.388037414016634e-13,9.502750565807434e-13,1.7123625309483443e-13
sub-07,34,19.589341863285316,2.308408359707269e-12,6.080423993384802e-13,1.1525655655673738e-12,1.5983344498241975e-13
sub-07,35,17.350168110821777,2.6773569336125198e-12,7.108087449440892e-13,6.353227823368154e-13,1.5591944004817954e-13
sub-07,36,21.391839251718775,1.1394216282313594e-12,2.068903492469412e-13,5.973612439400633e-13,1.2679490733863803e-13
sub-07,37,36.092580123335836,2.386110767188706e-11,2.415230173149617e-12,1.2148470626404857e-12,3.294757497930635e-13
sub-07,38,69.55419422279104,2.7148310026196723e-12,5.504789117599065e-13,2.9625575953285293e-13,1.6279022166615558e-13
sub-07,39,30.299762746351565,2.422015195540004e-12,5.493516889264377e-13,5.455601202766594e-13,1.5550408468425037e-13
sub-07,40,21.60729644110064,2.6092928783351758e-12,4.100733932188343e-13,4.1892720610865664e-13,1.4122544153378785e-13
sub-07,41,20.64036436928053,1.2764040077788078e-11,3.5050888643207e-12,7.119613459951196e-13,1.785022569724727e-13
sub-07,42,21.856713719684194,5.644394527094882e-12,1.0388464689621088e-12,4.787185202220432e-13,1.885098552029848e-13
sub-07,43,19.29759262872876,1.4381096864484346e-12,2.8894149817517054e-13,6.736664202155373e-13,1.2943390737101857e-13
sub-07,44,17.49401485082845,5.249735914773749e-12,1.2887234689593962e-12,6.730344283504142e-13,1.708002704775257e-13
sub-07,45,21.318558417569957,2.3110548752321873e-11,1.5435229394039783e-12,2.399860215261129e-12,2.708399154611996e-13
sub-07,46,18.6470352450296,1.4393555061116264e-12,4.3188749848694314e-13,1.011246735228634e-12,1.6573494466694906e-13
sub-07,47,19.768535875499772,1.273466530375293e-11,2.3822002299007234e-12,5.961750402095677e-13,1.848899148589191e-13
sub-07,48,19.031571927886013,2.61951638512253e-11,6.267597763616822e-13,4.814651816872576e-13,2.2376009955540242e-13
sub-07,49,19.663016410949695,1.1262295966827706e-11,3.0935522961976228e-12,4.890844908080352e-13,1.9014491048107961e-13
sub-07,50,16.65437305359665,8.856864779225116e-13,2.8363629994800816e-13,3.807339748147654e-13,2.2222966721597973e-13
sub-07,51,18.291849229875904,2.5806250480802605e-12,5.242643943955001e-13,7.659241594091518e-13,1.4589561925517015e-13
sub-07,52,17.866566663329873,1.3534236336715052e-12,4.2556758857110256e-13,6.910103834610641e-13,2.24547841570362e-13
sub-07,53,20.59245472163705,8.252247072911419e-13,3.2152753052801424e-13,4.061532944787015e-13,1.8861869955913365e-13
sub-07,54,16.41335837374748,2.193101543220954e-11,8.164632626125242e-13,6.072101922917314e-13,2.1217728582447053e-13
sub-07,55,44.32232898689571,2.770559055204083e-11,1.502959927214361e-12,1.1925472276041298e-12,2.999194620797857e-13
sub-07,56,22.594632968485445,3.5248633648683e-11,4.00862923433671e-12,7.661866204198997e-13,2.462538266148373e-13
sub-07,57,19.97785581531701,4.45917130970434e-11,4.055898753520371e-12,8.549066230920806e-13,2.2542260445729108e-13
sub-07,58,20.503195237611138,1.1129922613414547e-11,1.196409635483595e-12,1.530487523025793e-12,1.683720547515865e-13
sub-07,59,14.59812710819711,2.8942473393587465e-12,6.734238816180178e-13,6.931719222320506e-13,2.330240610304901e-13
sub-07,60,21.980600484524114,3.559283911941366e-12,6.283537739209359e-13,1.135069726680681e-12,3.336908432679159e-13
sub-07,61,20.304539116872668,3.605483484552602e-11,5.28873096307212e-12,1.0248772187733503e-12,2.6106207442217803e-13
sub-07,62,22.35884729808238,2.3135386890382846e-11,2.743490479367432e-12,6.134252481862773e-13,2.2308762283747003e-13
sub-07,63,17.141361912643713,1.494692083478904e-12,2.819250653377236e-13,7.582414874330389e-13,1.7930625276332828e-13
sub-07,64,19.654282447728363,2.903921746151946e-11,7.430778485362991e-13,7.449709655996014e-13,1.574986516754764e-13
sub-07,65,21.20342955662876,1.2279170766369166e-11,1.0728021998515274e-12,5.414816080350381e-13,1.8579144671103374e-13
sub-07,66,21.294160860890212,1.3137539535170092e-12,2.6293142396059857e-13,3.1434315190631255e-13,1.9335925908168084e-13
sub-07,67,15.950402403141759,2.0599058454373733e-11,3.736508841422309e-13,4.824880572277527e-13,1.4475076672845023e-13
sub-07,68,19.104158012290277,5.079537291154677e-12,1.0979591807711525e-12,4.91409102369829e-13,1.8191876083315507e-13
sub-07,69,18.167289370679047,2.1211715567819884e-12,6.681118795064712e-13,6.814960253720516e-13,1.6333948437155788e-13
sub-07,70,16.71482151488658,7.052675670711882e-12,8.997706855569452e-13,5.379190300232336e-13,2.0955633614716827e-13
sub-07,71,18.749691766228192,8.55356209668709e-12,1.1524058158904008e-12,6.985339132225766e-13,9.902892519509451e-14
sub-07,72,20.78649739381053,8.526055665966754e-12,3.3474667192910375e-12,9.288738616615176e-13,1.4581702163616717e-13
sub-07,73,18.295537710042552,2.4170472529082162e-11,8.35196286083594e-13,1.2477631235553213e-12,1.6269213894971542e-13
sub-07,74,23.847497685020315,8.631177109962626e-13,3.6609212050149514e-13,4.0453293220920975e-13,1.325960705437655e-13
sub-07,75,17.971694017369217,5.597259811512376e-11,1.2977606072410107e-12,1.1137592510335223e-12,2.285794082048787e-13
sub-07,76,18.66125497427519,1.1341736478889388e-11,9.729228865635024e-13,3.8492871925170465e-13,1.72707992102077e-13
sub-07,77,16.362468914683173,1.065778120378159e-11,1.941510329100009e-12,1.0579412584746364e-12,2.5040348494464014e-13
sub-07,78,17.718195538365446,1.6106287973084095e-11,5.219732345016424e-13,6.482069429282127e-13,1.4605347489015664e-13
sub-09,0,29.11931062870471,5.623305680485748e-12,1.2518356512205356e-12,1.5972821198515943e-13,1.5066461634125803e-13
sub-09,1,18.83210650468762,2.970147767262809e-12,6.602432352576987e-13,1.7118514855707965e-13,1.9535820364494003e-13
sub-09,2,14.623282845612787,5.24875090705001e-12,8.099742644331293e-13,2.458989220268096e-13,1.5721772450191339e-13
sub-09,3,12.77528971517105,2.655375805741189e-12,4.3853254053924186e-13,4.1437102100190467e-13,4.178631171479606e-13
sub-09,4,12.70408436054027,1.0529500878030266e-11,1.2943922365919051e-12,2.671437839932266e-13,1.6488686088673762e-13
sub-09,5,11.939470691619126,8.19824981793284e-12,1.7501633638497294e-12,2.267188142286704e-13,1.0468798299830246e-13
sub-09,6,13.169820203640409,1.525585513876713e-11,2.759340229774511e-12,3.088258289259854e-13,1.7093405179811695e-13
sub-09,7,11.828460325142203,3.379193136052276e-12,8.612733998807391e-13,1.331462309949421e-13,8.55381756949113e-14
sub-09,8,14.06357564265093,1.2907952447296471e-11,1.0632423480769446e-12,2.325896430418531e-13,1.4429448828605895e-13
sub-09,9,12.084376323457148,2.0482640017571593e-11,3.1733881829355187e-12,4.927903475934858e-13,1.2326323661842772e-13
sub-09,10,12.788215466893698,4.9556482083112846e-12,5.692872179658196e-13,1.510847282683556e-13,7.381451304720386e-14
sub-09,11,14.523466872570681,1.1262822519411846e-11,2.191269932444726e-12,3.836572690870108e-13,1.849725271763023e-13
sub-09,12,11.370117853373756,9.916665366228733e-13,3.8025476610544077e-13,1.5052697361859642e-13,9.193456727264094e-14
sub-09,13,12.466316953410072,1.8615475037281713e-11,2.9599736835131547e-12,4.690508601866773e-13,1.6541221811307e-13
sub-09,14,13.55793933460335,3.665216356894664e-12,5.913657794803899e-13,2.102629350749093e-13,1.58988296092359e-13
sub-09,15,12.029722791857715,6.145205447176661e-12,4.997080879134821e-13,3.598159824013796e-13,1.308013572499871e-13
sub-09,16,13.678416429193197,1.8937045557311307e-11,3.03680835495877e-12,7.332091299127519e-13,2.2735776607568898e-13
sub-09,17,13.169195595683952,1.2219478115925248e-11,1.4638053330637039e-12,2.364888405226827e-13,1.6856467887754098e-13
sub-09,18,13.403317905704695,1.9680501665563737e-12,3.6944983146646576e-13,1.4768827644225149e-13,1.071854474077116e-13
sub-09,19,12.39287015096884,1.9879405179293296e-12,3.050190732878118e-13,3.3719024073026165e-13,1.4591481644049268e-13
sub-09,20,13.247090441815711,2.7373361652533623e-12,3.5169571927567293e-13,2.0227123590114456e-13,1.1746822861647475e-13
sub-09,21,13.597753484943773,9.173671707617777e-13,2.5590694143628416e-13,1.379287436251396e-13,1.8291074597030137e-13
sub-09,22,13.17384853739312,8.819673271860397e-12,1.0027242182495786e-12,2.6327029759341294e-13,1.0077944855993105e-13
sub-09,23,11.901357241383689,1.7063742221310275e-11,1.1370890918802213e-12,1.9456694887876797e-13,1.3144309846536503e-13
sub-09,24,13.451361995411405,1.7331413832415137e-12,4.4219256775292023e-13,2.400011537996529e-13,9.815050085021838e-14
sub-09,25,16.942514679735673,2.3871776853474925e-11,2.67946144826732e-12,2.3463883345361115e-13,1.9549188933799533e-13
sub-09,26,11.68005456996341,6.030919094793213e-12,1.4890828732850672e-12,3.634681434113286e-13,2.677368844474781e-13
sub-09,27,13.671774518372041,1.2584374336317827e-11,1.285931181037118e-12,1.2833382057952101e-13,1.3052832734749467e-13
sub-09,28,16.574471183308077,3.085302782370264e-11,1.848649199908778e-12,2.158605826396175e-13,1.4869896980470334e-13
sub-09,29,11.900752951832747,2.2891204096333487e-12,2.7958097134315504e-13,1.0717545959870532e-13,1.3665218759149149e-13
sub-09,30,11.447795478854575,6.8597336515984845e-12,8.111527743623374e-13,1.6748343191198581e-13,2.167409700970371e-13
sub-09,31,12.69655881044255,1.1553228545306502e-12,3.6040755843428025e-13,1.7354979086257197e-13,1.1279343894591466e-13
sub-09,32,13.267862027566466,8.00471539707146e-13,4.337472248301714e-13,4.1229837029753854e-13,2.3126550836747777e-13
sub-09,33,11.379853367072464,1.1335385756132538e-11,1.7528193118281007e-12,3.2773769030461575e-13,1.2461310297092808e-13
sub-09,34,13.036929086060278,5.951616111883249e-12,7.317699680485125e-13,1.658306498945802e-13,1.442409682603012e-13
sub-09,35,12.670637480724178,6.525593553132239e-12,7.117663411963963e-13,2.370899231840764e-13,1.7912939027277794e-13
sub-09,36,11.706944185166481,1.7981160535563512e-11,1.6182500434686658e-12,1.4746783273076302e-13,1.1055699693385034e-13
sub-09,37,12.681371100433726,4.512800273716925e-12,6.307210769404617e-13,1.9883600337974442e-13,2.385435856508595e-13
sub-09,38,11.604079535696195,1.6507567403857716e-11,1.2244779938363425e-12,1.2192794650702695e-13,1.1920020054921877e-13
sub-09,39,14.358598943104198,1.7853824056301026e-12,7.952545713972414e-13,1.6612322179251842e-13,1.4187015150218306e-13
sub-09,40,12.569263183393867,5.0990130859925884e-12,4.1305645541207567e-13,1.436414162196022e-13,1.105761502061477e-13
sub-09,41,13.17505343217351,1.2059876324899086e-12,2.750899155652012e-13,1.8375441043046698e-13,1.2955205973480367e-13
sub-09,42,13.43623250671359,4.864048683600839e-12,3.398624303880861e-13,4.421529114578899e-13,2.650941689153239e-13
sub-09,43,13.971088196672547,2.8508111598602603e-11,7.600827002839466e-13,1.76469565355186e-13,1.1369893193319744e-13
sub-09,44,12.435418768829203,1.1786652416539982e-12,4.0457568863555966e-13,1.122921349638391e-13,2.9903497092677004e-13
sub-09,45,17.073669360942468,3.6660448758354345e-11,3.945136821128237e-12,5.190931882265396e-13,2.450972764411086e-13
sub-09,46,13.143262840558968,1.4938428896445274e-12,2.8981991985603153e-13,1.7383502349285398e-13,1.160115975900673e-13
sub-09,47,12.082073823431209,1.3608851358489286e-12,5.487237534916005e-13,8.79824061859208e-13,2.3751582545437767e-13
sub-09,48,11.03375874580307,1.2724843565810967e-12,4.044403842544416e-13,1.1509635405869433e-13,7.955404004333942e-14
sub-09,49,11.256781822143505,9.046723164720384e-12,9.372111844966208e-13,2.2298312007682475e-13,1.346527161242341e-13
sub-09,50,13.333954149764358,1.709256376081463e-11,9.219687184123647e-13,5.35692782693921e-13,2.3404866673182227e-13
sub-09,51,11.806550352605587,1.4817103975665301e-12,2.7333846338146015e-13,1.7289933675209006e-13,1.2397255147417006e-13
sub-09,52,13.224301600354917,8.842194729536214e-13,1.6473148065424244e-13,2.009549608747189e-13,1.8964502407107171e-13
sub-09,53,12.982087238990664,1.6957170603766672e-12,4.821237857860809e-13,1.8003973310940713e-13,1.170550930070775e-13
sub-09,54,14.233782691493639,4.1552942506508774e-12,2.8228209214356485e-13,1.578222442584005e-13,1.3444374703476046e-13
sub-09,55,12.82229434749306,1.7821134015530446e-12,2.486358831555933e-13,1.5257835362867772e-13,1.3383543427992694e-13
sub-09,56,13.849534684371031,2.2553415139772462e-11,1.3438065326331087e-12,1.5469454348478056e-13,1.25434542039057e-13
sub-09,57,11.858882001587826,2.0243950452611907e-11,1.1423279868624563e-12,1.5726455319504644e-13,1.5849630168870024e-13
sub-09,58,12.614483471518739,2.6162855264848104e-12,4.60835346311133e-13,1.4928540074970908e-13,1.6110305798374384e-13
sub-09,59,10.802411672973154,4.0939884006592015e-13,2.5413421511135503e-13,1.8677562220197483e-13,7.288594009018034e-14
sub-09,60,12.049464219056965,1.3480683027819733e-12,2.6963352969652205e-13,2.484925968862287e-13,1.434846941607113e-13
sub-10,0,30.19158398904663,6.720999914049431e-11,4.342295401047673e-12,1.0402779422344305e-12,1.387240588122152e-13
sub-10,1,27.669279933249527,6.897899821247774e-11,1.2652873719064265e-11,9.533133131711135e-13,1.658655641243646e-13
sub-10,2,25.06712650544827,1.625273026029349e-11,9.145128479177517e-13,2.7418607235799837e-13,1.7455005309518412e-13
sub-10,3,23.91320071429657,2.2822199976298793e-11,4.593319299854856e-12,9.055010897099785e-13,1.2376033990816034e-13
sub-10,4,22.521851617509324,2.072677594569817e-11,1.8590722071513857e-12,4.481729891295296e-13,1.843662645162963e-13
sub-10,5,24.985424562237014,5.21089543910417e-11,1.0515541180788361e-11,7.115784931960181e-13,1.5569202242382812e-13
sub-10,6,19.252367091699455,7.127970238840105e-11,6.803216705785024e-12,6.61959937604694e-13,1.2746045692907624e-13
sub-10,7,20.915629146577505,4.556469076672252e-11,2.3439717928665337e-12,3.107477893908964e-13,1.4067132640911344e-13
sub-10,8,22.695417322664408,6.570170133318287e-11,6.1703167274128495e-12,1.0910764724736586e-12,2.0010657547066714e-13
sub-10,9,26.589187006676003,3.579514347588128e-11,4.121124449194136e-12,5.007497457056627e-13,1.0475497962730944e-13
sub-10,10,23.325417653538643,2.984194741831904e-11,1.5971861585517042e-12,4.289302117669731e-13,1.1016311755067343e-13
sub-10,11,24.83753869280379,1.8707499587494703e-11,1.3340562246890715e-12,5.331397509362809e-13,1.2763296476505718e-13
sub-10,12,27.366897173573136,4.1871261779430323e-11,6.0342346628380015e-12,9.784503872186105e-13,1.2988707787166558e-13
sub-10,13,26.88202095957277,2.7393211192991917e-11,1.5433675196782284e-12,6.900562864153489e-13,1.0288853658114498e-13
sub-10,14,18.27834176797319,2.4606282130074373e-11,5.984791915242957e-12,7.500024654010139e-13,1.093400259718133e-13
sub-10,15,21.230390201903543,6.76884078007272e-11,6.6648081321061805e-12,8.336953263379967e-13,1.678351922738671e-13
sub-10,16,24.565335622525765,1.7775242571261043e-11,2.2848449824985645e-12,3.6858709399001585e-13,9.626072292020716e-14
sub-10,17,22.574318127585276,6.60260423636399e-11,7.863771856905647e-12,7.691403051347279e-13,2.510192723122774e-13
sub-10,18,22.18120719193542,7.351908279899656e-11,9.742594481006636e-12,1.7700874016151411e-12,2.494169403762214e-13
sub-10,19,22.285955931503985,8.926437809442627e-12,1.0258754925954545e-12,3.535950029065449e-13,1.1423860173858708e-13
sub-10,20,20.722198797975086,4.9171180026875595e-11,3.675545022469045e-12,8.242554510330993e-13,1.1897709480546242e-13
sub-10,21,26.340593986891694,5.629365601816133e-11,7.277123568182325e-12,5.664598004773916e-13,1.921821152872914e-13
sub-10,22,25.33739737546796,3.645777845878474e-11,9.982864076121887e-13,6.195347017649643e-13,1.437154544153209e-13
sub-10,23,15.421821178549964,1.399599131203693e-11,2.2605139631997583e-12,4.008894132277384e-13,1.155694848409819e-13
sub-10,24,21.826068890577407,1.7063441672856336e-11,3.751044586984596e-12,6.207943614635476e-13,1.712932228691008e-13
sub-10,25,24.190349834398816,4.6777512496961876e-11,7.812862695141816e-12,1.2750296197894042e-12,9.827182327581535e-14
sub-10,26,29.792271996908852,5.3464216581221455e-11,6.199073791698606e-12,1.0738499096275794e-12,1.1207988746536967e-13
sub-10,27,21.102514014259008,9.580417193601011e-12,2.327808022952113e-12,9.522360810970034e-13,1.2667684721362244e-13
sub-10,28,16.622751504354703,6.445827973428276e-11,8.775037134480212e-12,7.27730344674901e-13,1.337372926547893e-13
sub-10,29,20.680086992543355,2.2798675152915703e-11,9.489696298633946e-13,4.683863292806656e-13,9.706229557167608e-14
sub-10,30,25.42062870919808,2.7196233192959543e-11,5.323804476091993e-12,9.613376913658224e-13,1.3307136837665835e-13
sub-10,31,22.31671866071717,7.350267943850489e-11,2.8005400743213954e-12,4.2107812371401535e-13,1.3632611145697428e-13
sub-10,32,20.511670577963,1.293981774447457e-11,7.4255765622686e-13,1.0105813257533787e-12,2.8075524379389044e-13
sub-10,33,25.552184776935853,3.954423967366489e-11,2.614844754030649e-12,6.206107234346749e-13,1.2706503195702994e-13
sub-10,34,26.56764561559165,3.090726542779504e-11,2.527271122557976e-12,4.96227372188193e-13,1.1036372687297808e-13
sub-10,35,26.890329509220013,3.865685222715587e-11,3.3300315671981914e-12,1.0553932684154924e-12,1.3016960760997026e-13
sub-10,36,24.592435292792032,2.883195249096193e-11,2.021830299331421e-12,1.4487526402974174e-12,1.7693479943583183e-13
sub-10,37,21.036121376433357,2.606945868550585e-11,1.0885801399038304e-12,9.628466463460534e-13,1.1427770175746805e-13
sub-10,38,24.53153363688197,2.3847088401040435e-11,6.185006977131891e-12,1.4113593380528276e-12,4.626988471877623e-13
sub-10,39,18.654064422058923,5.1132144478618366e-11,2.133103871022154e-12,4.1707972294243893e-13,1.2300683500871806e-13
sub-10,40,19.64751080830723,1.1502267982941025e-11,1.0399633183453758e-12,7.435361376464351e-13,2.8760679800069067e-13
sub-10,41,20.989262455603242,2.355615645075291e-11,9.475602946914869e-13,5.051144521213399e-13,1.2022610891614979e-13
sub-10,42,21.422648885020873,2.0558991438353897e-11,1.581465351675582e-12,1.033397104582484e-12,1.146422997055224e-13
sub-10,43,18.51143328289201,8.609965854426401e-12,1.3331008000713776e-12,1.2420365822657003e-12,1.0752256471285756e-13
sub-10,44,23.844399633677156,6.536648907547426e-11,3.3773839913062463e-12,4.567023307661332e-13,8.213627729121551e-14
sub-10,45,23.674649097470837,2.265919342999558e-11,1.4536999676920373e-12,3.946099905658544e-13,1.2392260378309536e-13
sub-10,46,23.016714510150358,2.2048765798805156e-11,6.642031348399582e-13,2.562194879538688e-13,1.0283391846742535e-13
sub-10,47,22.810261162555026,4.1630788996920903e-11,1.4256590431669086e-12,6.534873965189882e-13,1.1070868275807117e-13
sub-10,48,21.619933282499037,3.166946654946711e-11,1.1097820067309075e-12,7.298273728504274e-13,1.2510701561614919e-13
sub-10,49,20.212900853307,3.992172575705452e-11,2.3350110778465054e-12,7.719319541188326e-13,3.172609955397211e-13
sub-10,50,15.083234698180497,3.559269309611079e-12,3.0784170883606013e-13,5.910261762803357e-13,1.5217833358823273e-13
sub-10,51,17.005085969428368,1.2496797378666308e-11,5.359446893702654e-13,5.266027527480403e-13,1.1071220576225786e-13
sub-10,52,22.169461144386247,1.703688183584299e-11,1.142912984095373e-12,5.577064993491089e-13,2.2682217450420237e-13
sub-10,53,24.759984200114026,2.247676560213939e-12,3.155219185546254e-13,2.7907926823507153e-13,8.351267414733286e-14
sub-10,54,20.06532310149736,1.2911059210688396e-11,1.0417771542340031e-12,2.844817214035159e-13,9.399912798372818e-14
sub-10,55,17.65732268686927,2.0496634878039337e-11,1.2835973304853733e-12,3.2826089591522847e-13,1.598900636672432e-13
sub-10,56,21.30110863216016,4.25263474983337e-11,3.803129983327115e-12,7.500984990091956e-13,1.229746278676195e-13
sub-10,57,24.67436941118005,1.888995721845655e-11,3.756675314411828e-12,6.533764135080192e-13,7.776635169364417e-14
sub-10,58,20.268626986362786,1.6701389249372765e-11,6.834930243059014e-13,2.380439867487507e-13,8.261888519712646e-14
sub-10,59,25.15854572218873,2.022817163620008e-11,1.4075262719118787e-12,4.754546465657628e-13,1.1611528509714657e-13
sub-10,60,22.128192080493413,2.1624064817082914e-11,1.3419644071826776e-12,3.5390610382427067e-13,1.8486912368832982e-13
sub-10,61,15.243947883778429,2.337746649674559e-12,5.29488107618491e-13,3.571990053844506e-13,6.731819018096408e-14
sub-10,62,22.645702489736856,3.044579951369746e-11,4.815276186132007e-12,7.140904264498102e-13,1.3124104106412385e-13
sub-11,0,17.776101780130357,3.0364038730048655e-11,4.043342543492784e-12,5.951157449366066e-13,2.571800402987646e-13
sub-11,1,36.496349788734676,7.567138647777688e-13,4.547913967292251e-13,3.0378317586959625e-13,4.253453698407939e-13
sub-11,2,17.407631821575954,9.044114246867007e-13,2.583838554544806e-13,3.684860943471117e-13,3.5538639139045e-13
sub-11,3,29.855988564407525,8.924369561212482e-12,1.8812533396647375e-12,4.227928666787216e-13,3.7006031463903385e-13
sub-11,4,24.95291909079909,4.10928495941193e-12,7.061804988280499e-13,5.579762447693796e-13,4.0144365198162464e-13
sub-11,5,20.813560459408617,4.473424268210267e-12,7.37092701940136e-13,2.322853401372261e-13,1.215132605455213e-13
sub-11,6,17.88091381939879,3.4295928171184504e-12,5.770523415291085e-13,3.829079140356436e-13,1.7089732819405909e-13
sub-11,7,19.87564769893551,2.4666008833629015e-12,5.659232001948123e-13,3.530976069442379e-13,1.8706014909211134e-13
sub-11,8,28.3750048803788,2.9313169913316015e-12,4.68456409210997e-13,1.648607733673361e-13,1.568439210475255e-13
sub-11,9,20.382658057127802,1.5844738621003757e-12,7.126997308224428e-13,2.158636072376681e-13,2.392550232705825e-13
sub-11,10,21.596527550674534,1.9375065422567315e-12,6.898091102531203e-13,5.256099739044574e-13,1.9048521103338834e-13
sub-11,11,19.478291490834945,1.8959324992259187e-12,6.953422553510286e-13,2.6917958350560075e-13,1.4757943426949756e-13
sub-11,12,25.634346981601237,9.14553697984788e-12,1.929879229353965e-12,4.7371645125296e-13,3.1859722415005404e-13
sub-11,13,20.23981616413438,1.6596957936724798e-12,3.1891476733576806e-13,5.195088452853777e-13,1.436714252139611e-13
sub-11,14,22.020060053579837,3.3151619513782704e-12,2.649267965191685e-13,3.422307066417837e-13,1.3535101517096926e-13
sub-11,15,18.450700945470324,8.298065551502112e-13,4.861153420420509e-13,2.7814333888783264e-13,1.1441403633893197e-13
sub-11,16,21.744133931130104,1.3980290924822637e-12,4.1017068729843087e-13,3.0110160191223803e-13,1.145628728322495e-13
sub-11,17,33.21455443721369,2.7657478399336255e-12,6.348966920564502e-13,6.385836537337999e-13,3.682097561445926e-13
sub-11,18,30.60426890560283,1.4611216894957542e-11,2.111908887275112e-12,4.122569546859202e-13,3.7432287467728527e-13
sub-11,19,24.569583167522442,9.527160637103615e-13,6.008080800957585e-13,2.4651991953590625e-13,1.397005956692308e-13
sub-11,20,22.374924310340933,8.597843543979095e-12,8.963037794483441e-13,2.5573986499367116e-13,1.3165268209868595e-13
sub-11,21,20.785424422232563,2.8206720447391926e-11,1.3257757800783972e-12,4.698574466507788e-13,2.3883152915077795e-13
sub-11,22,18.65962117556329,5.558733814490321e-13,5.530941363291918e-13,3.383667915936267e-13,1.471092949083158e-13
sub-11,23,29.007713372318637,1.7311479631904785e-12,6.241067983271215e-13,4.3709411803705933e-13,5.025981485382073e-13
sub-11,24,39.84382782568156,1.3306481311013102e-11,2.061698084142838e-12,1.4420972136278142e-12,1.922699596209788e-12
sub-11,25,20.639843563401076,3.7030529062661176e-11,2.5452012382727907e-12,4.085602306277993e-13,1.6811962707921884e-13
sub-11,26,30.40235751999774,1.8757709793356114e-12,5.951545884935717e-13,4.4977704656703036e-13,3.0663579549333336e-13
sub-11,27,17.55352494067595,4.150305128563449e-12,8.090352927562641e-13,3.2971613397012626e-13,2.742973719345057e-13
sub-11,28,19.59694787392159,9.905685561133212e-13,3.556580844180863e-13,1.9193176648002004e-13,1.1843966118313367e-13
sub-11,29,27.65756792963813,1.0515943139963589e-11,1.194268788390952e-12,5.039815333724465e-13,5.580758099290939e-13
sub-11,30,21.064253272492724,1.664575422138013e-11,2.9849107710291806e-12,3.864361245631524e-13,2.0398010438713192e-13
sub-11,31,82.44230902320527,6.2227879614079e-12,1.6527445644680261e-12,6.760916177619435e-13,3.3445652997876653e-12
sub-11,32,19.23594061381117,6.355024990301348e-12,6.897230778292396e-13,2.8568056121780575e-13,1.5928552655683024e-13
sub-11,33,19.44652772148033,1.2188850306434238e-12,3.7225943614011684e-13,2.7955074137528304e-13,8.925664612677317e-14
sub-11,34,31.060266457100656,1.5861706456448019e-12,4.207063327674013e-13,2.745896714352702e-13,2.120006611964523e-13
sub-11,35,27.91651156555612,9.650477657207866e-12,1.0235827219073495e-12,9.997055334498792e-13,3.714563531918349e-13
sub-11,36,22.233645993533894,2.832856383995735e-12,7.887050794118272e-13,6.074982402769319e-13,2.901771458518715e-13
sub-11,37,19.079844674339924,1.109506840841486e-12,2.795870168945589e-13,3.3789118004648726e-13,9.909442944247384e-14
sub-11,38,43.017651244660165,2.7526824818606148e-12,6.275920352636903e-13,3.4483883761907403e-13,1.4171082952033428e-12
sub-11,39,30.207562143864813,1.9227041117267463e-12,1.0093234249585514e-12,3.6662672838648106e-13,3.68125883366761e-13
sub-11,40,25.01957562961559,1.4721746667064245e-12,5.996850232609981e-13,5.395011141642746e-13,1.2467243487863733e-13
sub-11,41,19.303791400805473,1.2237336933350246e-11,1.918799045649966e-12,5.480781503338695e-13,2.0506606717646537e-13
sub-11,42,20.270887792009077,1.1378952983972745e-12,4.0461867555612517e-13,4.337504307046179e-13,1.910208463434451e-13
sub-11,43,18.817691002083613,1.0533336866151828e-11,1.9178010232997936e-12,6.769731484971666e-13,2.0314325530128409e-13
sub-11,44,20.145681603288057,1.5839876238389775e-12,4.364032299817003e-13,2.985971550030214e-13,1.5066354458518876e-13
sub-11,45,22.230553597447148,2.047174733522118e-12,6.500018006395493e-13,3.0007853657193216e-13,2.494607826826338e-13
sub-11,46,13.977615963554191,1.0978162348513406e-11,1.5431705347244828e-12,2.3997285367582244e-13,1.5063946869366594e-13
sub-11,47,25.332939568547857,2.7471324862606472e-11,3.865494116128636e-12,9.155163654509037e-13,6.899973730938431e-13
sub-11,48,29.41985306305113,1.9717041576658287e-11,3.1185141124360964e-12,3.414095221025283e-13,6.377817488932244e-13
sub-11,49,16.76141046654343,4.6916496759271155e-12,7.625675640056745e-13,2.6912487739397586e-13,1.166609638489577e-13
sub-11,50,19.722872080249452,3.4730562693292076e-12,5.30713056316463e-13,2.7227833223231673e-13,1.707151056573728e-13
sub-11,51,18.45808288977424,1.6304330049288222e-12,6.135578723762029e-13,2.0116721409919556e-13,2.9151238474350285e-13
sub-11,52,18.49223877992213,8.492095721550836e-12,1.6762281900430805e-12,5.217357005527549e-13,2.0039942424075423e-13
sub-11,53,23.920671885747048,1.0012268372444464e-12,4.170223031827238e-13,4.1962145021867347e-13,4.4777920645136434e-13
sub-11,54,19.225808294181892,1.3357801544224483e-11,1.4836412395408982e-12,1.2326980239924844e-12,1.953317644167007e-13
sub-11,55,26.849246154525147,1.138967161745739e-12,5.827048243816858e-13,3.647702567338753e-13,5.857017387957288e-13
sub-11,56,19.646811205186385,1.1345944079429944e-12,4.2945652084494116e-13,5.350407311062516e-13,1.758828944416354e-13
sub-11,57,22.097973526078945,2.8792986218548653e-11,2.914851249390871e-12,4.600058862077406e-13,5.139495483765642e-13
sub-11,58,29.371053522809394,1.8420589180954157e-11,3.2318518678238924e-12,5.276245011740174e-13,6.393716530233578e-13
sub-12,0,21.48799183692964,3.666475495392602e-12,1.064698825895859e-12,4.282946158181073e-13,2.271720196111578e-13
sub-12,1,161.4025292121214,6.002423933253463e-12,1.6649711106682854e-12,4.4135884992548553e-13,3.263859286360455e-13
sub-12,2,28.500448037562467,2.2248186112430185e-12,1.2755235646690843e-12,2.761309684088168e-13,2.5445609747366417e-13
sub-12,3,21.48411083241454,1.6077530688144202e-12,8.37809570509523e-13,3.799097905562483e-13,3.8650598466056254e-13
sub-12,4,15.972302314225685,2.4567362737562957e-12,7.361333182215353e-13,4.1158963221723006e-13,1.8054316940543685e-13
sub-12,5,18.92925528915654,5.455467851013933e-12,1.6564596202261918e-12,3.720900329149805e-13,2.451555518139115e-13
sub-12,6,22.1579179072268,3.644602672358889e-12,7.170339787838961e-13,2.2753865710103545e-13,2.8221894829773837e-13
sub-12,7,24.672657789030744,8.032368911919368e-12,1.4512961769862053e-12,5.984675796362756e-13,3.813753942704243e-13
sub-12,8,18.57808878925455,1.923680242888295e-12,6.81577050714022e-13,4.103969687484314e-13,3.2659557429245045e-13
sub-12,9,14.09705736994393,6.304658468365449e-12,1.6088054119354378e-12,4.864634197255582e-13,3.465850112871782e-13
sub-12,10,19.081843278082875,7.05481802152193e-12,2.0949452774815824e-12,6.819604134385641e-13,3.897436625581459e-13
sub-12,11,19.713063315985735,8.02207542540758e-13,4.777416209757539e-13,2.522848173288831e-13,3.435138132753998e-13
sub-12,12,21.136554148667884,1.2040690164652752e-11,2.036040285952009e-12,9.021197771304575e-13,3.9164475394630705e-13
sub-12,13,24.743912320355218,5.1694702877262476e-12,1.2209784736194255e-12,3.2600819424402515e-13,1.7184481624289625e-13
sub-12,14,22.20072222193908,6.0729975191724826e-12,2.1548959239714555e-12,3.989623405523082e-13,1.7412263753749306e-13
sub-12,15,15.96222472141755,1.5708962324724105e-12,9.361433207982288e-13,3.353766956453016e-13,2.323434127451402e-13
sub-12,16,18.79898553524371,8.88648159860144e-13,4.378591962148218e-13,2.492796325047918e-13,1.9881849832213935e-13
sub-12,17,18.648871563205837,1.087949410268116e-12,9.352455638908139e-13,3.67305915964838e-13,2.5177076568013816e-13
sub-12,18,23.538098132594847,7.120253348649505e-12,1.8006252746655693e-12,6.077919532490341e-13,2.394796470550803e-13
sub-12,19,17.52646154369679,3.000545779830019e-12,9.080303526378238e-13,2.53805393718873e-13,2.0250646799068545e-13
sub-12,20,15.266758070727263,1.591674769156229e-12,6.183246069814863e-13,2.826605749378867e-13,2.1487542414013424e-13
sub-12,21,19.196938460427756,1.3978865988018106e-12,5.452678321428948e-13,4.368786478366672e-13,2.108684773170721e-13
sub-12,22,17.751208731551777,1.5870196445857352e-12,7.239203360651064e-13,4.1222924500773637e-13,2.298949086269755e-13
sub-12,23,21.5616683546617,3.11008444375361e-12,8.643523447259045e-13,4.688077694545328e-13,1.9437822455361503e-13
sub-12,24,15.982552970728019,1.5514553342817297e-11,2.9907856695532503e-12,4.619330864923314e-13,2.1035818103668611e-13
sub-12,25,21.706984074009824,3.4190385439755502e-12,5.225504868731386e-13,3.488978853296467e-13,2.2325589872195373e-13
sub-12,26,15.074271960790002,1.6760941429802149e-12,4.53894719467041e-13,3.800475757171043e-13,2.4625682468674335e-13
sub-12,27,22.883079955655248,2.8725954813961324e-12,9.726463954961222e-13,3.5290608839850093e-13,2.098200228972563e-13
sub-12,28,15.439324420876257,1.6268108055627677e-12,7.891248356950617e-13,6.001218536468234e-13,2.0499665739867208e-13
sub-12,29,23.20731100707053,2.170537160468912e-12,7.993336905056366e-13,3.1675479756073316e-13,2.5432149065819115e-13
sub-12,30,17.40280317980128,3.1502637703204843e-12,9.399912011334768e-13,2.752895262360918e-13,2.6282264979965806e-13
sub-12,31,21.541041624912925,3.0849156375389248e-12,5.905442196912911e-13,6.020011495041285e-13,3.709625356367677e-13
sub-12,32,18.92819653473878,3.650526066223846e-12,1.3721155725259188e-12,2.5307937182937744e-13,2.3240726239400406e-13
sub-12,33,25.84189497622414,1.906662344426157e-12,6.775502143667919e-13,1.7064269523923326e-13,3.134944153012016e-13
sub-12,34,22.06277950016506,1.6122032813046927e-12,6.019026649409893e-13,3.290988688239096e-13,2.925878126620684e-13
sub-12,35,14.743422675477653,2.6240081867108253e-12,1.34921637090015e-12,5.025479870300369e-13,3.0007231107083933e-13
sub-12,36,19.732347800924924,7.179453662402717e-12,1.329386605762797e-12,6.007987359771538e-13,2.53253332336322e-13
sub-12,37,21.331787284303804,3.855872169852013e-12,1.1104832852231306e-12,2.621397093718734e-13,3.0377282704727903e-13
sub-12,38,21.86413165795187,3.4050081293470098e-12,9.15130386387588e-13,3.3981522398138673e-13,2.990579096595603e-13
sub-12,39,19.40192773065874,1.6793965347009609e-12,7.22438054656897e-13,3.577293988447134e-13,2.3981611033880527e-13
sub-12,40,19.01162825735655,1.1925975260771628e-12,7.39781021901047e-13,3.190709259356566e-13,2.418717289186836e-13
sub-12,41,20.05447411985976,1.8698607368356426e-12,7.36093169636683e-13,3.9742617442126333e-13,3.0763828057421273e-13
sub-12,42,17.495308100195725,9.414628819404127e-12,1.0707065365616302e-12,4.4754523767279535e-13,2.3316216021038883e-13
sub-12,43,16.800891087610434,1.375154906211883e-12,5.729735916711053e-13,5.883636784010716e-13,2.973193323367219e-13
sub-12,44,19.070273819972215,3.5783223950960398e-12,7.664274841254257e-13,4.750168212404715e-13,2.6119098763016814e-13
sub-12,45,18.1993767872877,5.9886275779050885e-12,1.1275514882195062e-12,5.958739478346521e-13,2.2441480031229743e-13
sub-12,46,16.332034645667456,3.5003230650872932e-12,8.410704198178259e-13,7.038780020338967e-13,2.8842773699002313e-13
sub-12,47,18.132626005442212,1.5798857407351393e-11,2.676669169730074e-12,6.928887484048066e-13,3.223851290018647e-13
sub-12,48,17.855640598992125,3.1060445902033484e-12,1.3578514244040325e-12,3.6525245149785035e-13,2.628914876528334e-13
sub-12,49,19.041445701235194,2.4667149257905612e-11,3.3050683082185774e-12,4.4281361210358745e-13,2.365871388493037e-13
sub-12,50,17.640945322484292,2.7084903390171814e-12,6.565346655204877e-13,4.632584535778087e-13,2.0100182248938615e-13
sub-12,51,18.354239059121745,1.3244917405874647e-11,1.6677033384181603e-12,3.182125358848431e-13,1.7296828135713068e-13
sub-12,52,17.143891489346565,5.999381356825042e-12,1.6650845138482446e-12,1.0064893268106593e-12,3.450611116651085e-13
sub-12,53,15.876881514530124,2.3812938679719044e-12,6.713873008656936e-13,4.3208169165129953e-13,2.0796129715427831e-13
sub-12,54,19.001871043453395,1.703163386836347e-12,3.9521046321352684e-13,2.5490552564879017e-13,2.0527639681607282e-13
sub-12,55,16.930615830010506,8.920022907391454e-12,2.218659537240575e-12,3.923135396283909e-13,2.1122435513595225e-13
sub-12,56,19.924796095823773,1.894472855029007e-12,1.5611770667989117e-12,7.236031077735183e-13,2.1050568625709546e-13
sub-12,57,16.043851831942952,1.074461768221416e-12,5.117033167209316e-13,3.6248982266652794e-13,3.1009340641596754e-13
sub-12,58,19.508945034279826,2.016536695260628e-12,1.1993227912265763e-12,1.0962469154442175e-12,2.8420921704723585e-13
sub-12,59,15.534764007906823,1.264420368768134e-12,4.938773241331305e-13,2.1057984878150476e-13,2.520931940957805e-13
sub-12,60,17.092327110535873,2.237181731929804e-12,7.315701745864763e-13,1.1205034287354908e-12,2.59216971264951e-13
sub-12,61,19.529619266886325,3.750304757233889e-12,9.756372537514847e-13,8.903315451939911e-13,2.6897104458924527e-13
sub-12,62,16.01457740625959,1.708081870100243e-12,7.323285559238407e-13,2.5170813004627094e-13,4.1864330130933165e-13
sub-13,0,20.245490485627265,7.816624391048802e-13,3.461798044473407e-13,1.304847194623453e-13,1.5485928635331507e-13
sub-13,1,42.49792453634898,1.3226864151283345e-12,8.185583587895054e-13,2.2373578425522588e-13,4.773006501786074e-13
sub-13,2,25.535716035764477,1.3205729966074306e-12,2.5613429514250974e-13,1.7244903840715024e-13,1.7607631727051153e-13
sub-13,3,14.483770138574755,1.3678741753299325e-12,5.169650486561472e-13,1.6316461813329053e-13,7.958206067099e-14
sub-13,4,13.717890608736319,2.108242011743637e-12,3.417736447416426e-13,1.261408498005018e-13,1.2118259904996954e-13
sub-13,5,13.34700829591431,6.791837440590173e-13,3.119468526592337e-13,1.8429703201564723e-13,7.970949415830684e-14
sub-13,6,14.282412661924207,1.328793916363127e-12,4.1783076274817835e-13,1.0826784471466644e-13,1.0340736435046044e-13
sub-13,7,14.257720417483508,1.5406638660225636e-12,4.814059241900613e-13,2.4949682248782934e-13,9.33698186848498e-14
sub-13,8,15.267079492924628,8.38760832874369e-13,4.114505199889466e-13,2.6255842489892346e-13,9.498766539892994e-14
sub-13,9,17.00123561593018,1.4351433544041654e-12,2.6811824253300867e-13,1.4241383918574468e-13,9.252139873869134e-14
sub-13,10,13.393640737531747,8.001640627065451e-13,5.806138005549617e-13,1.3840447600993583e-13,8.09365020072275e-14
sub-13,11,12.021756695780724,2.7669388831929304e-12,9.10669439404328e-13,1.4517772529689697e-13,1.1206738882985342e-13
sub-13,12,11.075087363832084,9.759650143746777e-13,5.657703976477425e-13,1.4021205298134526e-13,7.745720563852538e-14
sub-13,13,13.371153887851436,1.5144240926066648e-12,5.327578142535896e-13,3.091836952404014e-13,1.258179095141227e-13
sub-13,14,11.583097483455775,9.600470703202861e-13,4.3219328702397485e-13,1.8902199610750514e-13,1.466141260838308e-13
sub-13,15,12.743009916951026,9.402235701673248e-13,6.095230300483689e-13,1.1938724290553176e-13,8.489280229443331e-14
sub-13,16,11.28256201518121,1.0348349835531774e-12,3.144236302736689e-13,3.735414751386646e-13,1.0417258588815177e-13
sub-13,17,12.376580282927298,1.1837609147061207e-12,3.8820544974713963e-13,2.0870925720250628e-13,9.89049972494502e-14
sub-13,18,14.407524104959156,1.0987668254813589e-12,3.8187936408032575e-13,1.0677573207445845e-13,1.0963076440388071e-13
sub-13,19,12.312547186675436,2.241311506074517e-12,3.077914536371976e-13,3.617645004580066e-13,1.2210590624673554e-13
sub-13,20,15.237223776960088,4.662112693510862e-13,3.949733744774531e-13,1.364533081208884e-13,7.750713760792896e-14
sub-13,21,14.427826854586051,2.083088669777131e-12,3.526254869281057e-13,1.6259958666395627e-13,1.0484399897625578e-13
sub-13,22,13.323847062230852,9.147206429535054e-13,3.9558570769223143e-13,4.8250447880341e-13,1.3293073698624545e-13
sub-13,23,11.66714771216047,1.3738911010145166e-12,3.9906622534836035e-13,1.1583684557003833e-13,8.459950277299922e-14
sub-13,24,12.649459083001448,1.1004875472780643e-12,7.282745531298967e-13,1.8133592313757885e-13,8.632285002415531e-14
sub-13,25,14.087496920569121,4.38335165061461e-13,3.5457190420013346e-13,2.2695404908996933e-13,1.0225618910570233e-13
sub-13,26,12.808084933343066,8.188341678209525e-13,7.40571699940912e-13,3.1721526276839787e-13,1.0124228220706179e-13
sub-13,27,14.723964793453252,1.2496575807223387e-12,3.7941869403669656e-13,4.30612826155811e-13,1.0237402257081847e-13
sub-13,28,12.723860344282604,7.207786462372725e-13,5.860930301840719e-13,1.887789263150302e-13,1.0888719220821007e-13
sub-13,29,13.409862200494414,1.1232412986774126e-12,4.561072423825604e-13,1.5680324329561594e-13,1.1334780203996149e-13
sub-13,30,15.902198779936613,7.70814263456284e-13,4.1977824027188703e-13,1.5872949628573028e-13,1.9859052380887922e-13
sub-13,31,16.65748072474497,5.847714061152886e-13,1.7159928392005635e-13,1.0770964189559887e-13,1.525781361061649e-13
sub-13,32,14.830589194237204,9.203837584003555e-13,3.271837828712868e-13,1.2936966835707946e-13,9.194625817451351e-14
sub-13,33,17.324605017062925,1.2697793060130413e-12,2.786704204699594e-13,1.7211558274065358e-13,9.50166218068313e-14
sub-13,34,11.721932523077438,4.2102643826920647e-13,3.7903932037956346e-13,2.1017211189189748e-13,1.4949159723850192e-13
sub-13,35,10.705368184974422,1.854907359895538e-12,5.343324354844949e-13,2.5147702181727957e-13,1.0904431992747887e-13
sub-13,36,15.617138785936648,7.018504166771014e-13,3.223110456637827e-13,1.828438073625609e-13,1.0819285241768859e-13
sub-13,37,14.656981654755716,1.6757688999867146e-12,8.455163252174495e-13,3.626246062218213e-13,1.2567857024821317e-13
sub-13,38,12.169317709717824,1.7730933428154834e-12,2.4898842871868807e-13,5.208117552420989e-13,1.4897011855236655e-13
sub-13,39,10.561542695664144,7.553604385462927e-13,2.8367659256094787e-13,1.5272441869497901e-13,1.3139812233623597e-13
sub-13,40,16.4115220656199,1.7521165600826962e-12,4.124732074469108e-13,1.2399803485108634e-13,1.0102439620337156e-13
sub-13,41,12.451888399337802,1.2477498608044101e-12,4.946783545903013e-13,1.5037783918193778e-13,9.706445854849312e-14
sub-13,42,14.284145861224191,7.885079434318009e-13,2.6179724499102535e-13,1.046078845887743e-13,9.195434427110067e-14
sub-13,43,11.590218639748073,5.811707948067143e-12,1.3549515041605889e-12,3.072471328773214e-13,1.0604516527506058e-13
sub-13,44,15.973646107900151,1.083975858596648e-12,4.848497911513013e-13,1.6046162098826146e-13,8.548073108027698e-14
sub-13,45,12.857303277643418,6.200384759183408e-13,2.350554711727653e-13,2.060810197840446e-13,1.1218051638934786e-13
sub-13,46,11.256728568377355,6.868399472808614e-13,2.6713946561801537e-13,1.432705460324983e-13,8.650478382352135e-14
sub-13,47,11.10025356736342,5.890060289943105e-13,2.0896840444224532e-13,1.291758010661507e-13,1.0194348933897866e-13
sub-13,48,12.096507500977635,7.261838401095149e-13,4.0793493423921816e-13,8.65696822497286e-14,8.77488914477741e-14
sub-13,49,18.306638655256357,9.854447491078607e-13,5.698056721621331e-13,2.1199368759051895e-13,9.127966227876492e-14
sub-13,50,20.067375185167325,8.126310817900366e-13,4.898901729766265e-13,1.4829686655592894e-13,1.369706971941658e-13
sub-13,51,13.122664296276927,1.3482755856751183e-12,4.136533319937445e-13,2.2166813910265914e-13,1.0423077962060874e-13
sub-13,52,12.232325934569259,7.379973854105042e-13,4.2770299356163223e-13,2.0441638231973233e-13,1.401444673972888e-13
sub-13,53,12.83472801337902,6.634333418024778e-13,4.600512802539872e-13,1.7215709766245336e-13,1.1016346040685442e-13
sub-13,54,14.00132367597856,7.639690225532773e-13,5.630736314920803e-13,1.1441225119149273e-13,1.037954733061991e-13
sub-13,55,14.374894777086219,1.8762807449642733e-12,4.470535978188332e-13,1.4840566350962123e-13,8.219699795596011e-14
sub-13,56,9.886742554756992,1.2547660044104297e-12,6.024110782450738e-13,1.2347178338124185e-13,1.0067882256100152e-13
sub-13,57,14.320776998816266,8.190452615834294e-13,5.991195673434995e-13,2.578175051835221e-13,1.0154770735605854e-13
sub-13,58,15.458845871238477,9.906505097982002e-13,4.590447396718282e-13,2.5354904783719353e-13,9.904539362024523e-14
sub-13,59,11.744546402381992,6.568866897275843e-13,4.752204385221302e-13,1.9642876360433185e-13,1.607960236493425e-13
sub-13,60,11.490697849002567,6.607839926220985e-13,3.7069409707856736e-13,1.2134921165171263e-13,7.942828779149585e-14
sub-13,61,17.993742346326844,1.8113770362066821e-12,2.985960060886002e-13,1.5312548090322234e-13,9.925312894880259e-14
sub-13,62,10.6060612115833,5.842197176374694e-13,4.491070498224875e-13,1.656494851324583e-13,1.0554392745535171e-13
sub-13,63,11.806056236851658,1.0154684652508897e-12,2.3129112379533893e-13,1.116062309881024e-13,7.8702161654983e-14
sub-13,64,11.643763572336866,6.88862439764494e-13,3.236448881164557e-13,1.8137838068242496e-13,7.923232119144326e-14
sub-13,65,13.33930666261364,9.816106528603058e-13,4.3117701202996914e-13,4.3330122435097026e-13,9.59674165078214e-14
sub-13,66,11.146733710535639,5.770851335902573e-13,5.680619190829187e-13,1.33420794507437e-13,9.526438486944386e-14
sub-13,67,12.139141406201887,9.040590958951347e-13,5.626225458476843e-13,2.5420252867342556e-13,9.966630406599526e-14
sub-13,68,26.81940134405926,8.439917152406752e-13,6.647207061835489e-13,3.482469320135735e-13,9.776940928542545e-13
sub-13,69,13.82473949281553,6.73826237678156e-13,3.4046792586890797e-13,1.3523335574164156e-13,9.572036058825033e-14
sub-13,70,14.998728089471289,9.074322223426657e-13,3.927401534255209e-13,1.4347511592748756e-13,9.735258371420806e-14
sub-14,0,23.783680041712227,2.2959990071215284e-12,6.520031275833173e-13,3.4619009054089815e-13,8.554065360329773e-14
sub-14,1,20.546080613875713,1.5420845270853005e-12,4.763530222090924e-13,4.373771592077528e-13,1.1785222418698048e-13
sub-14,2,21.014771870903225,1.5764072210217766e-12,7.227041717492845e-13,3.68003557939374e-13,1.1289862902826428e-13
sub-14,3,21.3598504941538,1.1988985546824245e-12,9.905265817703197e-13,3.6925379930654375e-13,2.2374044036729754e-13
sub-14,4,24.333018846138412,3.1580884189471445e-12,1.3583599766545202e-12,8.002355189426165e-13,1.2484929862682007e-13
sub-14,5,17.063902641367555,1.5713309718093746e-12,6.7210561996627e-13,4.523979545248505e-13,8.397065119711925e-14
sub-14,6,19.324428105122955,4.33713148579449e-12,9.361996018115013e-13,8.201243911383342e-13,1.348403961841871e-13
sub-14,7,23.825616062267148,4.409284879681594e-12,1.730120045780466e-12,1.0767566664624165e-12,1.2115330220339133e-13
sub-14,8,34.68599933137902,1.2842766416841469e-11,1.0169172167658036e-12,9.120516127756138e-13,1.4531050711380517e-13
sub-14,9,23.046346060660593,1.3033663501190302e-12,8.300857757583977e-13,5.187048058887779e-13,1.0492416056878337e-13
sub-14,10,26.34758610114933,3.077588984806931e-12,1.62740633804893e-12,8.887415994970069e-13,1.2374065440622743e-13
sub-14,11,26.45510027263566,1.3409592319628834e-12,7.97111347090214e-13,6.10887897321875e-13,1.0531979379062801e-13
sub-14,12,21.968233260120698,2.393039588172831e-12,8.163201295453342e-13,4.999440583943261e-13,1.4482291683601804e-13
sub-14,13,32.81401475865208,1.3570443559499801e-12,8.927077706757561e-13,6.061553516192253e-13,1.156502455238093e-13
sub-14,14,31.803340938712626,8.235354828876692e-12,1.0443013110596512e-12,3.9887602465249957e-13,2.448364269780052e-13
sub-14,15,19.252072677204076,1.066343976357788e-12,4.2952069496018863e-13,3.64632506880642e-13,1.4256374430403432e-13
sub-14,16,18.95931552061199,3.9741149600287385e-12,1.2756880791138296e-12,6.202313920979516e-13,1.239300958357686e-13
sub-14,17,18.543750234002946,1.5627540814973705e-12,7.27215538262373e-13,3.52626716402156e-13,1.2357293767373158e-13
sub-14,18,19.44651864524233,1.8705926372713887e-12,5.639286612247165e-13,5.474777536818433e-13,9.634500885998188e-14
sub-14,19,18.653497090913067,5.748053547904346e-12,6.555873449755943e-13,5.329682520855502e-13,1.4421075276489565e-13
sub-14,20,18.15036989896493,1.9090217910462227e-12,7.647418619101945e-13,8.070061383754295e-13,1.1189425893120339e-13
sub-14,21,16.84250637676896,7.764347447631875e-12,7.827867472404387e-13,3.8245590749894546e-13,1.569544194565526e-13
sub-14,22,20.49925013444404,1.0016992430536648e-12,6.286514092105503e-13,4.663357457624123e-13,1.296895123523399e-13
sub-14,23,24.27203794584931,1.5924503439711332e-12,6.911330049246086e-13,1.0675722400184442e-12,7.258354406596944e-14
sub-14,24,26.25664105046557,2.163843298640437e-12,7.544139655902055e-13,8.76960037388736e-13,9.103656264476666e-14
sub-14,25,21.275811711331624,9.068093957534044e-13,9.85397519822661e-13,1.0622569173594827e-12,1.9071329228962738e-13
sub-14,26,24.447593983365238,3.3168050972652923e-12,6.454977677467497e-13,1.5009106936372224e-12,1.4326624095401513e-13
sub-14,27,18.82926010227133,2.042417340455122e-12,8.931218543851583e-13,7.983107566848475e-13,1.1321900929433798e-13
sub-14,28,15.747823456363847,2.571637534964087e-12,7.800902885223501e-13,2.368490049811751e-13,1.4014390945071972e-13
sub-14,29,19.743614780387375,1.3402773596030424e-12,8.980789006472735e-13,8.700317296385399e-13,1.3015478978443712e-13
sub-14,30,19.20436282454623,2.1886325858496317e-12,1.2790030219604934e-12,8.926568854618847e-13,1.3798982435915717e-13
sub-14,31,19.816625257755756,2.095269381779907e-12,1.3386558305227637e-12,5.980208073393095e-13,1.0699678067223817e-13
sub-14,32,15.64766882887151,1.3378942285794188e-12,8.935403322658612e-13,6.145957627443455e-13,1.4495222279448983e-13
sub-14,33,29.285855943632814,1.4926848774749214e-12,4.3857388195594114e-13,4.3480083111039727e-13,1.344947129244819e-13
sub-14,34,21.264990134110715,1.162367053091962e-12,1.0156109044279918e-12,1.5732227079230826e-12,9.997430214033059e-14
sub-14,35,17.339179215330816,1.2004813814245264e-12,7.524155995379628e-13,5.432653951682241e-13,1.2830637132350993e-13
sub-14,36,28.536166107170807,1.9460299620788107e-11,1.500104511506996e-12,1.7244323739293443e-12,1.4559559507036278e-13
sub-14,37,16.774793985522486,3.149287680951779e-12,1.1843355286713798e-12,7.2541828851279e-13,1.218461623985414e-13
sub-14,38,18.3506847754877,1.7666970066415008e-12,8.529754038572513e-13,8.605746852048143e-13,1.4540436314177266e-13
sub-14,39,20.63472849068071,2.2390941419492824e-12,6.535416580698746e-13,1.381605295784601e-12,1.3294837339240727e-13
sub-14,40,18.70934910903151,1.8105854992002515e-12,4.694811728861068e-13,5.635451929197839e-13,1.3192838062876653e-13
sub-14,41,22.231006103148843,6.881633448982924e-12,7.611674314151851e-13,2.561056756532665e-12,1.8039283678040815e-13
sub-14,42,15.47842554711999,6.2407684063737135e-12,1.1724412466315862e-12,5.245324575071014e-13,1.667113649749192e-13
sub-14,43,20.97333546722233,2.8716938241926003e-12,9.9211535375603e-13,4.070355858896545e-13,1.3319175347017407e-13
sub-14,44,27.017203197304923,1.4780621323947225e-12,8.274080945891042e-13,1.3569272051889102e-12,1.0708373536119583e-13
sub-14,45,19.157120381678062,1.083474371630468e-12,7.457894988895254e-13,2.8300569934722254e-13,8.723250518044098e-14
sub-14,46,349.485645359364,1.1290426999755762e-11,1.6160969723532062e-12,6.303404925675599e-13,2.1974695358254135e-13
sub-14,47,72.53466252612964,1.095314108186299e-12,9.265903103975967e-13,1.8320771580074823e-12,1.4321528386004604e-13
sub-14,48,67.08580942980598,4.4237794443366635e-13,4.4737761472524256e-13,3.326156619725283e-13,2.3169322387944415e-13
sub-14,49,23.893334360487742,1.551580448422093e-12,6.566543704071242e-13,6.382691340684512e-13,1.2768933021770276e-13
sub-14,50,23.6473912396745,1.4555233450508495e-12,3.176217005230261e-13,4.527567642242699e-13,1.0300324586242777e-13
sub-14,51,19.41713209136163,7.145812052858151e-12,1.2165502720204682e-12,8.215688394244885e-13,1.1109559867124983e-13
sub-14,52,25.678061318948775,6.399156257069972e-12,1.2577055463970494e-12,2.6138314078960823e-12,1.7779755536347717e-13
sub-14,53,15.572916201568354,2.1894025927453326e-12,1.2655648259976873e-12,9.729375144547858e-13,1.507604967059331e-13
sub-14,54,20.679744810132156,1.0912321918158978e-11,1.821745082086443e-12,7.392670976938106e-13,1.4846848432568577e-13
sub-14,55,21.495043168823678,2.6570461662635034e-12,1.7470581656548654e-12,4.520045145628115e-13,1.5596407942979048e-13
sub-14,56,19.866183634267653,4.883817441229374e-12,1.1707623077612986e-12,1.1987421367402021e-12,2.659455424185622e-13
sub-14,57,18.942759156689803,1.0678437785808182e-12,4.978077245268786e-13,9.686435808366757e-13,9.52049747483735e-14
sub-14,58,23.167782313261142,1.167386418683981e-12,1.395887031702143e-12,1.6833134056216275e-12,1.8052954518758154e-13
sub-14,59,80.81239000550939,5.5867278025487574e-12,8.891618011598108e-13,9.023493746700869e-13,1.4447466765996988e-13
sub-14,60,33.12994181691214,9.777486502864944e-12,1.1669112713864246e-12,6.301713506292911e-13,1.3476090978552263e-13
sub-14,61,17.120206487602793,1.4709456937284303e-12,9.078995365384655e-13,1.128765317183126e-12,1.3355959818525907e-13
sub-14,62,18.431436863863407,8.62344583127604e-13,6.734179769554079e-13,1.102959010629321e-12,9.618548274562774e-14
sub-14,63,16.815698973599435,1.2725093481366275e-12,6.72156847005091e-13,1.0266729833181115e-12,1.421063846057353e-13
sub-14,64,32.67407643338063,2.619610791738407e-12,6.130735542187845e-13,6.507831809955139e-13,5.56053529190804e-13
sub-14,65,17.78745335925944,9.27370324569683e-13,1.0406385731342344e-12,7.79410931248608e-13,1.0601234188532997e-13
sub-14,66,22.88093972246861,1.7830884371445607e-12,9.18711228808721e-13,1.4133743152875061e-12,1.4806854983617196e-13
sub-14,67,33.26536057377602,1.1959255846363195e-12,3.1580190969393833e-13,4.730668785111783e-13,1.1364799850024112e-13
sub-14,68,16.52335656869565,5.699310820329278e-13,4.788673336621156e-13,3.16754992424565e-13,9.485440229630878e-14
sub-15,0,22.499124611665387,4.946862918527883e-11,9.013142771215434e-12,1.2512490299315016e-12,2.714435783653853e-13
sub-15,1,21.26945362912558,1.741418164266135e-11,2.7909457240780255e-12,5.183799127058105e-13,2.7627473331438416e-13
sub-15,2,19.613548366772918,1.8595567220276826e-11,2.8093886316393882e-12,4.1109425147254214e-13,1.5167791640771281e-13
sub-15,3,18.89250865158373,6.648127296386969e-11,1.0049639951461748e-11,1.2190471001032906e-12,1.7893016541275385e-13
sub-15,4,17.893485722802545,3.773763512161586e-12,6.534086795619759e-13,2.24582144605247e-13,1.984476967744354e-13
sub-15,5,14.107232024841139,1.1237934995736704e-12,6.333126063075546e-13,2.3353625570130116e-13,1.708435284321524e-13
sub-15,6,20.90127033118513,9.422407735452894e-11,1.134905790677829e-11,9.3530618814109e-13,2.418336698565605e-13
sub-15,7,17.15676515063599,1.0896906677004904e-11,1.7685568254118011e-12,2.457295410647335e-13,1.0677478267374445e-13
sub-15,8,18.69209408882958,3.389654470327514e-11,3.9044590787602116e-12,6.05654908610134e-13,1.4879171901616407e-13
sub-15,9,20.002790639434362,5.946616543916706e-11,9.362756228412016e-12,8.589280355013179e-13,1.526550968393825e-13
sub-15,10,22.3008064262105,7.553493689884267e-11,1.2691923134751207e-11,1.3957403853545848e-12,1.6785368581814087e-13
sub-15,11,24.002489455131364,7.299922193983742e-11,7.967405258705065e-12,8.147190959549893e-13,1.8146121178517174e-13
sub-15,12,27.635783663104508,5.190439966067554e-11,5.593302515734399e-12,9.096052188800146e-13,4.5454515381725036e-13
sub-15,13,21.394778650809368,8.24360429939852e-12,1.4124292423490675e-12,3.640798640932527e-13,1.578814675678879e-13
sub-15,14,18.466884808117715,2.467201748799364e-12,5.981237799232623e-13,3.208074824042437e-13,1.9168446687583095e-13
sub-15,15,26.152253294001024,1.6123741868947373e-10,2.0874291420221655e-11,2.1825208831104623e-12,2.9266356326749923e-13
sub-15,16,23.807644063376685,5.528364616036419e-12,8.031160259507085e-13,2.85426765659543e-13,2.355088811678642e-13
sub-15,17,26.90584525602656,5.2745929545318884e-11,5.954216570389903e-12,6.959827896452591e-13,2.8901931770683536e-13
sub-15,18,24.487861598210383,1.8368069784597455e-11,2.902372993213127e-12,4.888848718386086e-13,1.2348792413114375e-13
sub-15,19,25.869874006889365,5.916575123655175e-11,6.352325721536972e-12,8.719182372337177e-13,2.4135631035828736e-13
sub-15,20,17.437952284583112,1.0109682647974187e-12,4.4249863488923063e-13,2.2280373567817517e-13,1.680961094320674e-13
sub-15,21,22.195827886614858,3.475820325357684e-11,4.508638781620162e-12,4.943602913130493e-13,2.4493658917690555e-13
sub-15,22,19.42644093654938,7.265120298107304e-11,1.0274502313776746e-11,1.221919622165422e-12,1.9892112158395717e-13
sub-15,23,20.53827329418441,2.3414986541020923e-11,2.193586438835937e-12,5.293269443530841e-13,2.23716658091917e-13
sub-15,24,20.65818438125585,1.9035742354921852e-12,6.095437975850857e-13,2.1753343981622219e-13,1.0636365336122232e-13
sub-15,25,25.38119112603389,4.522200837397941e-12,7.957544213151671e-13,3.486163708055822e-13,2.1186784345900653e-13
sub-15,26,30.148517944444997,8.771302067440454e-11,6.756579096720202e-12,8.57047354214945e-13,3.9315332747889025e-13
sub-15,27,22.061143161866177,3.733289014207284e-11,5.8079126784440965e-12,7.24142505771996e-13,2.928439189120217e-13
sub-15,28,22.0618716168885,6.456118804008572e-11,8.242815244002532e-12,5.371201994316631e-13,1.824904241354618e-13
sub-15,29,23.025069750100016,7.582319517272695e-11,5.565733432154984e-12,1.4584342432093097e-12,3.5594348412113445e-13
sub-15,30,23.16702156919886,2.8870738000968524e-11,4.250078524250871e-12,1.5312484338299606e-12,3.187887041175964e-13
sub-15,31,21.60327262764943,1.943503076317667e-11,2.2252145551571304e-12,3.8169627005210865e-13,2.653106563699478e-13
sub-15,32,19.011834497055315,4.225504957846179e-11,6.058157654547927e-12,7.445150412389244e-13,1.731417743835526e-13
sub-15,33,23.08890061310286,2.7488559208867343e-12,7.526067126106274e-13,2.958206279547771e-13,2.1192989305479281e-13
sub-15,34,24.175274024818204,8.312911831712443e-12,1.470348066549525e-12,4.5350612631734373e-13,2.1234365248032633e-13
sub-15,35,25.854680084975374,6.833909153169919e-11,1.0088766487194932e-11,1.4225669685268704e-12,1.9634573978047289e-13
sub-15,36,26.736641141491457,1.0393980704333492e-10,8.95608349749464e-12,1.233511176499983e-12,3.233673542547101e-13
sub-15,37,30.599447512013423,9.824391694065829e-11,9.577817734468559e-12,1.2203701551657293e-12,2.321211375599549e-13
sub-15,38,24.92687931871484,1.3835980452537554e-10,7.349969142080706e-12,1.2011053782971176e-12,3.1909554679650794e-13
sub-15,39,30.51350443511344,1.1727474357348823e-10,1.0441428873126124e-11,8.945938969048466e-13,6.607611717634307e-13
sub-15,40,28.100470292474927,7.884874941634875e-11,1.275599925962642e-11,1.577128130650588e-12,2.7054477284489623e-13
sub-15,41,22.53306668235061,5.871615350301908e-11,7.582982093867661e-12,8.705430350519353e-13,2.1191602412127027e-13
sub-15,42,22.681821740812904,1.0377812289624764e-12,9.400814019340452e-13,1.9014942801820452e-13,1.7268025165248113e-13
sub-15,43,19.7038256383799,4.694214584248691e-11,8.726881982321288e-12,8.917537377831139e-13,1.9698172293389733e-13
sub-15,44,21.989522651521305,5.6039988870795146e-11,7.55957118487197e-12,7.866684433925824e-13,2.726762356702868e-13
sub-15,45,28.826635567653916,3.669904162673705e-12,9.826511059430402e-13,4.0031256974486917e-13,3.091119708780306e-13
sub-15,46,32.523204731903405,1.328901250300105e-10,9.695515194766776e-12,1.0982522266195376e-12,7.378885452766369e-13
sub-15,47,24.85791021895086,7.969701671485929e-11,8.161247328983171e-12,1.202296927105158e-12,3.6415523568249564e-13
sub-15,48,25.61831140638571,3.4601788518287746e-11,4.0872569604526544e-12,7.978648788414311e-13,3.127991719241834e-13
sub-15,49,26.770698461125452,1.1362884740196751e-10,9.712179906221545e-12,9.621382617143262e-13,2.1355358036797473e-13
sub-15,50,24.896616034961333,4.874241563113698e-11,5.627583182411902e-12,7.358166596360696e-13,2.0456974227556756e-13
sub-15,51,17.224617364046132,6.110606769800345e-13,8.645972071102175e-13,2.5834352442857163e-13,1.1516596234837161e-13
sub-15,52,22.082036485929223,1.2026313644826167e-10,1.0456421763234976e-11,1.69464197999765e-12,2.5310635505995593e-13
sub-15,53,17.892366012486285,1.1433898757416084e-10,1.4421771846296807e-11,2.3519405294564954e-12,3.0363397910089926e-13
sub-15,54,53.04360974220886,8.81749480228138e-11,1.271317728925479e-11,1.8523028194431397e-12,7.901107160484029e-13
sub-15,55,23.821013967461695,1.8544740917844138e-10,1.9272492581818027e-11,2.2671818659222113e-12,3.719532943985971e-13
sub-15,56,26.508494211674353,4.813085623071258e-11,7.806963518274438e-12,1.341598828312567e-12,1.9328001020826023e-13
sub-15,57,21.384265603952826,1.459277105871489e-10,2.1927126936454878e-11,1.9044340957048216e-12,2.6732336948468087e-13
sub-15,58,23.214087988940786,4.131379368827782e-11,4.6370754607869955e-12,5.366299391135437e-13,1.5200618854658032e-13
sub-15,59,19.584895756595472,8.900429572736727e-11,8.344865747304202e-12,9.165140762161159e-13,1.4622894334385358e-13
sub-15,60,31.44140447873421,3.3928188905262165e-11,6.071270034586986e-12,8.231051801170305e-13,2.1871556015044498e-13
sub-15,61,26.98787442110415,3.94184453967966e-11,4.385143571851337e-12,7.106509045933428e-13,1.588949530427508e-13
sub-15,62,21.54915941363332,8.667087855901608e-11,1.0746419274186924e-11,1.5226325700535726e-12,2.8446420479604104e-13
sub-15,63,55.22940143965743,1.3593086003612082e-11,2.412005824342949e-12,8.551864186614461e-13,4.983553274690978e-13
sub-15,64,23.85502205206905,6.032784181811508e-11,8.247111296999832e-12,1.0323529507958189e-12,2.0301280646670064e-13
sub-15,65,25.34354174202495,6.314395894191091e-11,5.868436182901342e-12,1.2601342954098078e-12,2.1426637751338196e-13
sub-15,66,21.151269851787053,8.529428700832866e-11,7.423186156644848e-12,8.32612186208327e-13,2.364637761957867e-13
sub-15,67,18.18489419663336,7.700316372986937e-11,8.105976241124118e-12,1.3520847638940368e-12,1.6841957802886528e-13
sub-15,68,23.461874743682138,1.05324420593009e-10,1.173071175704987e-11,1.3563621083678509e-12,1.8636394433439973e-13
sub-15,69,25.424585026121346,1.7835418706196943e-10,1.4699976936109046e-11,1.4250079542627022e-12,3.308078769194449e-13
sub-15,70,23.78506102566901,7.270652393705566e-11,8.336968532118048e-12,9.175515287762357e-13,2.2024635514858547e-13
sub-15,71,22.356004526220058,8.368840016449657e-11,1.0486125898763021e-11,1.3161130586828594e-12,3.2149650891117826e-13
sub-15,72,35.12436592526387,2.1450739548331617e-10,2.022696321858072e-11,2.710133063629033e-12,4.1025823408536234e-13
sub-15,73,21.325173899093297,4.016818760153874e-11,4.7420214572025694e-12,8.796646060310299e-13,5.012048242212636e-13
sub-15,74,27.094310904810428,7.901383662037335e-11,9.142872040993553e-12,7.022209618299675e-13,3.3810730532720164e-13
sub-15,75,27.401916702469983,1.201714634049528e-10,1.2376898526160957e-11,1.7678315959115329e-12,3.7956352386472774e-13
sub-15,76,20.736330327176088,6.377517610308064e-11,6.0944477184449625e-12,6.400959463640585e-13,1.749612875333664e-13
sub-16,0,15.793078162775283,3.4922578511302606e-12,1.8170809329867757e-12,3.648628479438778e-13,9.576931907292067e-14
sub-16,1,17.872802952255878,6.597265793994204e-12,8.731512213481651e-13,3.526757869770594e-13,7.679736616430755e-14
sub-16,2,17.39664517569769,3.888086412485107e-12,7.557289221926624e-13,2.3381133792734133e-13,1.0130259408294288e-13
sub-16,3,13.50886994296381,1.9647720933934065e-12,1.0730929169077015e-12,2.2591288724476106e-13,1.057057817931861e-13
sub-16,4,17.664098378682638,6.887907016465554e-11,8.441557875555183e-12,6.186303638222362e-13,1.0689149532723042e-13
sub-16,5,16.197309774678192,3.9920384376429535e-12,4.578014653759903e-13,1.8858203653196377e-13,9.01177529291945e-14
sub-16,6,15.90711568204545,5.999124441526458e-12,5.68541719835708e-13,2.4344103134811573e-13,1.0781118881754685e-13
sub-16,7,34.85018075838122,2.938142488929704e-12,5.040065223028114e-13,2.9508167953094345e-13,1.93763222874801e-13
sub-16,8,19.1441284238889,3.765102829555314e-12,7.337297507404479e-13,4.1340435048223233e-13,1.5634828825217507e-13
sub-16,9,16.974488051784032,3.142658369228385e-11,7.222601213776952e-12,6.731612275201443e-13,1.5889972883334595e-13
sub-16,10,14.928165700271407,1.9305259528789273e-12,3.5623449920648273e-13,1.2990625516343595e-13,1.0647208373403071e-13
sub-16,11,16.12690698768348,3.2399412395643536e-12,4.3033593030762604e-13,2.8735906799193336e-13,1.1318983408187209e-13
sub-16,12,15.252828383158677,2.832778481576312e-12,7.261793060883975e-13,1.9324765882690744e-13,1.0045682070183088e-13
sub-16,13,16.46626324400315,3.704759491831556e-12,5.587570524846723e-13,1.7424643936557804e-13,1.2430893654217425e-13
sub-16,14,12.921073645424569,1.5121964428947142e-11,2.039876634605062e-12,4.357576444333335e-13,1.0231188206841283e-13
sub-16,15,17.1895012899448,1.860679615716119e-12,5.57645426368764e-13,2.0102028280155222e-13,9.072498682430921e-14
sub-16,16,14.373704439898875,3.931298564041574e-12,1.3325894347236625e-12,1.7081761362464245e-13,8.36734848351545e-14
sub-16,17,16.596875426900013,2.35703583187239e-12,5.43501675834476e-13,1.9969279771746559e-13,7.607861149756062e-14
sub-16,18,13.891244618542416,8.966424242270637e-13,5.032292313923878e-13,2.391280947079435e-13,9.30446340685906e-14
sub-16,19,11.578778947380082,8.349741456338019e-13,8.627258994646079e-13,1.467331226021218e-13,9.203267677407399e-14
sub-16,20,20.88812376811234,8.18592934246324e-12,6.211609440813046e-13,3.414827412822756e-13,1.2169666892648005e-13
sub-16,21,16.408859404451,4.5317111881934636e-11,3.3541138934764683e-12,3.7642392050905063e-13,1.173083223108928e-13
sub-16,22,15.717940705106258,1.0952669953707242e-12,3.1407402093368865e-13,1.713434315739054e-13,1.0295177625943692e-13
sub-16,23,14.557807305787435,1.8312115094230964e-12,3.5422697657739987e-13,1.5953613167147133e-13,1.288077492680161e-13
sub-16,24,14.827035645701626,2.3366716531539445e-12,2.1836789381721423e-13,2.6620818945626256e-13,1.0545836390319436e-13
sub-16,25,17.046559963972854,1.3370500026047445e-11,1.3259178301367759e-12,2.6926579949154456e-13,1.3646107477478616e-13
sub-16,26,14.195647503944942,1.888813750934333e-11,3.412273661484322e-12,2.0860783191594402e-13,1.0827770155487785e-13
sub-16,27,19.148048421914275,2.9462457722902907e-12,7.451300567749395e-13,3.255198773096973e-13,1.661384442356866e-13
sub-16,28,18.842162530315996,9.852163650910902e-12,6.283543896002181e-13,1.8854300320526433e-13,1.2634677782964093e-13
sub-16,29,17.32445438780708,3.098188725790225e-12,1.1753428887149003e-12,4.4857621331520147e-13,1.391894140413448e-13
sub-16,30,14.668635828970435,3.0446487170941026e-12,1.0160887834394539e-12,2.312881771105092e-13,1.2468732407357328e-13
sub-16,31,23.543932372962324,2.178295292256877e-11,2.3809397133592177e-12,7.062649117613858e-13,2.1795797575457472e-13
sub-16,32,24.514131385776107,1.8689761585388255e-11,5.609604522607307e-12,8.303280226701319e-13,8.191292925513623e-13
sub-16,33,17.515714674952946,2.736775385977064e-12,5.676088209575076e-13,2.254700078262055e-13,1.413743096205005e-13
sub-16,34,14.428029239650485,1.1024771520986125e-12,4.751291024605245e-13,2.8999824282542036e-13,1.7644063047592317e-13
sub-16,35,15.537684515986452,9.191415227894138e-12,1.9254467841113502e-12,2.994327083393709e-13,2.160191366809058e-13
sub-16,36,18.166135740214532,6.139946816440627e-12,8.258008668495653e-13,1.7727418380284618e-13,1.900979443074539e-13
sub-16,37,11.848240630196264,9.552289098279123e-13,7.182875989737512e-13,2.8260484879758605e-13,1.2186756777638439e-13
sub-16,38,14.122337237740453,4.524268360948761e-12,5.31244362060143e-13,3.198968039532092e-13,1.2757757390790754e-13
sub-16,39,19.36838045625377,6.3985940411079235e-12,9.226027459585713e-13,2.1160089201965306e-13,1.2711664519763175e-13
sub-16,40,16.71403086125432,2.3302585460360267e-12,7.982428841201898e-13,2.948513904793835e-13,1.615309011220952e-13
sub-16,41,17.871085268239636,2.7505567574370667e-12,5.156740399801024e-13,2.622768963494367e-13,1.4504333767947243e-13
sub-16,42,29.416327570005098,5.279629759033884e-12,1.3385935283146915e-12,6.889922368189128e-13,1.036360330904341e-12
sub-16,43,20.39986751659384,5.773572106931322e-12,7.750643078791237e-13,2.8179362134318645e-13,1.453177025967506e-13
sub-16,44,20.37695899087393,2.517998652325981e-12,8.495195930082184e-13,1.8612164525505965e-13,1.45704550292781e-13
sub-16,45,19.488642636287487,8.584912837059758e-12,1.4372143733412773e-12,2.668647954106065e-13,2.207081706454009e-13
sub-16,46,14.073037185879121,2.843618167710102e-12,7.436399825726054e-13,1.9321381215284188e-13,1.0453097496276275e-13
sub-16,47,15.255230637099222,2.973743697372709e-12,5.671050939334575e-13,2.329686807011479e-13,1.3740646496837457e-13
sub-16,48,13.69983465545648,4.131034333673278e-12,9.862378384094467e-13,3.016792734120516e-13,1.2103294015697705e-13
sub-16,49,17.31070412538703,1.4312265916188784e-12,6.834767262640751e-13,1.7831161675929522e-13,7.800457030966764e-14
sub-16,50,16.215623392722925,9.555878026496064e-13,4.622451173020015e-13,2.047311039576907e-13,8.372138824450391e-14
sub-16,51,15.249985522516345,2.372354595807971e-12,5.073659446390895e-13,1.3179133664613683e-13,8.552509753080844e-14
sub-16,52,17.292916457995627,2.002179596081694e-12,6.489580904341336e-13,2.4437794177784217e-13,1.689433016531363e-13
sub-16,53,20.283440716878143,1.7247093711488059e-12,5.608380879008926e-13,1.5919676272851124e-13,9.321815752158609e-14
sub-16,54,16.226757002081662,2.82934505461333e-12,7.832590144325425e-13,1.966531691104697e-13,9.016660440005777e-14
sub-16,55,19.13117527953714,1.0753849536341997e-11,2.335476410220986e-12,3.4989209059242667e-13,1.3272222301148634e-13
sub-16,56,17.27348691021341,1.2967638020035922e-12,2.6906026875167397e-13,1.2169591181792127e-13,1.0104765739014667e-13
sub-16,57,19.771967020852955,7.775252126094928e-11,4.7391903783626095e-12,5.487222107143351e-13,1.2095674663322555e-13
sub-16,58,19.45054572800324,1.1117411545949298e-11,1.201772490794959e-12,4.2633965821407926e-13,1.0048516567508499e-13
sub-16,59,17.568814344329475,7.355642058795871e-12,2.13621572003559e-12,5.108053924921869e-13,1.4868834756840475e-13
sub-16,60,19.945948618744612,2.2022046844178882e-12,6.31336581537313e-13,3.696877555276398e-13,1.0214224165924229e-13
sub-16,61,18.620619303718534,1.426912770507924e-12,6.135383329720589e-13,2.1324813691911717e-13,1.2893675193859116e-13
sub-16,62,12.227229516260191,1.658653943009559e-12,2.725682197724512e-13,1.9570384769168847e-13,8.056771539776277e-14
sub-16,63,15.43598612939414,4.44147960027729e-12,9.435462997190593e-13,2.1743752731130718e-13,9.161642212893447e-14
sub-16,64,18.96055585701807,3.1927048387220918e-12,7.710397866304904e-13,1.7519345095638967e-13,1.1104847852394133e-13
sub-16,65,17.034585038804437,3.2461911104554164e-11,4.636528414562449e-12,5.34253933674485e-13,8.351322921692275e-14
sub-16,66,20.234581325422372,3.3047697498882883e-11,5.575079946250055e-12,5.364856984221397e-13,1.0974196925136491e-13
sub-16,67,19.98994733064115,3.223688898569658e-12,7.502824129347866e-13,1.9032113438046103e-13,6.242443285145707e-14
sub-16,68,19.285036258627173,2.7238280013607664e-12,1.0250255523143037e-12,3.0965897113939736e-13,7.892076314373595e-14
sub-16,69,15.67180863122228,2.8220269327351584e-11,2.73982671370321e-12,2.2472084962418062e-13,1.0984651881939817e-13
sub-16,70,19.750325850980097,1.576527815931811e-12,3.5813490372285773e-13,3.2414280331113596e-13,1.4469779914618436e-13
sub-16,71,17.64127665535636,1.5752535278687634e-11,1.1082806340962743e-12,1.9747724121477953e-13,1.3278860594514167e-13
sub-16,72,15.503385776329708,2.4634559431759394e-11,3.4438755285238386e-12,3.3007539451901686e-13,1.3626387060400562e-13
sub-16,73,13.524402128591513,1.784933658248914e-11,2.958310721332392e-12,3.362294001058034e-13,8.271158913750043e-14
sub-16,74,13.637135898512499,1.0430651202155232e-12,8.172184863799488e-13,1.4578847440440265e-13,9.302146851852493e-14
sub-16,75,16.95304302349783,3.2581323557024928e-12,1.2954520724619725e-12,3.1309528261284867e-13,1.073102053387951e-13
sub-16,76,14.784650737515193,6.106540377096609e-12,1.2995528207876478e-12,1.6621505404451747e-13,1.190623201325172e-13
sub-16,77,18.0894996870504,2.149133568984529e-12,9.199257895509044e-13,3.3260848034107463e-13,1.244490534580118e-13
sub-16,78,13.017376736450291,1.5925738713345726e-12,6.700147036560129e-13,2.7093389095056975e-13,1.2921524002544073e-13
sub-16,79,13.114331463746316,7.662145389062732e-13,6.334132311926094e-13,2.4752000562844793e-13,1.229177083451653e-13
sub-16,80,19.808380556346815,4.1697780075304185e-12,6.705534482588325e-13,2.2415792855387045e-13,1.3367074796102337e-13
sub-16,81,16.932492543306935,1.3447909625563617e-12,5.108315493092308e-13,2.087319168021709e-13,1.2263823382439991e-13
sub-17,0,24.523668259764626,2.553278676845808e-12,1.3068147998219963e-12,3.2930424393125004e-13,2.8797366073938497e-13
sub-17,1,36.77349683731258,3.61991651735661e-12,6.544006558268376e-13,5.599184989821959e-13,3.075995691642681e-13
sub-17,2,26.64013319815261,1.8983933533839928e-11,3.823915534640619e-12,1.1621561687465667e-12,3.5028413858573025e-13
sub-17,3,26.17509171323955,4.3848269401154395e-12,1.0957394784031455e-12,7.202657953545924e-13,3.6578679067241225e-13
sub-17,4,26.63016664902387,6.144524850686884e-12,8.795641767294724e-13,5.118601555877865e-13,3.8082747391547283e-13
sub-17,5,18.034262682681003,1.899098054681655e-12,9.0638781992032e-13,4.402371423229296e-13,3.2387138429932777e-13
sub-17,6,25.113302977282128,5.0911506678513555e-12,1.6826373555042996e-12,5.415952710711677e-13,2.772926859943978e-13
sub-17,7,21.96495675387981,5.233170156310865e-12,1.5002393254920833e-12,7.907823093135544e-13,3.6752768463916725e-13
sub-17,8,17.77418231411708,7.624897910622098e-12,9.4442888023624e-13,5.060751990453689e-13,4.297362086180802e-13
sub-17,9,20.7842310722976,1.0363024428245243e-11,2.815460027712229e-12,7.797970647005769e-13,3.041333543963605e-13
sub-17,10,20.20810736893206,1.0389933438946495e-11,4.236051553096958e-12,1.0868425608178512e-12,3.220377722921438e-13
sub-17,11,21.810837360524822,7.623608141127464e-12,1.1960690676100662e-12,3.503552435117368e-13,2.524743900470743e-13
sub-17,12,18.92876084399924,7.903693538631404e-12,1.003233171757639e-12,8.055974544688894e-13,2.669674144067718e-13
sub-17,13,22.841938563339507,3.5466094407570475e-12,1.3247811658272607e-12,8.755375833148231e-13,3.13111244490997e-13
sub-17,14,19.372428776849414,5.961780060223716e-12,1.7601671245322002e-12,8.596782043532583e-13,3.22450941064477e-13
sub-17,15,19.999075273977102,2.7721729662787218e-12,9.617352377723694e-13,7.852739300346961e-13,2.9186304359673977e-13
sub-17,16,19.487740167929363,3.237593029278859e-12,1.2928893828154591e-12,3.412458077461646e-13,2.135125117845301e-13
sub-17,17,15.743645354608075,2.750623390047363e-12,1.0063014492275243e-12,5.053113515130563e-13,2.4066446993005686e-13
sub-17,18,22.50178543093752,1.4135641433076631e-11,3.5697281613370217e-12,1.0080312178528146e-12,3.0739581506391334e-13
sub-17,19,21.388484648766394,7.34985080454528e-12,1.9170405238361605e-12,8.340364994029229e-13,2.2057032693355813e-13
sub-17,20,23.515347769998957,1.0047395680985187e-11,1.7887766412583424e-12,9.553749985475375e-13,2.5828002257432915e-13
sub-17,21,22.4869425280951,1.7294203471019694e-11,2.4138193470892814e-12,6.184719700753353e-13,3.1176419547884047e-13
sub-17,22,24.468550731345115,9.836061545136693e-12,1.7879919728541675e-12,8.149403057887862e-13,3.1508985240658757e-13
sub-17,23,22.280667601272242,2.386114608090082e-12,1.7279982600979526e-12,4.447763981433158e-13,1.6589308231900207e-13
sub-17,24,21.33938637529265,3.579556486379657e-12,1.0769966345544646e-12,3.7226854215687413e-13,2.2015007024520523e-13
sub-17,25,25.304780013775773,2.2278352896303116e-12,9.10853658971746e-13,4.5448020101890275e-13,1.8552880208928123e-13
sub-17,26,23.46177722159698,2.19597779591675e-11,4.1603601135613066e-12,9.795642543259671e-13,3.3150612886210275e-13
sub-17,27,87.17314944753679,1.780949506441583e-12,8.094611612444857e-13,4.680481807597164e-13,2.6482853507409763e-13
sub-17,28,33.54722318085109,1.949520193411265e-11,3.198968495627496e-12,6.587745965122793e-13,2.126199062553868e-13
sub-17,29,25.457354841083657,2.3023500269933496e-11,5.961711946295931e-12,8.678701080687929e-13,2.198391159862606e-13
sub-17,30,27.871785528008093,5.442512754266114e-12,1.932995587141045e-12,6.995890981192824e-13,4.0092643668420696e-13
sub-17,31,21.8987098462305,7.512055941664168e-12,1.7031861262530239e-12,4.970360388000079e-13,2.0495626533956252e-13
sub-17,32,25.436242780865786,3.2375168607963015e-12,6.73093084996579e-13,2.71574456546637e-13,1.7798588546849976e-13
sub-17,33,32.77984573597769,8.298713793036233e-12,1.651229891662328e-12,5.996206055924009e-13,2.026851446140348e-13
sub-17,34,23.619114546527033,9.453062934833355e-12,9.70625949596623e-13,5.552104096656608e-13,2.0423379347511868e-13
sub-17,35,25.940115609737607,6.496213550094686e-12,1.741194784121706e-12,6.43945880586801e-13,2.0781698921000537e-13
sub-17,36,19.47551982621691,9.545300394660696e-12,1.7639621656189628e-12,5.612053963487333e-13,2.1876399785176016e-13
sub-17,37,16.37286842082577,7.647608451898378e-12,8.165198583640768e-13,7.435157910681542e-13,1.6040446937683666e-13
sub-17,38,18.131656443306145,1.2093707404107013e-11,1.6131848469384577e-12,9.266891074510792e-13,3.548402654512656e-13
sub-17,39,42.45026537204134,1.2280841927579192e-11,3.5109619623286562e-12,9.086048699389311e-13,2.824187110364394e-13
sub-17,40,42.69865857131249,1.1741982515446015e-11,8.943092082718233e-13,7.033527092360022e-13,2.425403241560312e-13
sub-17,41,25.812811015891665,2.1901940271387427e-11,2.4606413136932107e-12,6.709297161308301e-13,2.1675904940504185e-13
sub-17,42,23.76428845969837,1.1605830461927569e-11,2.648568010982277e-12,7.823234871165519e-13,2.324816480110794e-13
sub-17,43,24.535637324536935,2.3795636864806812e-11,2.4177982379044152e-12,1.6589263876050057e-12,3.2064915948551567e-13
sub-17,44,22.80678441938353,8.143223297503472e-12,1.7932594944703464e-12,1.2565208757021193e-12,3.0395264108131617e-13
sub-17,45,23.805035494121412,5.2845989760067165e-12,1.0668989758797648e-12,4.715278655890585e-13,2.761974735725648e-13
sub-17,46,23.671930354054222,2.0498314114665007e-11,3.283458079761843e-12,4.598101710349733e-13,2.2182411669542698e-13
sub-17,47,19.660723150198724,1.4544722117234228e-11,2.5550094010425566e-12,6.575930887059484e-13,3.7429559749117086e-13
sub-17,48,22.037037098463266,1.1394151413284061e-11,1.4410018365920973e-12,6.545380401605222e-13,2.741191598826663e-13
sub-17,49,19.892128605583164,9.844788005701105e-12,1.3723662033266932e-12,4.737465209984529e-13,2.4490345275986955e-13
sub-17,50,19.124467410976443,6.877763533020731e-12,1.6711758081389408e-12,4.1629424836925575e-13,1.9605866601175867e-13
sub-17,51,18.600047334712762,7.74724177855768e-12,1.535135356552798e-12,3.7960171308555153e-13,2.44183213781089e-13
sub-17,52,20.185030874422164,1.298921014640731e-11,3.678215496721555e-12,9.687509602093101e-13,4.147741462193826e-13
sub-17,53,20.074800112515348,8.964274495577625e-12,7.690897326823767e-13,6.433794958998119e-13,2.2430804093696327e-13
sub-17,54,20.441856075046196,2.330996060220312e-11,3.645281692225026e-12,1.165316897504629e-12,3.2732211572201987e-13
sub-17,55,22.2999598031871,1.2683962022145313e-11,2.413284908097549e-12,1.094266486710307e-12,3.3335013730704545e-13
sub-17,56,18.812313957388866,9.81491006677265e-12,1.6570329826905455e-12,6.962146811624387e-13,2.6459262895614015e-13
sub-17,57,16.552664047047386,2.8876081713742706e-11,4.033143801219089e-12,1.0967450497462703e-12,3.46555319517555e-13
sub-17,58,17.285566713720108,2.7530437173133433e-11,4.427530025975585e-12,1.0098900882890052e-12,2.4450266516762e-13
sub-17,59,15.580928733831854,2.69908811807128e-11,3.726218634810042e-12,7.409060532207158e-13,2.9882131211547853e-13
sub-17,60,16.022129819912166,2.5726494525667712e-11,4.1915985983637374e-12,8.171394755794025e-13,2.9526280905551936e-13
sub-17,61,16.315096717991803,2.7298729812085515e-11,2.9486483637291466e-12,7.843613953120561e-13,3.970931072540136e-13
sub-17,62,18.712201215836945,4.419961721484537e-11,7.805040851680044e-12,1.1981159756204653e-12,2.2457408887511848e-13
sub-17,63,17.713166563992658,4.904361462193083e-11,2.9221261912934717e-12,7.656441236705918e-13,3.401958186007313e-13
sub-17,64,20.512436321060427,6.223671593836557e-12,1.2587705710155241e-12,5.996120177248306e-13,2.2628342442841777e-13
sub-17,65,20.586262456847177,1.7941715861771696e-11,4.989671808249681e-12,1.240651429796364e-12,3.5719908858083886e-13
sub-17,66,24.109333295005047,9.261350423255858e-12,1.6453579707140026e-12,6.88925119674525e-13,3.094891637140406e-13
sub-17,67,17.393334514737795,1.3584768652551474e-11,3.2414712741105206e-12,7.91235957110809e-13,2.920822030833697e-13
sub-17,68,17.820020617205802,3.078440589574651e-11,3.476741368558225e-12,7.899333765527077e-13,3.391694606155366e-13
sub-17,69,17.089355150354514,1.3693052167904091e-11,4.046000500942201e-12,7.19722074258481e-13,2.4004577778051594e-13
sub-17,70,17.685524933418147,1.0030682595617335e-11,2.0208546749156075e-12,1.849574767369591e-12,3.62021750062019e-13
sub-17,71,17.20400192807457,1.7033448577949706e-11,3.5397204545366624e-12,1.0586667336403891e-12,3.1342123962275275e-13
sub-17,72,19.892223907457108,2.723703960693239e-11,4.916037530091762e-12,7.119716483667155e-13,3.032949364860299e-13
sub-17,73,17.640593265431182,6.74081989919395e-12,3.0728860490651793e-12,9.333631105057957e-13,2.774241370907262e-13
sub-17,74,17.12863657562637,1.4970654792580084e-11,3.130869110743115e-12,1.2344919610923919e-12,2.8911480010312385e-13
sub-17,75,20.460987167858615,3.432149985447092e-11,4.3590790306538965e-12,1.011762735422076e-12,3.6148436876143385e-13
sub-17,76,16.531034928522157,2.1031949005135546e-11,4.575369083038082e-12,1.1137675020764121e-12,3.8431505958855467e-13
sub-17,77,20.223382544893642,1.7184885304976498e-11,3.800753289577044e-12,1.9315195232255748e-12,1.845874343538914e-13
sub-17,78,16.69903840736292,7.215677273401728e-12,1.6188154934650266e-12,8.192794251132784e-13,3.083026796367503e-13
sub-17,79,22.61612320302692,1.5175843036084055e-11,2.5688245635019203e-12,6.176833446489674e-13,1.8162976519342505e-13
sub-17,80,19.426760891019086,9.616629918846887e-12,2.741802510052205e-12,1.6714306916467138e-12,4.201396231070952e-13
sub-17,81,20.32383540005364,2.8488962037461138e-11,5.72771095075163e-12,1.847857152548437e-12,2.399710347610079e-13
sub-17,82,20.445668902554527,3.03463966301832e-11,3.93436353786456e-12,5.866157205587364e-13,2.8104160305593824e-13
sub-17,83,13.895298530666333,2.004642802953104e-11,4.27897367309778e-12,1.1248479204368184e-12,3.21349722859522e-13
sub-17,84,16.28516816160129,1.1034854782237485e-11,2.480764815318964e-12,7.158869858094652e-13,2.950168789831972e-13
sub-17,85,17.29043268069787,2.7054147390176412e-11,2.3019700337864693e-12,9.385664323884336e-13,3.3410713439752067e-13
sub-17,86,20.90206361910553,3.5814967479502825e-11,5.459728464698611e-12,9.398012366178442e-13,3.426089687232397e-13
sub-17,87,18.778841845290934,2.297587434802438e-11,2.986731184161151e-12,9.655342070055306e-13,3.1028249725752125e-13
sub-17,88,14.139704182725225,2.4165376902709688e-11,2.9312086151445675e-12,8.328099412019468e-13,3.9827062921887365e-13
sub-17,89,18.4276801070205,9.833573418596372e-12,2.685806976984096e-12,1.1209521446976994e-12,4.339570609260591e-13
sub-17,90,18.292289465866418,2.4463073741045334e-11,5.158793840012499e-12,1.2134792258643609e-12,3.789157533637024e-13
sub-17,91,17.51668010857175,3.411842194334288e-11,3.90585161424539e-12,7.783960727242941e-13,4.097497398300942e-13
sub-17,92,15.077925151305008,6.525122589332609e-12,8.823806004713886e-13,1.164840083645296e-12,3.302023935027349e-13
sub-17,93,17.623590340408615,3.1178968396129146e-12,1.7727351434858307e-12,7.16690571589132e-13,3.53159174056762e-13
sub-17,94,18.052565809211195,1.0840251627529336e-11,2.6460272319314825e-12,8.184328002838566e-13,5.049864839116125e-13
sub-17,95,17.919312257467965,7.127848287221437e-12,1.8504322833220003e-12,6.262800713002013e-13,3.893025927022771e-13
sub-17,96,21.14983460221507,2.0516673220304498e-11,3.4108599379471875e-12,1.0032673001347215e-12,4.5437271621337913e-13
sub-17,97,36.802961047952884,8.857800452502067e-12,2.5603771176380174e-12,9.121435084142306e-13,4.935899709208405e-13
sub-17,98,26.725899838155463,1.6239373090756115e-11,5.437506024899279e-12,1.1877537555029545e-12,5.484507137334287e-13
sub-18,0,100.3267213960205,1.3211416110480994e-12,4.259783799617415e-13,3.02718741732546e-13,1.237892591782614e-13
sub-18,1,66.22190112009847,5.337868940234481e-12,5.305285770557798e-13,4.369010884755089e-13,1.489907568971994e-13
sub-18,2,54.997784030064594,3.265955328690656e-12,7.831794194331749e-13,4.867060160867444e-13,1.787029191826892e-13
sub-18,3,39.59430423878285,9.828436409037171e-13,5.424554178167803e-13,4.95744335397175e-13,9.895963319798751e-14
sub-18,4,40.27314597737676,1.2600541216814106e-12,4.129820170673775e-13,4.090589442094457e-13,1.439696069353858e-13
sub-18,5,33.58336954121148,5.2867636433166e-12,7.132945763497752e-13,4.925556169909403e-13,1.554418678529798e-13
sub-18,6,32.07464203263958,9.304527847023186e-13,5.048820879180331e-13,7.279687941650689e-13,1.566209754710509e-13
sub-18,7,28.645488423159037,2.0296602243385833e-12,4.1905403084722385e-13,2.186401487418436e-13,1.1237444627537895e-13
sub-18,8,32.255002283240394,9.608036775057706e-13,3.1561250275388513e-13,5.114369937143063e-13,1.0580335928430923e-13
sub-18,9,38.56000367209333,1.1046819332712956e-12,4.559419582401189e-13,9.533038776483397e-13,1.180425778188989e-13
sub-18,10,46.30185492528127,2.8152008022723282e-11,2.044338089260348e-12,1.0460348502100543e-12,1.307766406933591e-13
sub-18,11,74.03660660827877,2.416619340908138e-12,7.698372811560041e-13,3.209156325883226e-13,1.453728160094358e-13
sub-18,12,50.83326796266812,7.788200685783489e-12,5.736914972108602e-13,2.5279740752437736e-13,1.5462115237299719e-13
sub-18,13,38.04426625545034,1.166564317022703e-12,4.5177054195610553e-13,2.674586074232988e-13,1.102364947521597e-13
sub-18,14,43.50589737106116,2.3551914407508616e-12,6.975138891414428e-13,2.4833781054695027e-13,1.2557063743582393e-13
sub-18,15,48.80612579897977,3.4130534708936637e-12,7.531387887811241e-13,6.684851284851562e-13,1.563429110649335e-13
sub-18,16,50.6452942956748,2.228277074251931e-11,1.6157199172595254e-12,9.473446769105503e-13,5.242541379539239e-13
sub-18,17,34.13880083832018,1.1340230948863905e-12,3.4066028555965743e-13,1.4592799367794286e-13,1.1764945679142651e-13
sub-18,18,40.938669554928616,3.4536790627072594e-11,4.095783732609955e-12,7.095686868906633e-13,2.5642317692792884e-13
sub-18,19,37.63261120641057,9.433234238350528e-13,6.659355785638967e-13,1.9475037743170506e-13,9.43036931754389e-14
sub-18,20,44.357483947250806,4.617522233088324e-12,6.719653721536866e-13,2.6100184614782807e-13,1.218115270647463e-13
sub-18,21,35.60800802767253,2.133719896014748e-12,8.446538340265264e-13,3.203921138405162e-13,1.271553707038562e-13
sub-18,22,35.70735816538149,1.803712299281485e-11,2.327486802224947e-12,5.812058207654316e-13,2.008760405045955e-13
sub-18,23,29.28697273143741,5.476514979295073e-13,1.9714973872719996e-13,2.926857286233983e-13,1.2383892042515215e-13
sub-18,24,28.429171181711297,2.254501614123485e-12,7.103024107469978e-13,4.0134080299868375e-13,1.1573147607348744e-13
sub-18,25,29.028164972062438,1.534481906032386e-11,1.1759760459058325e-12,1.4351730247393226e-12,1.6799703401990243e-13
sub-18,26,58.313269099822094,1.3300771831145657e-11,1.3951387170879214e-12,6.597065609487375e-13,1.4443529541452034e-13
sub-18,27,62.28520050667396,4.680754107171615e-12,4.4974686289590183e-13,3.912260832291261e-13,1.580784012149746e-13
sub-18,28,68.6536225577281,1.4329016453957377e-11,6.266647671568526e-13,3.124188955680976e-13,1.2126777764335266e-13
sub-18,29,47.015469102661086,2.937752669469979e-11,1.4195847205740379e-12,4.993088188366231e-13,1.6512022869389282e-13
sub-18,30,35.93711603325478,8.2537550477369e-13,4.012515386520374e-13,4.914334063705802e-13,1.6768957321188005e-13
sub-18,31,66.30172861512494,1.9055603714211163e-12,6.927299128594221e-13,3.509793550328355e-13,1.0901128497570726e-13
sub-18,32,39.97078544787185,7.908950434337753e-13,3.963705192833809e-13,1.0021547084336112e-12,1.1311144766215772e-13
sub-18,33,35.88179589217362,1.1501057106532595e-12,4.05482993372096e-13,1.4504249815475492e-12,1.4501947867807889e-13
sub-18,34,33.620467401550485,1.2906601777422634e-11,1.4878744075002069e-12,4.579187338928786e-13,9.776777651934142e-14
sub-18,35,35.422692590885426,2.1527694169439714e-11,1.532530621070307e-12,4.4397014446322023e-13,1.0126493776104902e-13
sub-18,36,45.65316819395653,2.3385114291724023e-12,3.2951684288262327e-13,2.9815904552132637e-13,1.1105922453731338e-13
sub-18,37,68.04341321099943,1.2503647595569098e-12,3.0276595173704e-13,3.3651999122890057e-13,1.645059215346972e-13
sub-18,38,72.9829720173666,1.1167496185942587e-12,2.8790651175252225e-13,4.0136333874693663e-13,1.329625145151506e-13
sub-18,39,57.21684196101386,6.930435618404715e-12,1.0560057537839806e-12,5.504134309999344e-13,8.927097620950177e-14
sub-18,40,60.09104685973324,5.680248978206197e-12,6.103442842643624e-13,4.753660840661009e-13,1.6701377875865039e-13
sub-18,41,53.927942453011454,1.3767739981377034e-11,1.797018880228862e-12,5.005059351516909e-13,1.3001500242902165e-13
sub-18,42,52.30537355712246,3.643909467778205e-12,5.564035026317021e-13,5.682741324267754e-13,1.406008505619483e-13
sub-18,43,45.9843553120024,1.0126645456206565e-12,3.815804979198153e-13,4.5200547460195177e-13,1.3145648475938207e-13
sub-18,44,41.835845280596835,1.833698156062941e-11,2.937567772175136e-12,7.298213745859528e-13,1.1060230835873198e-13
sub-18,45,41.51384093528304,1.727749476996524e-11,7.150262595843336e-13,4.789984308556249e-13,1.3225403732945342e-13
sub-18,46,80.1178800342111,1.4530117669466011e-11,1.6721699610266125e-12,5.667948588382882e-13,1.4458087673790134e-13
sub-18,47,49.27215848474501,1.4560432686647232e-12,3.596020618553e-13,1.511018591647529e-12,1.2806004137693864e-13
sub-18,48,51.683786373586734,1.37973880404426e-12,3.92796307195315e-13,4.636081968698649e-13,9.429660809319257e-14
sub-18,49,43.8528982614594,2.6958797419707717e-12,6.577537880744263e-13,5.605085933752941e-13,1.743046746413421e-13
sub-18,50,46.81389078103527,1.2966024195649067e-12,4.787057837480548e-13,6.649163097865037e-13,1.74665449766669e-13
sub-18,51,66.17235434304821,2.4129300629426823e-11,1.2475790083747203e-12,8.156804588460048e-13,1.2753919413439058e-13
sub-18,52,69.33842541861279,2.6266664242527127e-12,6.017093294487137e-13,3.840471439464294e-13,2.0271531362628202e-13
sub-18,53,70.73168052333084,1.866522732965384e-11,1.2114532524633805e-12,6.250228494772163e-13,1.3523640175428587e-13
sub-18,54,66.80671020303619,1.300262771781489e-12,7.49034102332416e-13,6.140151365829412e-13,1.3193057187204471e-13
sub-18,55,42.36751368421106,9.854504329153967e-13,4.943785233921866e-13,3.6802010418242585e-13,1.1691407858484084e-13
sub-18,56,35.1800772566639,8.03532093261796e-12,1.0185780474271227e-12,2.853692207005144e-13,1.4827918414090959e-13
sub-18,57,36.845022536228996,9.238356896132275e-13,4.285612203779066e-13,1.9696839818771062e-13,1.1700394027113152e-13
sub-18,58,51.35442865658033,1.485405945416464e-12,6.225282650909426e-13,2.488841696532971e-13,1.3429349028487841e-13
sub-18,59,44.03853360184597,7.005863616361504e-13,3.4684094299337814e-13,1.2499347037148263e-12,1.168173050170958e-13
sub-18,60,33.13108517096048,3.3693791298543093e-12,7.319227081623029e-13,4.950143118566146e-13,1.1537360839342465e-13
sub-18,61,40.529871412568085,7.842677146370003e-12,8.5561080956325e-13,4.067442263028385e-13,1.262385582134001e-13
sub-18,62,43.735097053002,7.570039006600418e-12,7.691790803611476e-13,5.504507114774294e-13,1.432217261622424e-13
sub-18,63,33.48305318641548,8.884491354416997e-13,3.196525571640068e-13,1.2845357271591412e-12,1.4828125845465307e-13
sub-18,64,37.67685678516118,2.8417875762427093e-11,1.5944644051503585e-12,3.6188222545141876e-13,2.2181212380610944e-13
sub-18,65,49.49989103025388,2.8137905015699098e-12,7.050698755434484e-13,3.326665743069108e-13,1.4267170166009917e-13
sub-18,66,34.99575449731015,8.92025305611716e-13,3.133949689370169e-13,2.4841956986450553e-13,1.0667285993350837e-13
sub-18,67,36.782783910103724,5.351251750892941e-11,2.991338380737741e-12,3.6947832653581403e-13,1.3601890395910763e-13
sub-19,0,30.437300985095952,1.9561993677793176e-12,1.1283221218416629e-12,7.165415026351494e-13,2.984996244719907e-13
sub-19,1,17.565860178430015,1.2932008936902508e-12,1.6825332965265295e-12,7.241363183543434e-13,1.9377471797539518e-13
sub-19,2,13.84065858769401,1.6178392741044517e-12,9.608043123492392e-13,1.2591346945241225e-12,1.4985182039848647e-13
sub-19,3,25.03391755081214,1.877110893453337e-12,1.9651985904918066e-12,3.7983309587772185e-12,2.110521402546401e-13
sub-19,4,16.217919832087876,1.167413919494549e-12,9.692629744081732e-13,1.234804536722304e-12,3.514693218621344e-13
sub-19,5,12.820060272723733,2.3701492222866375e-12,1.3907678154153307e-12,2.0004730207602304e-12,3.372732986626242e-13
sub-19,6,15.520671002236888,1.6757431556513806e-11,3.0244722350073236e-12,4.8369279602190306e-12,3.059639917401139e-13
sub-19,7,14.378366673370088,1.4727249245245699e-12,1.4705312113131062e-12,7.037318301749349e-12,4.663307324488631e-13
sub-19,8,16.142848520544522,1.907000388646941e-12,1.2949970359383847e-12,2.2410753126788957e-12,3.315433483678019e-13
sub-19,9,15.863550569045701,1.6268607755958768e-12,1.3508412675460544e-12,9.472909318009407e-12,3.3846369689959567e-13
sub-19,10,15.976542536084295,1.1090468933955838e-12,1.5916250797682652e-12,9.295888365674621e-12,2.5605714835891617e-13
sub-19,11,13.079393466944566,2.7465799254059992e-12,1.5558818612425565e-12,5.2442060486605434e-12,3.413889071020344e-13
sub-19,12,15.687688693893323,5.943562361461923e-13,1.9154134323837366e-12,7.710125959750902e-12,3.797223791109304e-13
sub-19,13,16.21309858243413,1.8181004487884578e-12,3.152433805315592e-12,1.2035156368919694e-11,7.62070277003255e-13
sub-19,14,13.974266910953336,9.291612908722003e-13,6.274299028337051e-13,5.902216962052506e-12,2.7466746159145643e-13
sub-19,15,14.229660225503698,8.016976897505558e-13,7.635115496714139e-13,3.866417871128059e-12,2.5599641522187584e-13
sub-19,16,22.862969371903247,1.9860599093693246e-12,1.3711256183886773e-12,4.261907139811398e-12,4.814900676695289e-13
sub-19,17,14.866934044198047,8.380729194762152e-12,3.711639777236709e-12,7.5703242719638e-12,3.6718754454126537e-13
sub-19,18,14.628962749187455,3.556296465619179e-12,1.7955768344805483e-12,1.974127804927061e-12,2.486468857268241e-13
sub-19,19,17.470265187277455,2.307651112171851e-12,1.6773684166923382e-12,3.5950281693925766e-12,2.9792338926160394e-13
sub-19,20,14.56028026833968,9.230495042414919e-13,3.269160788511794e-12,2.9350090735398638e-12,2.9599516219067033e-13
sub-19,21,11.99648858892652,1.037683671565301e-12,9.16255033797891e-13,9.553348372160855e-13,2.378917548606152e-13
sub-19,22,19.888253191434213,5.138184997683503e-12,1.2322328435408563e-12,2.7949423867440175e-12,3.1391786446124227e-13
sub-19,23,15.365037071068322,1.4982472465328812e-12,2.6729065051432295e-12,7.1763088061248e-12,2.7258373817054744e-13
sub-19,24,14.948475578725171,2.656635639520833e-12,1.1594341247122445e-12,1.0906849809535202e-12,2.8722929897461424e-13
sub-19,25,12.219532617189726,1.5294591824964687e-12,1.4052168689853658e-12,1.5295241662072665e-12,3.1754570242729475e-13
sub-19,26,13.773800197314863,1.5904687768331335e-12,2.469154488306049e-12,1.2773331989668022e-11,4.492315767149301e-13
sub-19,27,13.470721840463982,5.621786835096138e-13,4.944811800872856e-13,1.905107022498898e-12,2.7272916701798075e-13
sub-19,28,14.66374176773925,2.1061585421571217e-12,3.7239150852516e-12,1.1241941209850462e-11,3.8260725440841076e-13
sub-19,29,13.745785168450636,7.70797145520797e-13,1.3146102314166948e-12,4.0074424568660906e-12,3.2003487474619675e-13
sub-19,30,21.78627874778582,2.7946080092607878e-12,2.0938320648281654e-12,9.51119456790049e-12,3.9558214672436275e-13
sub-19,31,13.8258451557074,1.0047749618275294e-12,1.668840828080751e-12,6.5595346521112306e-12,3.9222988061731994e-13
sub-19,32,12.489330471593538,1.6061132589078454e-12,4.181898221605484e-12,8.029736773176373e-12,2.931440914086962e-13
sub-19,33,13.120122877000425,1.7899766971084009e-12,1.1751961394711995e-12,8.411106625825151e-12,2.99838066362073e-13
sub-19,34,13.644958698106764,6.160319322099208e-13,1.6176257345602589e-12,3.2139475928687724e-12,3.4669714475501747e-13
sub-19,35,18.335706240441358,1.4625639547617155e-12,1.0146684413473076e-12,1.3349666247200228e-12,4.2107394524756263e-13
sub-19,36,13.323096722323864,1.340127365053009e-12,3.558326497153079e-12,9.936147582471359e-12,5.111970976527275e-13
sub-19,37,12.543099882686048,2.504003833473896e-12,1.7032019685018563e-12,3.716235644141092e-12,4.520405713833278e-13
sub-19,38,17.14896111689155,9.118947960208026e-13,1.7671014619408413e-12,6.761791323759566e-12,3.6969398950370917e-13
sub-19,39,14.50217528911869,1.6571549977045485e-12,1.7215957538746986e-12,2.214707379532431e-12,3.359930335226038e-13
sub-19,40,15.192160725721937,3.260233195483e-12,2.313920521013123e-12,1.3403734670993698e-11,4.228628948856226e-13
sub-19,41,13.573706150630407,2.1060277577958226e-12,1.438116122632507e-12,2.408041183060673e-12,3.0287812455569637e-13
sub-19,42,14.683569890526808,8.315884889152032e-13,1.115660486744711e-12,8.268015623444972e-12,3.873677298202172e-13
sub-19,43,13.591668798972531,2.370567414327999e-12,2.3030928347219903e-12,1.010264062811416e-11,3.8299606041591414e-13
sub-19,44,12.238009004348937,2.071275220745624e-12,4.230317519572565e-12,5.96882033259224e-12,2.6937248136396176e-13
sub-19,45,13.511437649256832,1.1642601969009634e-12,9.917206317837596e-13,6.406572980973781e-12,3.4918209952103807e-13
sub-19,46,12.28689463853044,1.709404646073444e-12,9.910395268478531e-13,1.1290798432204158e-12,2.1653743548419307e-13
sub-19,47,12.746327321136153,1.4284530198157786e-12,2.3375308017004544e-12,1.258835426395466e-11,3.7020474081165397e-13
sub-19,48,12.420128886534721,4.3962515568851276e-12,5.798299177346826e-12,1.0488825342601593e-11,3.8886920179951626e-13
sub-19,49,15.773857426464511,1.2169147062892321e-12,1.1261914448401056e-12,6.135942934647378e-12,2.880165292157776e-13
sub-19,50,16.125746247728504,2.064184529635887e-12,1.5864219314377263e-12,6.155572769589087e-12,3.0166469889386624e-13
sub-19,51,14.238634359268952,7.715304156356687e-13,2.2498868679099805e-12,5.9930717638501145e-12,3.830786155713513e-13
sub-19,52,15.30635537269411,2.2394102162240085e-12,1.2195433606574322e-12,2.936227295196276e-12,3.744340650460859e-13
sub-19,53,12.468028722325371,1.2877438377731594e-12,2.296349099196854e-12,9.715544295437189e-12,5.452089409582649e-13
sub-19,54,14.78367441546786,1.7500767453721108e-12,3.251663040608249e-12,9.328700406146751e-12,4.582029980013169e-13
sub-19,55,17.637454123952285,3.009259375458348e-12,2.2281964695195978e-12,1.7125922058893736e-12,5.031566049712574e-13
sub-19,56,15.800131346504187,4.232148554958772e-12,7.60923022299245e-12,1.598886023980476e-11,5.958686179249134e-13
sub-19,57,13.092209148920947,5.489701888833441e-12,2.520630852205264e-12,8.600674550842727e-12,4.376320131191762e-13
sub-19,58,15.592718662670602,1.126283914150756e-12,3.2089579169858264e-12,5.1048144666354165e-12,3.7387135202713334e-13
sub-19,59,13.891548461610906,1.2953322635899134e-12,1.780949515193784e-12,9.968767192734501e-12,3.412053990072781e-13
sub-19,60,17.057721914853765,7.84842887746264e-12,4.914722843375443e-12,7.539131886447953e-12,4.883029223451249e-13
sub-19,61,15.01062204552762,1.7413018865490343e-12,6.56970710624127e-13,6.444938885022937e-12,2.614184461101364e-13
sub-20,0,21.602484342873723,2.3037442719324428e-11,6.971518680161125e-12,1.6476524590956679e-12,1.9434422267323936e-13
sub-20,1,22.090655638800154,5.135612123794739e-11,7.494027191126318e-12,9.072457456624222e-13,2.3335618502381944e-13
sub-20,2,86.32443851802395,1.4734491507153244e-10,2.578166311573619e-12,1.0654292617605777e-12,3.724421589378135e-13
sub-20,3,33.651712854984034,1.6488879101581952e-12,3.671565462704999e-13,2.389925739489177e-13,2.2153202689972128e-13
sub-20,4,18.751676578469702,9.620296680486974e-13,5.801095296590343e-13,3.90738605043048e-13,2.2671187595312514e-13
sub-20,5,20.16826426338921,4.672322338139455e-11,7.30194932154076e-12,9.123040659902906e-13,1.907278367928304e-13
sub-20,6,20.662324924468276,2.61735114620085e-11,5.840484030775874e-12,6.627709879215277e-13,2.0533848732213572e-13
sub-20,7,20.28832626554908,3.202941691628051e-11,5.1185984721565145e-12,7.258438341819714e-13,1.4475651069370965e-13
sub-20,8,17.225524646955,2.4655871217515462e-11,3.562750712472247e-12,3.099249699977476e-13,1.0694875706489967e-13
sub-20,9,16.693233718389116,3.761977732239128e-11,6.6183729581107506e-12,1.1895358360070885e-12,1.2923249367296527e-13
sub-20,10,23.090218219670575,4.583705584114761e-11,4.741018916018685e-12,5.308914259711538e-13,1.4666220071047495e-13
sub-20,11,14.962733860028345,1.5204159804148634e-12,3.4252480198765466e-13,3.212173174840898e-13,6.864966141054176e-14
sub-20,12,20.967125811100306,1.682838180598252e-11,1.858332971038903e-12,4.457451093014801e-13,1.3543831773668226e-13
sub-20,13,18.776544914810675,1.3121604719780305e-11,3.9090276895023714e-12,4.540386805042041e-13,8.640041138425274e-14
sub-20,14,17.715566789042757,4.7657436221413586e-11,6.88434322311424e-12,6.542569232703855e-13,1.0026932020361763e-13
sub-20,15,17.13769796633649,4.43389448065274e-11,5.85329882243621e-12,1.7685905178682307e-12,1.2479534846674026e-13
sub-20,16,21.32906396857329,1.9857714138865697e-11,3.675664188677009e-12,8.73870183156585e-13,1.1523388004721898e-13
sub-20,17,20.838776274908813,9.501063357549294e-13,5.320874752830779e-13,2.3148756663643173e-13,1.1302608541955226e-13
sub-20,18,19.41688079910449,2.299742103312988e-11,2.052291706985584e-12,8.690601923603327e-13,1.341956538622874e-13
sub-20,19,15.810070737507838,2.0316297058137267e-11,6.290081527244612e-12,1.0472398213470145e-12,1.5610053060615744e-13
sub-20,20,15.312099526437464,1.3085352083099615e-12,4.802726939193997e-13,2.0658348905551088e-13,8.233420727513654e-14
sub-20,21,16.75590507475558,9.633246481151398e-13,4.77920862357108e-13,3.8379828294286906e-13,9.748510459480696e-14
sub-20,22,15.999084206930668,1.5335359774315774e-12,7.264815747954197e-13,5.142345692052731e-13,1.3472176650576019e-13
sub-20,23,20.820944490721967,2.8955704006734227e-11,5.0668873698297356e-12,1.201124019460462e-12,1.661340285010856e-13
sub-20,24,14.708187708036077,1.2902208243739236e-12,7.433568114798745e-13,3.2491095858326166e-13,8.518513897451732e-14
sub-20,25,13.622199826435017,1.6263025219783212e-11,2.4447178453498754e-12,4.781326089976577e-13,1.1919951776509074e-13
sub-20,26,13.441642152594522,1.567571957940078e-12,9.527280050852978e-13,4.3347632840434465e-13,9.266213290087086e-14
sub-20,27,16.951879847249206,2.1346260242558496e-12,6.106090771037403e-13,6.481825679361586e-13,8.22429176360715e-14
sub-20,28,13.995255989091484,2.4299517641769444e-11,5.29974203611908e-12,7.236954277027499e-13,1.1803914694446101e-13
sub-20,29,18.355106993345544,3.044428415183904e-11,2.237784925663185e-12,7.895709611304316e-13,1.0011308716546458e-13
sub-20,30,15.059438718164875,4.748352733439669e-12,2.8016814234394053e-12,7.474465723762863e-13,1.2280132293183354e-13
sub-20,31,11.931160563686616,1.6960445067277663e-11,3.883121636516319e-12,1.0487585454881208e-12,1.1103412118963293e-13
sub-20,32,14.292554304303431,9.024468572128291e-12,1.468129297103416e-12,3.14524887993434e-13,7.217894981927863e-14
sub-20,33,16.786618333675342,3.652145190584358e-12,1.4226946326883446e-12,2.216355811987801e-13,8.778873509571136e-14
sub-20,34,17.0911366108713,8.195323012902161e-12,1.2622456424304725e-12,4.3555038576178704e-13,8.027573876098474e-14
sub-20,35,19.295110257499637,1.1546653092572316e-11,5.188071448917263e-12,1.035875674334341e-12,1.3032834930625925e-13
sub-20,36,20.06386343347402,2.1163503025382506e-11,4.266041143959545e-12,7.096340546401471e-13,1.1065394130823613e-13
sub-20,37,18.472600288253577,8.706201944982054e-12,2.1573389945567267e-12,3.3646658323457434e-13,6.810527810381599e-14
sub-20,38,13.327673607265098,4.547109250574415e-12,5.012542613916923e-13,5.642064148120444e-13,8.384679870996853e-14
sub-20,39,15.651651939675428,2.2219123514751275e-12,7.070789032297003e-13,5.23447604073931e-13,1.0423489097096663e-13
sub-20,40,16.355891960321404,1.2207519654414645e-11,1.7637452018310969e-12,3.997312159589609e-13,7.547073537238982e-14
sub-20,41,15.489198403095616,9.052230344610474e-12,1.7766053010500702e-12,4.962888569995887e-13,7.791977872027284e-14
sub-20,42,16.502270411134344,1.4220865100071377e-11,1.2132993022195922e-12,4.609427543931563e-13,8.0852808939131e-14
sub-20,43,19.140698857732247,2.223747296204507e-12,8.232899977273183e-13,2.389371233253618e-13,8.802994873703073e-14
sub-20,44,19.144498437205005,9.076312931824086e-13,4.396616548495309e-13,2.6255732259218625e-13,7.948606843108571e-14
sub-20,45,13.980476482908058,1.1782951740431693e-12,2.554092323666646e-12,4.4620712017514533e-13,1.6177395130690645e-13
sub-20,46,13.2322735785913,1.3393028281834397e-11,2.63767962837906e-12,7.607402143027991e-13,1.1126694372589676e-13
sub-20,47,20.385767992615214,1.9789199848427495e-12,6.930791123796882e-13,3.645768239510943e-13,1.2889767163552612e-13
sub-20,48,16.995646003981456,1.14633825180836e-12,2.7086131491935407e-13,1.7792655024934607e-13,7.399737308279922e-14
sub-20,49,15.135443040865843,1.140415268011522e-11,2.823216271566441e-12,3.2448311384222633e-13,8.568250026544595e-14
sub-20,50,16.74582462542291,9.153916879125137e-12,1.2223674101263334e-12,3.1500761595014214e-13,7.245070008445095e-14
sub-20,51,17.032540686777423,1.6966876653111843e-11,4.741143567430995e-12,9.635146609994415e-13,1.2931467695756755e-13
sub-20,52,14.142676260633232,4.456174158292339e-11,6.794163035535756e-12,1.3539081352488443e-12,1.1034253130292326e-13
sub-20,53,16.7586390557652,2.505517160680509e-11,6.516363249482259e-12,9.730288058909548e-13,1.2839118030539435e-13
sub-20,54,14.423831993480533,8.024494399536888e-13,6.760001411426595e-13,7.218183243028035e-13,8.162474659048911e-14
sub-20,55,17.72860939378778,5.31798022509595e-12,4.876439789251029e-13,4.3106295940927753e-13,1.2276555924188718e-13
sub-20,56,17.688889964865457,5.286177424191734e-12,1.1539123833590002e-12,7.02875084971286e-13,9.678132425917193e-14
sub-20,57,16.20002757663723,1.6333265449745987e-11,1.986784118026262e-12,6.647309400129587e-13,1.0860403084190127e-13
sub-20,58,19.27382708632951,4.72947932197041e-11,5.4610021498111474e-12,7.530800812189397e-13,1.0747210804254068e-13
sub-20,59,17.665791648142896,1.2085328784944877e-12,4.633390207382343e-13,2.7670765401092003e-13,5.861928630327714e-14
sub-20,60,18.800257593150135,3.3930479899903474e-11,5.838258953348832e-12,6.50513154509277e-13,9.686958105570296e-14
sub-20,61,16.259572182971265,1.0466955380654416e-11,3.1827321484547246e-12,8.742999881129261e-13,1.8830598638406635e-13
sub-20,62,18.829728023874157,2.7696457931700965e-12,7.76369021913165e-13,3.9023320172191243e-13,1.2055387536875627e-13
sub-20,63,18.727470230930354,3.3813026227277864e-11,5.930150393117349e-12,4.259681003140364e-13,8.998718647371347e-14
sub-20,64,18.2633074610555,1.7704397956387413e-11,3.1946559600297686e-12,7.063313682895912e-13,8.31453408647136e-14
sub-20,65,13.762350225707243,1.075962667603859e-11,2.215601035920353e-12,1.9596676126618107e-13,7.08133589093478e-14
sub-20,66,16.48269559229809,9.611511705199948e-12,2.6049145935992105e-12,5.318255040723709e-13,2.8528416047858107e-13
sub-20,67,14.895869196217149,1.5093886793855852e-11,2.9629829802349616e-12,4.35378977490519e-13,1.569364373627235e-13
sub-20,68,14.81673701654496,1.52177699401971e-11,2.827663975365379e-12,1.1649053233692997e-12,8.4090706222806e-14
sub-20,69,16.11676174868192,2.6541537672573585e-11,4.720866016467152e-12,6.21005746306869e-13,1.0608087034328576e-13
sub-20,70,15.711077311325896,1.8117964943384575e-11,2.0098466076124875e-12,7.229142397656758e-13,8.095045496555332e-14
sub-20,71,16.97892013189097,3.34842367520992e-11,3.2121304363274483e-12,5.625987783037404e-13,1.0924047638773676e-13
sub-20,72,15.704919200989712,1.700196468670016e-11,2.9094882522863552e-12,1.1284637005030437e-12,1.1361036123820349e-13
sub-20,73,16.19164574595535,2.6354313888951297e-11,4.079018363203946e-12,7.065327639951097e-13,1.2646738310810417e-13
sub-20,74,15.525215838877937,3.9319984608560716e-11,6.2814523337140075e-12,7.378039087507213e-13,9.505064788842941e-14
sub-20,75,16.72838040802052,2.9960234181001254e-12,8.6267586573979e-13,9.179716615843625e-13,1.1061224797446428e-13
sub-20,76,16.72935925260735,3.3863098467625755e-11,4.285393772819219e-12,6.580463493356298e-13,1.0560672030452088e-13
sub-20,77,16.91416641654746,1.846852628996255e-11,4.063313297651701e-12,6.599276655402583e-13,1.8033710217167102e-13
sub-20,78,16.845218283035802,2.000250053284216e-12,3.932368669746573e-13,4.0153282641570894e-13,8.606832281765491e-14
sub-20,79,15.54695088170963,7.799147437121063e-12,2.0875564234660905e-12,3.416298786215149e-13,8.671054157593461e-14
sub-20,80,18.917052169203586,3.5336480143997005e-11,8.011283784468493e-12,1.5545829704036325e-12,1.4820493646784385e-13
sub-20,81,14.915946116894334,1.2706793516334576e-11,1.8026883037382654e-12,6.202473378590178e-13,1.0391234536643919e-13
sub-20,82,18.05948473129729,4.748577141426438e-13,2.8760620365302553e-13,3.7828394667263164e-13,8.234160195285871e-14
sub-20,83,13.886138632076602,4.921911203593418e-12,1.0299610540502818e-12,5.416870133840298e-13,1.1286992865227135e-13
sub-20,84,16.760505014559627,2.6413499492016683e-12,6.874216217593959e-13,7.559417735780225e-13,1.0848126610699031e-13
sub-20,85,18.246125041847904,1.2838927278924027e-11,1.395651702453691e-12,1.24739017878133e-12,1.5771314369395244e-13
sub-21,0,23.745496464192225,6.495920775281535e-13,3.601069951118364e-13,5.623669331251749e-13,1.255737590255149e-13
sub-21,1,18.868144433769707,1.8986226495607895e-12,7.789356409572619e-13,5.22291264377149e-13,1.1011623692697804e-13
sub-21,2,17.424845173240875,1.5345786043423916e-12,8.360748726577946e-13,4.2927495182182105e-13,1.2596105430340471e-13
sub-21,3,15.870833819722055,9.73282762453133e-13,6.437647859247097e-13,6.41036216332628e-13,1.3716481612120103e-13
sub-21,4,13.952535167189424,4.601334682321978e-12,6.838445525610617e-13,5.786045956770704e-13,1.0642497723002381e-13
sub-21,5,17.695234728339244,7.782864963482772e-12,1.4770269718574206e-12,8.734755650884321e-13,1.7736606640141125e-13
sub-21,6,14.88296227077859,1.1638864401888893e-12,4.82226211399442e-13,4.252074174568324e-13,1.5617752088997123e-13
sub-21,7,15.81909151341344,8.246622360611253e-13,2.917704777771392e-13,3.08165582325042e-13,1.170507715642616e-13
sub-21,8,22.93886909629404,2.8651683329557216e-12,1.2930795252742808e-12,5.561969942373805e-13,4.997760160822567e-13
sub-21,9,11.921992427481308,6.418549285779344e-13,3.5385644561555344e-13,2.217270339867045e-13,1.1119709039624453e-13
sub-21,10,26.459591751475145,4.473147347140253e-13,3.333017309245482e-13,4.838946337844956e-13,1.3651295077284511e-13
sub-21,11,19.014219818939935,1.0697166849738142e-12,6.884397995659745e-13,1.2931114875263958e-12,1.3011050862436836e-13
sub-21,12,16.850365599838167,6.412499471586348e-13,6.839337721443117e-13,5.792052355783283e-13,1.5042727369676002e-13
sub-21,13,21.17189010165552,3.346134038875429e-12,5.076978315222346e-13,3.8063231944311474e-13,9.410698881827256e-14
sub-21,14,17.620726921469842,1.7408858212266592e-12,5.78453022913475e-13,7.869771021951359e-13,1.0815981127077124e-13
sub-21,15,123.76871435791332,8.898680018093683e-12,1.8923070702261258e-12,5.063801684819706e-12,2.230200379002766e-13
sub-21,16,82.04376213599176,3.0570791942136887e-12,6.718312033637112e-13,1.615920733873666e-12,1.0968048677884249e-12
sub-21,17,57.51412376500879,1.1366600605720714e-11,1.6496309571587914e-12,5.562521867151969e-12,2.0576742107739783e-13
sub-21,18,36.75526218740303,2.524700553996e-12,6.337349839320427e-13,5.240936749587043e-13,1.169281367323133e-13
sub-21,19,36.95726107239751,1.824305271890638e-12,1.361978043518385e-12,2.274293531082743e-12,1.6999636978572076e-13
sub-21,20,25.41623364582244,5.8860119289039486e-12,8.346353096131836e-13,4.0970224799268e-13,2.9217665850516416e-13
sub-21,21,15.056990420504524,4.612449977485526e-13,3.182352263108751e-13,5.22998429793359e-13,1.0469112921191389e-13
sub-21,22,18.14038149031553,1.1749981007885944e-12,4.99292991644062e-13,3.1006492960556485e-13,1.0531197842363416e-13
sub-21,23,17.596097714594006,3.822892872258134e-12,8.511311339823242e-13,5.636074226172782e-13,1.87077160059954e-13
sub-21,24,37.896761557037024,5.078553926710872e-13,5.46290693588509e-13,3.250417005880232e-13,1.4082333387398533e-13
sub-21,25,30.64562100010679,3.937648063107563e-12,7.34019085923621e-13,4.3862448482162837e-13,1.3649753910798314e-13
sub-21,26,16.23088717765919,1.8211705678621688e-12,8.69305499125291e-13,3.442871718041343e-13,1.430257760321968e-13
sub-21,27,22.03314414820579,1.5617495782637003e-12,9.88244237544475e-13,5.090963935698696e-13,1.0277000129958498e-13
sub-21,28,17.68469130781181,5.676782045765704e-12,1.0358734987218397e-12,6.929895877854476e-13,1.4632722353081841e-13
sub-21,29,16.730957287845943,5.913317752085714e-12,1.9566472869526676e-12,9.024845715914595e-13,1.3473306818424625e-13
sub-21,30,18.85734119544795,2.8363360922132333e-12,1.7025548563143145e-12,1.2455356660013054e-12,1.5634761261784837e-13
sub-21,31,18.96096873252158,1.3054802024065484e-12,4.911017818659234e-13,5.906062040327289e-13,1.3933411254959928e-13
sub-21,32,39.739075048227974,4.7491228705113245e-12,1.9678928421281462e-12,4.631735932982989e-13,1.2274159133014969e-13
sub-21,33,28.667280138551988,6.074565126616427e-13,4.556070005953904e-13,5.117171018304582e-13,1.5753450249497404e-13
sub-21,34,26.710942402427836,8.317216439697927e-12,1.5039734241083292e-12,9.41577210147792e-13,1.8125255843623904e-13
sub-21,35,17.09479527723193,1.4373859650903875e-11,1.1495915573242576e-12,3.8971646721904834e-13,1.15381061808702e-13
sub-21,36,19.143596332136553,1.9472022133551045e-12,9.80084544086213e-13,5.742144717887036e-13,2.002409901187621e-13
sub-21,37,22.828585371625362,2.4617360654704913e-12,1.0254290088554178e-12,6.386291188347065e-13,1.0106320242941013e-13
sub-21,38,15.589371831952434,8.094462895267655e-13,5.151466792890855e-13,3.766880685751583e-13,1.5574718703138122e-13
sub-21,39,17.22092938532286,1.6809143208175308e-11,4.533776782089711e-12,1.859592017124007e-12,2.383876692578005e-13
sub-21,40,25.409906110532344,5.086060615730455e-12,1.9427348431541887e-12,1.7887541992631832e-12,2.0067730254622835e-13
sub-21,41,25.46551518534639,6.914382129788069e-13,7.25515498217478e-13,7.377835155530223e-13,1.315523786707136e-13
sub-21,42,20.717547768437015,3.676954913245628e-12,2.1650816700446886e-12,4.0444541928722053e-13,1.4757440500410188e-13
sub-21,43,18.00461808757726,3.962856989887831e-12,7.657724466111362e-13,7.133200154746958e-13,1.6305774036782157e-13
sub-21,44,23.497495035449766,1.5505597798706861e-12,6.6247871695689e-13,4.836800941454409e-13,1.153739507689142e-13
sub-21,45,24.919998276940344,1.121230941082068e-12,3.2362785295790147e-13,1.7987455801800776e-13,1.4337521122773523e-13
sub-21,46,19.732903058682265,8.262424789992236e-13,8.72418753397896e-13,6.841865362460824e-13,1.472494135088731e-13
sub-21,47,21.067135671339475,1.2827180307145784e-12,1.2415137857489804e-12,1.049801155411012e-12,2.00620182927795e-13
sub-21,48,52.99069168361346,2.6677807062254544e-12,4.154518682185591e-13,4.026744258141211e-13,1.2952922669576023e-13
sub-21,49,24.233215455444018,1.2072312875998684e-12,4.705952459143808e-13,4.4883962199437207e-13,1.532450054074536e-13
sub-21,50,16.947948424192212,1.8616687002600253e-12,1.734906461538492e-12,4.279299631589349e-13,1.901311563433451e-13
sub-21,51,19.502195778093835,1.5863338111672916e-12,4.959560226810712e-13,2.492714103122988e-13,1.471762054122169e-13
sub-21,52,33.51660693034693,1.7173068646373673e-12,7.03676479231348e-13,2.6527513170807426e-13,1.432554729965156e-13
sub-21,53,24.008122278195916,4.387506192743104e-12,6.632037232006687e-13,5.293633620495753e-13,1.8350698081700974e-13
sub-21,54,30.017219018596276,9.707031033013728e-13,8.680612200166486e-13,7.774173347776923e-13,2.040177148056577e-13
sub-21,55,20.972837537851742,4.186944066795082e-12,6.730643934533713e-13,7.46331505077867e-13,1.4433941728657688e-13
sub-21,56,42.36109537189431,4.550892472118747e-12,1.3093892902570757e-12,5.640906023028325e-13,3.4201714150660465e-13
sub-21,57,38.084941269358204,3.033166480168804e-12,1.750886697131613e-12,1.5237471655685798e-12,7.705661712908853e-13
sub-21,58,30.547475434749362,5.262140247140294e-12,1.8696835798086746e-12,8.618788508741894e-13,3.234507788950872e-13
sub-21,59,37.35683775084912,2.3555396869088644e-12,4.191934179232076e-12,7.611495885316572e-13,2.1103203969633257e-13
sub-21,60,17.40782043980152,2.570366577237477e-12,9.369513222769904e-13,4.739997845804869e-13,1.4939744001421233e-13
sub-21,61,24.765299594446365,2.8815553985703963e-12,9.80287244872557e-13,1.020590933368244e-12,2.4429055013217823e-13
sub-21,62,46.765613196847916,1.291818697299332e-12,6.112405817823924e-13,7.676707135821813e-13,1.5654411937976537e-13
sub-21,63,17.614558410244467,2.163766177165458e-12,1.5212638841175154e-12,5.697361769833385e-13,1.55505581806745e-13
sub-21,64,101.65308010858995,5.768799805425847e-12,1.6899226431372626e-12,2.2138731968264153e-12,1.7731033697036237e-13
sub-21,65,32.8655073287925,1.5191170297396954e-12,1.8762188360029933e-12,9.304638232294335e-13,1.9501164385204054e-13
sub-21,66,52.43753664857271,1.6205471761570835e-12,4.2854320227544577e-13,5.394854061061513e-13,1.200453907284564e-13
sub-21,67,29.752754449728684,4.872786839579666e-12,7.1253490820177866e-12,9.945313971635732e-13,2.074075912001519e-13
sub-21,68,31.689832858322287,2.102887210588689e-12,5.425976833472141e-13,3.3851438229829405e-13,1.7394989498880477e-13
sub-21,69,26.30500099715637,7.456661045798389e-12,1.2205164953727114e-12,1.1799027514206048e-12,1.7853387486315345e-13
sub-21,70,57.09836790155651,2.3670275267918647e-12,7.429335793178196e-13,5.967473095790239e-13,1.46695678418788e-13
sub-21,71,54.16104620808241,2.0869574977172965e-12,5.224536404733877e-13,7.448541555512917e-13,1.8576286901934066e-13
sub-21,72,42.53054473231035,1.4619863652886884e-12,7.935602871792216e-13,5.2336137452178e-13,1.463815943294099e-13
sub-21,73,32.69996733151025,1.4922316445643558e-12,2.3791041986664183e-12,1.0208962436529657e-12,1.7336548905047816e-13
sub-21,74,24.415947651181906,8.649570523631789e-13,1.7316648839916083e-12,2.239032019303088e-12,1.8235786239863657e-13
sub-21,75,24.232989397595308,1.1466282497569033e-12,4.81469562098839e-13,3.0737945315652453e-13,1.4752135811630042e-13
sub-22,0,11.101240462462064,1.0008666739215054e-12,6.573755015271178e-13,4.150700459531176e-13,1.1645044311781917e-13
sub-22,1,15.079971463439428,3.214777766130124e-12,6.672862013377174e-13,2.538096243003982e-13,1.2796988683725917e-13
sub-22,2,92.82616860573057,4.205259945346263e-12,1.7856008090886626e-12,4.676545908902122e-13,1.5254239357871176e-13
sub-22,3,47.42951925840531,1.4690285927154613e-12,1.0191530409934122e-12,2.445071683634287e-13,1.2520900720197034e-13
sub-22,4,21.559762756921117,3.45594002083903e-12,1.106237958476366e-12,3.5546841834006894e-13,1.7741567456261085e-13
sub-22,5,20.862364913102237,1.5842058091700107e-12,1.001412908244393e-12,4.0600925350306297e-13,1.4597422417377647e-13
sub-22,6,23.213739446573495,7.122789869028268e-12,9.85436107578678e-13,3.4330690494860696e-13,1.2313421836749648e-13
sub-22,7,14.307523773516154,2.3450972614351982e-12,8.514282483745733e-13,3.4805376376653824e-13,1.3115545866159274e-13
sub-22,8,27.778327390155372,2.3707625903976005e-12,1.3443458864849307e-12,5.648832217759194e-13,1.586173594372369e-13
sub-22,9,17.259508941787153,3.163479204897895e-12,1.1107508514629476e-12,2.549952359643709e-13,1.2764118632920865e-13
sub-22,10,11.883278595401446,4.0574076201037916e-12,8.487794491828876e-13,3.079667890877729e-13,1.744133679929395e-13
sub-22,11,18.999661026111873,2.9043101271943775e-12,1.4237448565979598e-12,5.578321191154474e-13,1.6188732604450296e-13
sub-22,12,15.370700719626718,1.4336827692057993e-12,7.432142457764803e-13,6.017913136474356e-13,1.6163114154353514e-13
sub-22,13,33.87313654697148,3.973666078394824e-12,1.1262554117449996e-12,6.360338503582492e-13,9.11744580645239e-13
sub-22,14,19.584822569316927,8.202909483622597e-12,1.3682915166956282e-12,6.578306808800789e-13,1.5475358821312735e-13
sub-22,15,19.604406613172397,1.6685784121852043e-12,1.2993755994305566e-12,5.998078083557808e-13,1.5824466789352847e-13
sub-22,16,13.743429379289745,2.7354277087132533e-12,7.955125834234543e-13,5.901052155857991e-13,1.6877741832793053e-13
sub-22,17,61.518382365885785,5.559676307343712e-12,1.6101110409759596e-12,4.94699718669738e-13,1.8246638374933113e-13
sub-22,18,27.2995160116652,1.2158189579584642e-12,7.875615586380667e-13,3.177728197065355e-13,1.2493279434728105e-13
sub-22,19,14.708953298655254,1.6549489387893007e-12,8.414397118081523e-13,4.0816948863266014e-13,1.310589916252626e-13
sub-22,20,17.036405833910422,4.57639327006182e-12,1.9105892950922335e-12,4.946409384739599e-13,1.3437893373528757e-13
sub-22,21,14.57306022213127,2.0213807141601568e-12,8.680315907936366e-13,5.213431008846523e-13,1.7072780769637568e-13
sub-22,22,48.0873229686649,6.170927158651104e-12,9.793458953356942e-13,5.611613990739667e-13,1.57692107215039e-13
sub-22,23,17.688513875187848,1.3326963671229562e-12,4.757715042666016e-13,5.187672610376761e-13,1.524903929687832e-13
sub-22,24,46.25390803570601,2.8549671949450588e-12,1.1487639634012923e-12,3.696003933996633e-13,1.3973656438405834e-13
sub-22,25,19.5731466929532,1.7695011545870278e-12,7.879921715695859e-13,4.857588004041658e-13,1.6530053520716068e-13
sub-22,26,21.0034492948806,1.878865733597336e-12,9.299753281296685e-13,1.5527657458598595e-12,1.538220227107383e-13
sub-22,27,13.33172173433394,3.612890410565142e-12,7.919304745320153e-13,2.540076992399877e-13,1.1997488746253306e-13
sub-22,28,14.874610707140674,2.8177204229201255e-12,1.2473114175026374e-12,2.470699947759086e-13,1.477590033633634e-13
sub-22,29,12.596876148257486,3.212520094763714e-12,8.274876612926196e-13,7.226967229253745e-13,1.6070191514922802e-13
sub-22,30,12.806326330838301,2.9412200058802213e-12,8.135713839049137e-13,8.63101559982815e-13,1.8667467593301987e-13
sub-22,31,12.207103520740198,1.3651301447785825e-12,1.2936401218172952e-12,5.455010224030992e-13,1.7213199364397695e-13
sub-22,32,12.139326621670813,2.5220918773028463e-12,1.157839331277275e-12,3.230561271779905e-13,1.5752365416517256e-13
sub-22,33,12.595888540437857,1.4099296224711043e-12,9.301086043154485e-13,2.885848997797707e-13,1.5781402609077048e-13
sub-22,34,12.46510332699417,2.3381863337413693e-12,1.1722433715785938e-12,7.135808856452411e-13,1.5740816965059613e-13
sub-22,35,12.643993603033161,2.495904968701139e-12,8.565786932371081e-13,3.96780203026967e-13,1.4985996515553902e-13
sub-22,36,11.914369666454016,2.2896209351033325e-12,5.841179236075238e-13,3.065653478814796e-13,1.7818830193369288e-13
sub-22,37,12.143001051493409,1.5443612713809701e-12,1.5229300044254513e-12,8.102350932427424e-13,2.0428732868000518e-13
sub-22,38,16.905944782287836,1.1702448060156987e-12,7.388128536446682e-13,3.3676976583063885e-13,1.6006451748212572e-13
sub-22,39,16.228715458799627,1.7449718640395058e-12,1.3180872449150592e-12,5.885765403569498e-13,1.6145737734748653e-13
sub-22,40,13.641304408514753,1.4528984057567393e-12,8.650691547879264e-13,3.7317034784738596e-13,1.690586053942958e-13
sub-22,41,14.684655463107546,1.2472421346553607e-12,6.563075231481769e-13,5.518062443770574e-13,1.4877052534072968e-13
sub-22,42,15.24806857272875,2.6417516551653805e-12,1.4817064886976702e-12,3.5579468417612983e-13,1.6195397784868614e-13
sub-22,43,14.031035676318258,2.4509292047025233e-12,6.255713323765407e-13,6.520561838834981e-13,1.6840352430414553e-13
sub-22,44,13.55893850637154,2.2279448792457903e-12,9.362907771284257e-13,3.038476231722321e-13,1.9801222315533195e-13
sub-22,45,13.562915221869783,1.3786271371453598e-12,1.0457522469424143e-12,3.786296227690037e-13,1.56255626932007e-13
sub-22,46,25.508760347116517,2.6226444412803507e-12,1.1475437991011592e-12,6.681043538207261e-13,2.0237628908709928e-13
sub-22,47,13.508438690393943,3.0073890509694387e-12,5.630694371572966e-13,4.497527745459179e-13,1.5310443407600994e-13
sub-22,48,12.645435142240633,1.3790863124029582e-12,4.355498398605385e-13,3.4537054885655507e-13,2.2190614848021782e-13
sub-22,49,12.334240073042912,2.8943771742649584e-12,2.0961664974954433e-12,6.84833516341002e-13,2.0194042697474954e-13
sub-22,50,13.018418818677153,1.9190214598859647e-12,1.0719108670437141e-12,6.69527362264372e-13,1.9414621502337143e-13
sub-22,51,11.25328338258773,2.646078802793766e-12,2.1051083512757972e-12,1.9187327489645195e-12,2.374341935855e-13
sub-22,52,15.071139095129482,4.762208256542384e-12,1.1812622342117834e-12,5.433225836700151e-13,1.5027200170618014e-13
sub-22,53,12.756147926229158,1.3906463077543322e-12,1.1563023654694992e-12,3.3928918749807194e-13,1.9162502471596973e-13
sub-22,54,13.342677725504826,1.5364434840355037e-12,6.310991868738389e-13,7.674754561114264e-13,1.7886915819509735e-13
sub-22,55,16.13789723085301,9.797711871502406e-13,5.205904039244705e-13,4.5245647243309373e-13,1.4520841285125178e-13
sub-22,56,12.737028004174585,2.143711606885083e-12,1.052454720877155e-12,5.490702318598249e-13,2.0504416386631747e-13
sub-22,57,16.59938060885441,5.5357219779271184e-12,1.6286979192239185e-12,6.864815586633263e-13,1.647300700097242e-13
sub-22,58,23.29669947896057,9.398194170672654e-13,8.712357384703792e-13,5.027191165586205e-13,1.8392262283015045e-13
sub-22,59,16.682412208314936,3.4984586972174578e-12,1.4293303956789023e-12,4.178821168956313e-13,1.778955130672156e-13
sub-22,60,12.33172014467952,1.459308071352867e-12,1.2277863873611242e-12,5.302066097095084e-13,2.2000126325941993e-13
sub-22,61,11.34277196073619,1.869290946807905e-12,4.493610696112739e-13,4.2197696957440544e-13,1.9152603715584165e-13
sub-22,62,12.650480493288198,1.797734633025525e-12,1.062167375933926e-12,6.163698388559829e-13,1.8268831603995244e-13
sub-22,63,12.528298311771868,3.4382830271945896e-12,8.547637430114618e-13,7.203284071255579e-13,2.1118527224361007e-13
sub-22,64,12.502125338061811,1.9470790132943463e-12,1.0408655289115409e-12,6.559063214310708e-13,2.159599927061693e-13
sub-22,65,15.18829384202444,3.344556734649843e-12,1.2135159216490775e-12,5.455003871560373e-13,1.5902687466282678e-13
sub-22,66,14.206391355099237,1.7348034962565447e-12,6.5574601030917e-13,4.710050533920147e-13,2.15222460688608e-13
sub-23,0,46.59498225488189,3.3429915460118205e-11,1.2703851174354034e-12,5.461972528246155e-13,2.499796938548251e-13
sub-23,1,24.841946954378777,3.0528752088084842e-12,3.9050357451850096e-13,5.904866018237913e-13,2.0845534568181268e-13
sub-23,2,20.665260537713873,3.056038514073366e-12,1.1881607137560631e-12,9.185541500897735e-13,1.8431385653873473e-13
sub-23,3,38.14456498525522,2.193511947048115e-12,6.64358832623355e-13,1.018165037326026e-12,2.5038717657751753e-13
sub-23,4,22.363021517319503,3.65237477717667e-12,5.570027648355119e-13,4.2348502554193265e-13,2.3600734613050287e-13
sub-23,5,18.607902992570448,1.0438051190193666e-12,3.0898836196738125e-13,4.729544030680752e-13,2.1546741213964375e-13
sub-23,6,36.870166913841565,3.98066470470478e-12,9.44973690824984e-13,1.0956448613765318e-12,2.3084867426168225e-13
sub-23,7,50.050539708499,9.986409857786762e-13,7.240249400767623e-13,5.050191368165678e-13,1.9443957976984422e-13
sub-23,8,34.27474392189463,2.0676329211524144e-12,5.05515255679996e-13,1.131781882711666e-12,2.6477330503139855e-13
sub-23,9,24.719864872288944,1.5067385218338659e-12,4.43635373392901e-13,7.852052843010167e-13,1.7618694934586963e-13
sub-23,10,20.67815836625789,3.625054652063591e-12,1.1559278792163774e-12,9.31441282029464e-13,2.289117729958751e-13
sub-23,11,20.90055006757905,3.372054260739892e-12,1.20479234184583e-12,1.1275965221240028e-12,2.148508882753056e-13
sub-23,12,19.962208163084345,8.524700717417465e-13,7.826579545153973e-13,3.9393915078255284e-13,1.9439671684291686e-13
sub-23,13,16.18156608916385,7.832807889876771e-13,4.222486975236643e-13,5.418617052489895e-13,1.8444384116802505e-13
sub-23,14,17.274587338151964,5.9080753317352294e-12,5.38844255596743e-13,9.698714146815525e-13,2.1830895204652413e-13
sub-23,15,18.71424534840791,1.9257500133341607e-12,7.165620739503244e-13,4.3978115325405096e-13,2.1607805638767727e-13
sub-23,16,21.41865759131768,8.355016090544304e-13,7.027077461129975e-13,7.384478064602512e-13,2.835938717247125e-13
sub-23,17,18.697422549466005,4.519041931042818e-12,5.070717239422215e-13,7.457522553683827e-13,2.5809194718597773e-13
sub-23,18,19.98151103708916,1.3959389473651444e-12,5.306288519971895e-13,3.68166361922334e-13,1.8781519668084473e-13
sub-23,19,19.821319880962044,1.3599118979101566e-12,1.0812892295272363e-12,4.910833008729182e-13,2.975945886136739e-13
sub-23,20,17.056582036116637,8.732448049971526e-13,3.6224458726459967e-13,2.365201360465747e-13,1.550675295311769e-13
sub-23,21,18.162973171644445,1.1346812707451727e-12,4.5281552451659954e-13,9.050480793716494e-13,1.6489586921444724e-13
sub-23,22,15.887932154911896,1.2671588668325135e-12,7.476140498016307e-13,4.2559680773880055e-13,2.780393335032259e-13
sub-23,23,17.705169323490573,2.0310992382901817e-12,5.380355394657574e-13,8.706289459399013e-13,1.4670931760224343e-13
sub-23,24,23.8614408188018,8.691294101151103e-13,4.795873940351917e-13,4.1902917547832013e-13,3.489263134295893e-13
sub-23,25,18.87060078861163,2.328372093113969e-12,6.427333377678283e-13,9.353637945162925e-13,2.344209037135368e-13
sub-23,26,16.46822993102126,1.4993488015161657e-12,4.466309323613116e-13,4.3640708643915575e-13,2.2782070988468426e-13
sub-23,27,17.489034621526233,1.5156648589873592e-12,4.354284418267565e-13,6.592190905849047e-13,1.9915047190633152e-13
sub-23,28,18.778811957213843,8.120242207170406e-13,9.575356686893768e-13,8.656233598455324e-13,1.7141608332873156e-13
sub-23,29,20.27198141580774,2.6342371142293364e-12,5.530881381934541e-13,3.1568672071761455e-13,1.6846145501853734e-13
sub-23,30,21.43165669092537,7.61008779960989e-13,3.195481424063485e-13,8.281631458965403e-13,2.5291146887008515e-13
sub-23,31,18.424553810447755,1.0472191359548563e-12,7.388083717833444e-13,8.025301860478753e-13,2.8247946465323713e-13
sub-23,32,16.159819937346967,3.1012078811593555e-12,8.730387919834365e-13,9.148646877445598e-13,2.0529245267339258e-13
sub-23,33,17.630413303553986,3.3324755481324837e-12,1.123623859459838e-12,1.1162088328464861e-12,2.2594178886435295e-13
sub-23,34,16.383740336015595,9.719385769085538e-13,3.334485881610342e-13,4.3318318065197416e-13,2.6391582122965964e-13
sub-23,35,16.020593812365174,1.3731777301899013e-12,8.534890581834863e-13,9.756864233560355e-13,1.747646402859739e-13
sub-23,36,16.860764415902143,2.8445634382324225e-12,3.857457565438206e-13,1.079215087330874e-12,2.4490930990648497e-13
sub-23,37,19.872948329964462,9.843347730437423e-13,5.855058373920161e-13,5.690429191108379e-13,1.9358684386249955e-13
sub-23,38,23.27722296259423,7.699601846723241e-12,7.33606977459693e-13,8.187161760338983e-13,2.652463741501854e-13
sub-23,39,15.342710086340896,9.791733851607244e-13,3.970255349000936e-13,5.724429465797174e-13,1.7506920251240982e-13
sub-23,40,23.53202942471923,1.6269797826404832e-12,7.458060361955471e-13,8.009899098114021e-13,2.4256230597471516e-13
sub-23,41,27.13808177682225,2.817955764833361e-12,7.080301979332475e-13,4.479228171254798e-13,1.8306524145769757e-13
sub-23,42,19.88964710939454,9.473952408837124e-13,6.474366056714118e-13,7.237483980289283e-13,1.724896922367938e-13
sub-23,43,18.950877053504016,8.821339854516261e-13,4.1191598029371613e-13,8.422505080056735e-13,1.8204424406965421e-13
sub-23,44,18.91579206332622,4.720644327421326e-12,6.467961281491562e-13,6.565085017486251e-13,1.9848574785018477e-13
sub-23,45,17.73498888778237,5.7184792522520065e-12,5.487308809281728e-13,8.57250843796587e-13,2.6450957766777593e-13
sub-23,46,17.15492974958737,2.346397025505526e-12,4.258303874682535e-13,5.096163070056728e-13,2.0599794681521286e-13
sub-23,47,17.755700946945712,8.11023948810447e-13,2.701587889505807e-13,4.860083773978334e-13,1.4736168070720867e-13
sub-23,48,20.840094405762688,1.2697028695920181e-12,8.953928652051792e-13,4.3731830034478914e-13,1.759857262163712e-13
sub-23,49,17.9453464012832,9.667655945246779e-13,1.0169037587912963e-12,6.0478328631788e-13,1.767017071969991e-13
sub-23,50,16.57204631107881,2.0130434443141495e-12,1.1728950947025778e-12,7.847023731502186e-13,2.1498610140543358e-13
sub-24,0,37.90165764766992,2.3211920992831936e-12,9.321974920974827e-13,6.336912711084824e-13,4.019954012887559e-13
sub-24,1,38.251255656502735,2.7173607038284884e-12,9.002284776845909e-13,4.558397450824588e-13,4.135803529367981e-13
sub-24,2,40.32786758027835,1.8492619708007482e-12,9.214592556870496e-13,4.736101107949551e-13,4.300101947399625e-13
sub-24,3,28.21593275336731,3.371623669462027e-12,1.1116664183120545e-12,5.015262811286227e-13,4.489230236262883e-13
sub-24,4,33.153445260564006,2.5517071367479185e-12,1.2461904228381867e-12,4.653957589204342e-13,4.089681687593135e-13
sub-24,5,30.264082725557735,2.3181698021407134e-12,7.584893647286911e-13,5.099462610716775e-13,3.5822738358460134e-13
sub-24,6,26.42161598581476,2.13401989079472e-12,8.424714790590973e-13,5.791496947983276e-13,5.753418660394007e-13
sub-24,7,28.61558060768548,2.3514369936974094e-12,1.5471535928304201e-12,5.748981638446482e-13,3.586502959283725e-13
sub-24,8,32.6475218552116,3.835207264182378e-12,1.6529614737539674e-12,4.77418338185945e-13,3.5817721380356985e-13
sub-24,9,31.2345162568583,5.021867518321186e-12,1.8346950287917852e-12,5.36406431263161e-13,2.748807409751165e-13
sub-24,10,35.51028262950565,3.0623337372048763e-12,9.70217085553588e-13,6.909871553261117e-13,2.902497951116929e-13
sub-24,11,58.60459131159419,3.725163526535027e-12,1.5538466350850227e-12,6.920297015378498e-13,3.518659972533384e-13
sub-24,12,40.19805339195226,3.1950698243531386e-12,1.5556089608635442e-12,7.690184606724133e-13,3.527422697727659e-13
sub-24,13,30.700388572631617,3.9947445654494335e-12,1.131396694180687e-12,6.350894770023516e-13,3.0343791377108173e-13
sub-24,14,29.775027238846253,3.334072355241184e-12,1.3352649126868272e-12,4.576624139930907e-13,3.606095023243802e-13
sub-24,15,43.73667354792306,3.862617998222027e-12,1.3568402015531384e-12,9.080671379734106e-13,1.0357530089485463e-12
sub-24,16,33.959531324129344,3.835386056976089e-12,1.021944532096061e-12,6.502867075318169e-13,4.157493168108368e-13
sub-24,17,34.86856055579968,1.911661458218632e-12,1.2875642139423999e-12,2.9290991227775343e-13,4.1556204659077477e-13
sub-24,18,33.093159005755766,3.0794775562388966e-12,1.0399224928171274e-12,7.863931416097494e-13,3.141660122945805e-13
sub-24,19,22.795038188904112,1.824637939658671e-12,7.367711605142036e-13,5.130032137133497e-13,3.4655831901776744e-13
sub-24,20,26.546890755251805,2.704041058785736e-12,8.658356198262538e-13,4.936417357087541e-13,2.842809515665333e-13
sub-24,21,27.73022462748522,3.1874361473145066e-12,1.1986279743432337e-12,6.484838650168461e-13,2.4630405794372257e-13
sub-24,22,42.9995953987288,2.958473836245212e-12,1.0688159600687417e-12,3.712154038685085e-13,3.065413027436718e-13
sub-24,23,42.25680867029717,2.5977878183835543e-12,5.45629408768141e-13,6.902387725881453e-13,3.03413955019483e-13
sub-24,24,36.5498790658971,1.3689858451637959e-12,6.430398792488562e-13,6.074396706594612e-13,2.3872214287291844e-13
sub-24,25,32.739861275990826,1.23104594208748e-12,1.0588289010082183e-12,3.862352323054839e-13,2.6730172025757535e-13
sub-24,26,32.4033688097664,1.1985040092232245e-12,5.731626705590019e-13,5.834194504770356e-13,1.8820969634409602e-13
sub-24,27,27.544814263989068,2.1062451109819627e-12,1.4085053279818623e-12,2.6972303048918874e-13,2.1606274366116513e-13
sub-24,28,31.835214831346576,1.7322058693687995e-12,6.838698147550594e-13,3.238953508276335e-13,3.270692688915668e-13
sub-24,29,32.201223677560655,1.4912995687821704e-12,6.101796597839885e-13,5.14452486985865e-13,2.1740287802002294e-13
sub-24,30,29.342181920582668,1.6023005329287496e-12,8.500928162612506e-13,3.2477454043474107e-13,2.1867620518938988e-13
sub-24,31,26.496952659530766,1.7891883551070543e-12,5.693005063167863e-13,3.16056445798098e-13,2.1754546290675183e-13
sub-24,32,23.279304288437586,1.6448265033963089e-12,5.272106625665385e-13,4.633736958317791e-13,2.6800887633893313e-13
sub-24,33,45.35414873551793,2.7751936111253826e-12,4.750429132318587e-13,3.5626695043496433e-13,1.978625940165463e-13
sub-24,34,30.368457869923326,9.99112747945424e-13,5.702329244154201e-13,6.300547817007832e-13,3.1437626101735416e-13
sub-24,35,43.941283696222314,3.3425633742119224e-12,8.382655394942685e-13,6.449945895306901e-13,1.3716126680269573e-12
sub-24,36,29.10905396232575,1.7621105042282903e-12,6.271091915093116e-13,4.4864509404092166e-13,1.943924460896206e-13
sub-24,37,25.34934359074029,1.0086457584697147e-12,4.208698190268851e-13,1.0547352386501386e-12,2.466086883926715e-13
sub-24,38,41.20324431508742,2.6344480551330863e-12,6.76041896045515e-13,4.586546457524386e-13,7.205091881540327e-13
sub-24,39,34.440966567048534,4.4898065624018465e-12,1.0853926955084055e-12,4.3308128399773647e-13,2.5436975660306417e-13
sub-24,40,22.78672478858552,1.1465196374438202e-12,5.340577259375671e-13,2.1093201530828797e-13,1.9914533392937088e-13
sub-24,41,19.325279879240476,9.816942794092264e-13,4.962084451394105e-13,4.0253170015908987e-13,1.844677362762332e-13
sub-24,42,22.86069844810542,5.60716456862164e-12,1.565241965791112e-12,5.846908161963592e-13,2.532749847504641e-13
sub-24,43,23.28867755179197,1.3317031808797544e-11,1.7499820161106005e-12,4.208370488028885e-13,1.8081737685042485e-13
sub-24,44,21.479474788038356,1.350189320848566e-12,5.261381776219729e-13,1.7949326467940878e-13,1.9392738648064713e-13
sub-24,45,23.297797870721396,4.453096535824222e-12,9.068166514042921e-13,4.394300202055515e-13,2.3975446578201353e-13
sub-24,46,27.45961247729145,1.6573489219829577e-12,8.576975884136669e-13,3.190587703718345e-13,2.0260147332178146e-13
sub-24,47,20.742677510017117,5.818826304074423e-12,1.6400574832241598e-12,7.261725765980994e-13,3.546696606723399e-13
sub-24,48,16.96655957816282,1.7309640861119631e-12,6.633172416444152e-13,5.526585842218739e-13,2.3251657348944556e-13
sub-24,49,30.07403400766334,1.6521196594453002e-12,5.506504126598497e-13,3.9984010054575003e-13,2.944903594931828e-13
sub-24,50,19.154237156712842,1.2643623539203527e-12,4.649446098758833e-13,3.7582931714896485e-13,2.554700839283353e-13
sub-24,51,20.876748363949506,3.2702146196899685e-12,6.317829317821397e-13,6.420243972560471e-13,2.1887785712706863e-13
sub-24,52,23.121100119644773,8.806341475089493e-13,4.25626132447964e-13,3.0314602909286817e-13,2.710102879029697e-13
sub-24,53,22.549508763776245,1.878289678019343e-12,7.871460805816583e-13,2.6581984006057836e-13,2.665840164476275e-13
sub-24,54,14.61749371455409,2.0797447628615495e-12,5.057169473669479e-13,3.3568282339959384e-13,2.3645895545630297e-13
sub-24,55,32.648003937849886,3.413359666135665e-12,7.480845251771521e-13,3.7841000678894e-13,9.650037507543378e-13
sub-24,56,20.54737593504066,1.2270745974634068e-12,5.320631248735466e-13,2.826249175276622e-13,2.491392912000634e-13
sub-24,57,22.07482234060665,1.4453973620966496e-11,2.508812780339638e-12,3.5920074636706703e-13,1.8513528511514465e-13
sub-24,58,18.75413780580931,1.1565560897743533e-12,7.750758230323937e-13,4.4346371314127544e-13,1.6338566688600029e-13
sub-24,59,19.262818441627694,1.2353321945944932e-12,7.037880941766349e-13,3.363221855859347e-13,1.6551320822805792e-13
sub-24,60,16.123080286719734,1.6053313979922147e-12,4.46243795679162e-13,3.6448501183707274e-13,1.906910955156286e-13
sub-24,61,27.577602380619222,1.4891147079307912e-12,5.284072934106239e-13,5.997261112644756e-13,4.0933402230593453e-13
sub-24,62,20.19656872050322,1.8749475061741334e-12,5.94859552905726e-13,5.159174281906717e-13,1.8017210291019394e-13
sub-24,63,17.55903349684906,2.4646651552167113e-12,1.4592204488607673e-12,1.0919638498198462e-12,6.83260285646791e-13
sub-24,64,19.63282454344835,1.2875721529395444e-12,1.1406073358148297e-12,3.1924829948003566e-13,1.7784345600445502e-13
sub-25,0,42.160859822877576,8.60031017397433e-12,1.3070511167341986e-12,5.954367775704395e-13,1.7448943579096842e-13
sub-25,1,29.058484896473665,7.593002877069097e-11,1.2018212985428339e-12,7.890833970219841e-13,1.8985368417073907e-13
sub-25,2,31.09679933353765,1.8560057902873207e-12,5.348853494585186e-13,9.340248850813686e-13,3.1497275120380406e-13
sub-25,3,25.87382601852892,1.4554017061366054e-11,2.5666613014806535e-12,4.235618316115181e-13,1.4687358692608818e-13
sub-25,4,42.7358679788518,1.24331660410988e-11,5.42281236137235e-13,8.789320979686419e-12,3.7438729662792557e-13
sub-25,5,32.38742811525448,3.5375306261288445e-11,1.1236623580001466e-12,1.545204719172419e-12,2.910658217244584e-13
sub-25,6,22.8354799382505,2.28190077376096e-11,4.399616933024441e-12,8.27028839797639e-13,2.228513629832744e-13
sub-25,7,26.460338250355775,1.692682809995058e-11,2.2391052697927177e-12,2.5382558031206076e-13,1.574008908223571e-13
sub-25,8,28.38630705090848,2.4700970632994568e-11,3.02543739412189e-12,4.0067693084440363e-13,1.410898883482597e-13
sub-25,9,91.7234109768917,1.3371224907836498e-12,8.263517225580351e-13,6.552484251120231e-12,3.523125159567118e-13
sub-25,10,47.76906230063965,1.6554369896049908e-12,1.9230618699564374e-12,9.131706987283332e-12,3.3760526580997514e-13
sub-25,11,52.99917553945294,2.6743935385548838e-12,3.7065113708359786e-13,1.0707463327775609e-11,2.5237787508032923e-13
sub-25,12,87.15166775845965,1.200270235160441e-11,7.063090442806269e-13,2.7906858327489596e-13,1.8520598740601767e-13
sub-25,13,50.40012337764132,2.0600145898607994e-12,4.1568013568999885e-13,3.2632599265787e-13,1.334306563805406e-13
sub-25,14,53.41254607566881,1.2760929035230375e-12,3.7346845118645784e-13,7.374165994912372e-13,1.266422839405015e-13
sub-25,15,49.14557650832411,5.037873403155283e-13,6.468652925319435e-13,9.914182212153393e-13,1.093632567886708e-13
sub-25,16,30.28181672543213,2.8218209312026836e-12,4.731557150709668e-13,2.5409260607440155e-13,1.4367244631244386e-13
sub-25,17,21.327893079139052,5.3571325116368174e-11,1.6138317852527488e-12,3.0569935651599323e-13,1.295004612245386e-13
sub-25,18,42.162722086470474,1.7136658196603336e-12,3.0738346796090315e-13,5.356285261734862e-13,1.1852043830697162e-13
sub-25,19,30.73572695333272,1.825020473197699e-11,2.3512691149458634e-12,9.902705376170389e-13,2.242325435441799e-13
sub-25,20,25.637958720480963,1.3467690501708463e-11,1.422146513120618e-12,1.9010211738724698e-13,1.8242230138447354e-13
sub-25,21,22.87415669528658,1.4213742785994497e-11,7.941644897923013e-13,2.7093643413633453e-13,9.91477769836555e-14
sub-25,22,19.575452532284896,1.0196795886477996e-11,5.926641561141814e-13,7.09317952366104e-13,1.1144928894245232e-13
sub-25,23,19.172905887726763,5.688099080112567e-13,1.7403168322016214e-13,2.7485390681152136e-13,1.0997212578994048e-13
sub-25,24,29.018388025413316,3.1277689945573375e-11,1.717190974054742e-12,2.5559765517032297e-12,2.433257943458922e-13
sub-25,25,22.009502855916697,2.433383090298632e-12,8.69918697374529e-13,2.4999364419323773e-12,1.803970081482141e-13
sub-25,26,23.416954463858723,7.657432846925966e-13,4.026350911323195e-13,8.409216876229901e-13,1.893552936840085e-13
sub-25,27,21.168194007289785,3.6904965565423566e-11,5.1510208512471106e-12,5.39599925975231e-13,1.3306563876429254e-13
sub-25,28,34.30592393118658,7.061909657136201e-11,5.033234440540189e-12,2.115821789882215e-12,1.3862328302852093e-13
sub-25,29,78.9658615366938,9.027863783772606e-12,1.139226206440167e-12,9.205593337672529e-13,1.6061848954681403e-13
sub-25,30,50.39688244109126,4.1891508164708735e-11,3.850820684924461e-12,3.9537479703611155e-13,1.0473589290499733e-13
sub-25,31,40.598087458343194,1.975092537207881e-11,1.5712617102047405e-12,2.5578675626898684e-13,1.3353380948377884e-13
sub-25,32,27.068770900243386,3.672110146440134e-11,5.028067379341007e-12,6.537516798570646e-13,2.5848784098331335e-13
sub-25,33,19.489640921649926,2.124663333021932e-12,4.949121432341027e-13,2.8676023125606685e-13,1.9132171133690653e-13
sub-25,34,19.47167887386514,9.318840266668634e-13,4.283922035666335e-13,3.9838998608822284e-13,1.4791889958033762e-13
sub-25,35,23.235886811036732,3.614903165176297e-12,1.2695642907592485e-12,6.116573030485557e-13,6.302081248183087e-13
sub-25,36,20.188423432466383,5.02009003364888e-12,9.531709452502379e-13,7.332700373689091e-13,1.1961470093268796e-13
sub-25,37,22.864879757771053,4.8377112258511027e-11,2.227137660354161e-12,6.559485731364387e-13,1.0345407356705771e-13
sub-25,38,28.46165918714073,5.405943467386762e-12,9.563029376113327e-13,7.713385215420302e-13,1.4277947234823296e-12
sub-25,39,60.41445879700454,8.492902721982993e-11,1.4765059877060227e-12,7.016351701356974e-13,1.9158335434642456e-13
sub-25,40,30.285998999450776,1.1540210959815897e-12,4.128668186596242e-13,8.539002754274758e-13,2.343772219710839e-13
sub-25,41,315.54985230562073,1.1114909375218226e-10,1.3474605663999033e-11,2.6999163992541965e-12,5.887570727749367e-12
sub-25,42,30.238276330505933,6.580591670993749e-11,3.334374612005012e-12,1.192497310308625e-12,1.2530768096286839e-13
sub-25,43,27.60318211770358,3.5816462385851895e-11,9.635700787477778e-13,1.6954378789776731e-12,1.2306155924434025e-13
sub-25,44,29.30141432823992,4.047223421546845e-12,5.422444050618699e-13,2.531604588583912e-13,1.0327844082693254e-13
sub-25,45,32.991364218027314,1.9941605421179235e-12,4.839520497141646e-13,4.437321609879532e-13,4.1038129064669406e-13
sub-25,46,25.20940207942222,1.956417246015163e-11,4.993908677314711e-13,4.20320070295434e-13,7.85487300072592e-14
sub-25,47,23.079104982434696,6.4160839149579515e-12,1.1643592223771182e-12,4.651721808861165e-13,1.6830766600835117e-13
sub-25,48,23.176492840052035,1.2302243856439904e-12,3.325845118370367e-13,7.842891498588902e-13,1.4316586405639785e-13
sub-25,49,27.96110176231546,2.0348980787431268e-11,1.6460258919100212e-12,2.361940181225706e-13,1.5550742229917994e-13
sub-25,50,29.1115504257447,1.1402110716585776e-10,1.878098874276762e-12,9.219276384747986e-13,2.4601120871871334e-13
sub-25,51,40.53924249018206,2.358674853253689e-11,2.8735439666111456e-12,6.849067565713039e-13,2.2515287805275887e-13
sub-25,52,145.72958904339126,4.3416341499000315e-11,4.732287272561025e-12,2.6984349194365325e-12,1.056232205382719e-11
sub-25,53,32.64716350957284,5.208693835643197e-11,2.6319874688205874e-12,3.6846596480183214e-13,1.406697631298008e-13
sub-25,54,25.522710109659762,6.750543116101034e-11,1.8095148184113226e-12,5.767346203075573e-13,1.3235259380377544e-13
sub-25,55,21.747055492470235,1.0124833461639041e-12,3.6606786888337293e-13,2.3096948378363864e-13,1.3731112133643357e-13
sub-26,0,27.440043220023643,2.556829857828362e-12,5.758734015222316e-13,1.0573720309663252e-12,1.1348663883396541e-13
sub-26,1,19.66367957871864,1.1507157703770507e-11,2.285344875246732e-12,1.1650887492349635e-12,1.4769029391764036e-13
sub-26,2,17.462248492364598,1.3533214628233197e-12,4.935622075871183e-13,1.1418759645750226e-12,1.1599949579663418e-13
sub-26,3,20.479663883454513,2.305715900669198e-12,5.022057634713913e-13,7.9837568522958e-13,1.0451237691122671e-13
sub-26,4,16.705559592184503,2.582672755913046e-12,4.158524839624573e-13,1.0254078147884076e-12,1.2958265153184878e-13
sub-26,5,15.570234076320133,7.146155608931249e-13,2.9913264524421264e-13,1.540931982832019e-12,1.4262297279718448e-13
sub-26,6,16.157330219843942,1.2791126079293823e-12,2.8994433946706463e-13,8.907293585804587e-13,1.0639818015876134e-13
sub-26,7,14.716064304330146,3.1204491771443317e-12,3.5833322380080136e-13,1.675344366552711e-12,1.0555601776454095e-13
sub-26,8,13.606708506247205,2.1795594959901283e-12,4.558376062205972e-13,1.3500930164291074e-12,1.2661456930732595e-13
sub-26,9,13.741513048113902,5.835370632312033e-13,3.012459005158171e-13,5.216086912628883e-13,1.0369268399064605e-13
sub-26,10,16.00270596282489,1.7569187870852385e-12,3.2455634371151565e-13,4.373002569408128e-13,1.0584186293687177e-13
sub-26,11,17.360646929933413,1.7875713114992076e-12,4.788593481665197e-13,1.4650433394546858e-12,1.7592753534444904e-13
sub-26,12,15.135181013396878,1.6110061464670712e-12,3.319245906133193e-13,1.391944823565002e-12,1.5486527074723594e-13
sub-26,13,16.16047668879263,6.030075540517479e-13,5.116321518407327e-13,1.1332491551723623e-12,1.025081076692247e-13
sub-26,14,13.975105289318586,1.2617819054133345e-12,5.805121629910268e-13,1.541564747249306e-12,1.3473357118930273e-13
sub-26,15,15.208393563800376,1.0414726877569613e-12,2.0816182068556306e-13,1.2825437622709383e-12,1.0898103750021549e-13
sub-26,16,24.775226791565178,7.771579931443429e-13,5.454183259548612e-13,1.1999417197595554e-12,1.356141180535688e-13
sub-26,17,14.21330568945443,1.3204590048387718e-12,3.1982740192817394e-13,6.544664468041886e-13,1.0514245904875842e-13
sub-26,18,15.803235654195984,2.0176652967818853e-12,4.06798739081613e-13,6.861808525397083e-13,9.577388021302323e-14
sub-26,19,16.04697493467443,2.675628408806039e-12,3.398342855721556e-13,1.0618816447456662e-12,1.1822429246748322e-13
sub-26,20,14.635969570317755,7.279985816361993e-13,6.159015517054248e-13,1.0567962917772875e-12,1.6534466286444313e-13
sub-26,21,14.297733879716562,7.185695176073811e-13,3.549443268540706e-13,6.800507805745073e-13,9.806543648990242e-14
sub-26,22,13.182943660901357,2.702254035771377e-12,4.0512964220063786e-13,1.136878300136039e-12,1.812533709668939e-13
sub-26,23,13.925114344836723,2.2973883771197937e-12,5.592067175840041e-13,9.926488981838926e-13,1.3247746600018453e-13
sub-26,24,16.25583590380448,1.7119434657550099e-12,3.4284917861070055e-13,7.385113374892929e-13,1.302164537366032e-13
sub-26,25,16.025717538553796,1.5013482314237241e-12,5.589452325012798e-13,3.5388162537816794e-12,2.1103856495574905e-13
sub-26,26,12.837068303222008,1.2812742136595562e-12,5.689761022441214e-13,1.141067806674179e-12,9.133677749160708e-14
sub-26,27,17.11862196341989,1.4583802867756823e-12,4.374358511893049e-13,7.443545101261457e-13,1.3332347410392782e-13
sub-26,28,15.058638361303098,2.369955392804003e-12,5.544398377377196e-13,4.957949588087336e-13,8.80706184303477e-14
sub-26,29,13.956814549299452,1.479690313066329e-12,3.5818852447960895e-13,9.884511250371384e-13,1.270189612599106e-13
sub-26,30,16.609729289769447,1.1279946101868825e-12,3.224963577520564e-13,9.080216720284812e-13,1.0869356146721141e-13
sub-26,31,12.31276570085329,6.792314361817719e-13,6.910979842856895e-13,1.1306352926471756e-12,1.3765343388444137e-13
sub-26,32,13.215835661520812,1.7618887646742052e-12,4.226078055640101e-13,1.4710933069892984e-12,1.2720141004620303e-13
sub-26,33,13.165696994236654,9.35985480987714e-13,6.824797334421903e-13,6.769971783793811e-13,8.670618624333613e-14
sub-26,34,14.990077962040184,1.2644161399979105e-12,5.300551313443049e-13,7.044303145050934e-13,9.858197826602294e-14
sub-26,35,13.64895439686979,1.7878873493937368e-12,4.637432004761957e-13,5.989386565534536e-13,1.386009049583871e-13
sub-26,36,15.850094068346207,1.9237135126316814e-12,3.312875347349632e-13,1.5291452916906782e-12,1.5721482859933202e-13
sub-26,37,17.373229576148447,5.992375723470423e-13,4.566917204409471e-13,2.0875570736046186e-12,8.669570136784181e-14
sub-26,38,19.573279983784882,2.023258396408435e-12,5.682649981435988e-13,7.789769072741357e-13,1.2811080040934316e-13
sub-26,39,15.281505914372785,2.1123731922951204e-12,3.065881111615386e-13,8.627915919177666e-13,1.253706551946935e-13
sub-26,40,11.424639099798087,7.080228499095786e-13,3.6470393943938987e-13,1.071030605083015e-12,1.016859635458027e-13
sub-26,41,11.63275190790919,1.0718674474158699e-12,5.185678283394534e-13,1.0065253586993384e-12,1.2494170997426986e-13
sub-26,42,12.820742580301719,1.230405639049877e-12,5.403343586825977e-13,1.398394359667632e-12,1.152494198842338e-13
sub-26,43,14.261289213266727,8.802384545294131e-13,2.8103423622330664e-13,1.2042016072904106e-12,1.32896796922003e-13
sub-26,44,13.778782007881695,9.67759449054574e-13,7.950713787921764e-13,2.1824831417292343e-12,1.702606548648682e-13
sub-26,45,12.868943064462853,6.185078716035565e-13,1.6636651299983467e-13,1.7439994337443483e-12,1.4870853533297296e-13
sub-26,46,13.86800154150571,6.41118953742787e-13,7.443838204300075e-13,3.979750433754166e-12,1.930696421145826e-13
sub-26,47,14.848550527321159,7.970062077725341e-13,3.662173201711397e-13,9.660303978626666e-13,1.1383685383875284e-13
sub-26,48,13.070017523424768,3.719265235694757e-13,7.16030801832371e-13,2.1128129986394437e-12,1.256733939814966e-13
sub-26,49,18.04499649116028,5.037558354065202e-12,4.2705568666320284e-13,9.86416689409904e-13,1.0402004632401658e-13
sub-26,50,12.829343897834587,9.274597829808712e-13,2.830487722239629e-13,1.314505444738142e-12,1.0961073609568594e-13
sub-26,51,12.316959497861754,6.196376009490701e-13,2.59796619408136e-13,1.884854369315901e-12,1.6782528924083468e-13
sub-26,52,14.339800193163132,7.65147971330278e-13,2.3773395974185157e-13,1.6423284789849378e-12,1.2764117928657112e-13
sub-26,53,14.432011776893686,4.626185280445191e-13,1.611730528796271e-13,1.5766211740460322e-12,1.1365176758043279e-13
sub-26,54,14.913795767419117,8.867566133654441e-13,2.0995177204795407e-13,1.7979567232329852e-12,1.3103897575576543e-13
sub-26,55,16.540998232050796,1.7647833521030447e-12,9.32815784900583e-13,1.6561903733615847e-12,1.9187420297740326e-13
sub-26,56,15.953341884988298,9.771034206084976e-13,4.208544134328111e-13,7.106871883196046e-13,1.5525701160662487e-13
sub-26,57,15.449553652000764,6.01056276297076e-13,8.055579971829288e-13,1.2160703956425482e-12,1.9799085294959478e-13
sub-26,58,13.608837106079053,1.5453934787352477e-12,4.22355380154207e-13,8.319072322866627e-13,2.0512363052595508e-13
sub-26,59,13.593107801596926,8.660919049132937e-13,3.001992988761163e-13,1.4319476005287199e-12,1.5899655689065192e-13
sub-26,60,14.783459050577715,4.64592666042867e-13,3.138097430010327e-13,1.362113056474731e-12,1.7121393588130497e-13
sub-26,61,13.635055176757442,6.901030518062124e-13,8.399076042709099e-13,3.4163133752819207e-12,1.1842849156628715e-13
sub-26,62,16.177344243783505,5.8264260292440626e-12,7.710068097780321e-13,6.584775753663868e-13,7.013588911821205e-14
sub-27,0,72.68569894135307,1.1623837005998207e-11,2.159544807635537e-12,6.435237750355571e-13,1.3656647810210305e-13
sub-27,1,38.62597858979197,8.804435181346111e-13,3.802862515155072e-13,2.7039035395347725e-13,1.358055700380163e-13
sub-27,2,23.728943149204653,7.382806814895517e-13,6.116550777031332e-13,3.5597798541377246e-13,1.4791145393304512e-13
sub-27,3,15.201808825971337,8.370697313942797e-13,4.4271819752215314e-13,2.4799145095541993e-13,1.1846466000108012e-13
sub-27,4,16.0588367821986,6.343930575500294e-13,3.7871616254735183e-13,3.7474478764101946e-13,2.1002612542624644e-13
sub-27,5,17.6521621120739,8.349375930301428e-13,5.85112725044546e-13,3.5484606507241634e-13,1.649557039391551e-13
sub-27,6,17.304196255054553,1.3102463635377943e-12,6.318509462224432e-13,4.5213749561216395e-13,2.0760099439708295e-13
sub-27,7,16.569448306070036,7.322976133634868e-13,3.0819445224384254e-13,4.310393366411576e-13,1.198900903605084e-13
sub-27,8,15.883634539290046,1.4200548602901534e-12,4.714619155869198e-13,7.380995951892784e-13,1.5532804047534903e-13
sub-27,9,22.22280055546812,5.621873811847909e-12,5.649917104482084e-13,3.6682733309336507e-13,1.903204215167621e-13
sub-27,10,11.372217888022844,1.0761894125292736e-12,5.335622378131576e-13,7.073196876926562e-13,1.9196869763932407e-13
sub-27,11,13.618622996612975,9.183335859949348e-13,3.396787457348734e-13,7.129531535920737e-13,1.2210283444633042e-13
sub-27,12,11.37949781132116,2.238010154643519e-12,4.934651119224437e-13,6.13240783182176e-13,1.3108474895685042e-13
sub-27,13,17.06548995183719,5.311483458892551e-13,2.762924596098878e-13,3.5532030639974657e-13,1.522893285755501e-13
sub-27,14,12.256356415126444,7.179513561071626e-13,7.118379992163164e-13,1.5594667995028417e-13,1.6694993061346599e-13
sub-27,15,13.548083393307856,8.990434489597376e-13,4.736652953257418e-13,3.537878781554797e-13,1.5223320418586603e-13
sub-27,16,15.263254723900156,7.683417253218101e-13,5.603600916909992e-13,5.036433407331075e-13,1.6877584844630262e-13
sub-27,17,18.15456153027278,2.0029744214072234e-12,5.534365656204059e-13,5.715206592480152e-13,1.3228918071355095e-13
sub-27,18,16.61921723905178,7.08473629797106e-13,4.167966098376562e-13,2.9359918079894697e-13,9.988169332681514e-14
sub-27,19,13.540365359961282,9.229468894718304e-13,5.231625176493306e-13,2.9390538858625876e-13,1.5321853787615103e-13
sub-27,20,12.361235843386298,1.3226548840898312e-12,4.187803210646495e-13,2.461496466929104e-13,1.2234918665266127e-13
sub-27,21,16.750791116011268,1.8496789626563905e-12,4.724365035018356e-13,8.22042763920713e-13,1.8826301944314454e-13
sub-27,22,13.3908205651305,9.919592980298666e-13,8.390343596390369e-13,2.1740287003232344e-13,1.4327139025048613e-13
sub-27,23,13.595419489728311,1.294544965000624e-12,5.775695659588628e-13,6.782673676812307e-13,1.802566881306752e-13
sub-27,24,16.618266427253545,1.060758989894425e-12,3.43084282976066e-13,4.931917161289167e-13,1.9646958472697869e-13
sub-27,25,13.08360164724843,6.322279144334983e-13,5.164014685967574e-13,8.723730061659453e-13,2.087444335929515e-13
sub-27,26,15.607055889370878,9.143274613809302e-13,4.241066006808925e-13,3.403214826106868e-13,1.3471199529422256e-13
sub-27,27,14.528720683918799,5.983039588694657e-13,3.5280365178593485e-13,3.666334354519459e-13,1.1240672005852507e-13
sub-27,28,14.801659360309914,8.772659357146956e-13,4.882852144019399e-13,5.189467142752896e-13,1.5302669912666584e-13
sub-27,29,13.685163913563581,1.3641954577813137e-12,5.657115455461335e-13,3.6928738313995825e-13,1.635709487725761e-13
sub-27,30,12.045071529478676,1.1420368178360319e-12,9.280058858959e-13,4.682430571952325e-13,1.9075346784465362e-13
sub-27,31,13.028015127967388,1.313989000134872e-12,5.104664584678538e-13,6.008306988607471e-13,1.1421282829605147e-13
sub-27,32,14.963620627966847,1.1969912473816121e-12,3.4233530698167417e-13,4.611066073752733e-13,1.0884636966395663e-13
sub-27,33,12.074530503620798,5.347533021921438e-13,2.7830858970737856e-13,3.33665018186807e-13,1.6037087741028082e-13
sub-27,34,16.147036501054252,1.1659731355144605e-12,5.453366712101821e-13,1.983638199528636e-12,2.370025267313974e-13
sub-27,35,14.687980598979202,4.978431343845708e-13,5.601525068435171e-13,4.552310315157484e-13,1.4490010104749343e-13
sub-27,36,15.283118851740385,8.331105085862234e-13,3.278260245630745e-13,5.437280908297737e-13,2.789636772225328e-13
sub-27,37,12.971767111968845,8.999496167883522e-13,4.5031978444612574e-13,1.203841093624514e-12,2.274916102182775e-13
sub-27,38,11.106837406330907,9.9945251360613e-13,2.608657628705793e-13,4.756652875497722e-13,1.322446691936009e-13
sub-27,39,11.700564742862163,4.56277176174028e-13,6.785065148888432e-13,4.2260375615965267e-13,1.5411758070730002e-13
sub-27,40,14.543948069227476,1.3488733340277858e-12,5.36696975814506e-13,3.9477762993390476e-13,1.0938723413528195e-13
sub-27,41,14.653902175268012,9.013561191278007e-13,6.496687953949566e-13,2.9266514526475807e-13,1.1624167192523804e-13
sub-27,42,12.274539006463831,9.032212574693592e-13,4.109072906759652e-13,2.820427408121195e-13,1.4368280323499763e-13
sub-27,43,11.743509452248594,1.0905217334775023e-12,4.2674726290613877e-13,2.9385051838624273e-13,1.3771601451745647e-13
sub-27,44,17.748510518283645,8.665953139641083e-13,3.8484806124943894e-13,2.679742905034056e-13,2.2204511052705257e-13
sub-27,45,15.252239346992342,2.833149025581945e-12,5.57807484425708e-13,2.7851066093470995e-13,1.676017508508535e-13
sub-27,46,12.890245191421476,6.419560104283141e-13,4.775968043672385e-13,5.923080793310544e-13,1.3049001152778388e-13
sub-27,47,14.230161094922384,1.5823954286270965e-12,6.933948344530516e-13,6.09121944877379e-13,1.2827594879254165e-13
sub-27,48,13.094064422875636,8.33798312682467e-13,7.892309350491468e-13,3.6322088613320314e-13,2.2665743312177974e-13
sub-27,49,11.240995106593173,1.437984873430042e-12,4.30997163009917e-13,1.8316525749174984e-13,1.0097101033304275e-13
sub-27,50,9.658550885977796,5.197729193598242e-13,2.949013331724435e-13,4.724257945553591e-13,1.677968433307887e-13
sub-27,51,14.389527385265225,8.774234830269006e-13,5.813147725056088e-13,4.258127134894367e-13,1.3415022482088447e-13
sub-27,52,12.2531136037259,1.0425370894425152e-12,3.4005351937064e-13,8.385876451567356e-13,1.4082498983866262e-13
sub-27,53,13.893282121170792,6.84119953646511e-13,9.981298756249374e-13,4.4858766885172103e-13,2.6032091909283826e-13
sub-27,54,14.372499419489536,1.4765703609978471e-12,8.046733728323479e-13,3.2314101482779247e-13,1.2443627629536413e-13
sub-27,55,13.483548498046714,9.686172021603978e-13,5.971179953377108e-13,6.501747855496608e-13,3.3362071692978685e-13
sub-27,56,10.810020964192281,1.6679552317591177e-12,5.008545861545879e-13,3.52035669622828e-13,3.046204801987117e-13
sub-27,57,13.587819558082286,6.911587446649387e-13,6.787813238277989e-13,4.5148287706383063e-13,1.5302766911805882e-13
sub-27,58,11.839140350967291,2.6387545047279915e-12,3.427354793096705e-13,2.495928947637907e-13,1.0204819374609616e-13
sub-27,59,15.238665848496996,8.531168213454721e-13,4.775447737249219e-13,5.069103615041021e-13,1.6619540119120673e-13
sub-27,60,9.886547672905357,8.994332410185777e-13,5.290922586909994e-13,3.768327768252078e-13,1.5109878727816266e-13
sub-27,61,11.815335831712757,1.4502595252723226e-12,3.708056718216417e-13,8.145088190633644e-13,9.525167992615043e-14
sub-27,62,11.575998749753088,6.658961667914764e-13,2.421034966522143e-13,3.90801508732777e-13,1.2945916145134312e-13
sub-27,63,11.379040770597163,1.2044141164991564e-12,2.066453878489668e-13,4.561104385299801e-13,1.0945337389236378e-13
sub-27,64,11.175773269911037,2.0898356826450943e-12,3.760560140326385e-13,5.893527340664924e-13,8.141469432387543e-14
sub-27,65,13.85604092080051,1.5157628661589561e-12,4.3178019825082094e-13,8.408268359914482e-13,1.7033111946624449e-13
sub-27,66,14.062866105359648,1.1759710379582604e-12,4.4771540687799347e-13,4.052908922612289e-13,2.818775797593744e-13
sub-27,67,9.255453781655964,6.925868624620564e-13,5.203691418163925e-13,2.983181144616858e-13,1.5457809230369125e-13
sub-27,68,16.253781020168304,5.609696872356765e-13,3.4978355007747536e-13,5.323309635296706e-13,1.1959622071962057e-13
sub-28,0,24.306874784017477,2.28010962635416e-12,7.184915272192359e-13,3.899169432142018e-13,1.82666813384502e-13
sub-28,1,18.41206247303344,1.5291623324435613e-12,4.598774148679831e-13,3.640298728795599e-13,1.657929735967997e-13
sub-28,2,13.583181572295501,1.4179366354504645e-12,5.165824932189766e-13,4.838520896666534e-13,1.4179217520585542e-13
sub-28,3,13.825365041055992,2.0381143710901024e-12,6.365429199835275e-13,3.268009503001387e-13,1.7003968337726367e-13
sub-28,4,16.330057682942158,9.159133491411959e-13,4.667616803248393e-13,2.291890600436398e-13,1.9105937110272318e-13
sub-28,5,13.219603078907406,1.4774269111436438e-11,1.1237589512549366e-12,2.7678070912565085e-13,1.6099475557434911e-13
sub-28,6,13.462367871854159,6.646141166411346e-12,8.81966008407213e-13,2.553615242105032e-13,1.5855611752596037e-13
sub-28,7,12.207848888423852,1.1641659060096026e-12,7.618654156490209e-13,2.0518951405891378e-13,1.663815985803163e-13
sub-28,8,16.077599643575223,9.459849963038236e-13,6.401741822932874e-13,4.157459969505028e-13,2.0184731284788746e-13
sub-28,9,13.86471351334045,1.3005124072467004e-12,6.10248839591183e-13,2.735823216591228e-13,1.460881527216511e-13
sub-28,10,10.603884979657703,9.736109363450277e-13,5.622623609494836e-13,3.304358156127e-13,1.8198734937937e-13
sub-28,11,13.90833580624796,2.2855024829465506e-12,7.562192022744217e-13,6.002295048017027e-13,1.7993740668794958e-13
sub-28,12,11.28013110722233,2.46041889950347e-12,1.4801220789300261e-12,3.2787364048270396e-13,1.505545484766126e-13
sub-28,13,14.305485883685764,1.147424931236864e-12,1.0453797615782938e-12,6.138276568906977e-13,2.2097322861558698e-13
sub-28,14,16.401407507543265,1.2259095454238655e-12,2.872584994676325e-13,3.541499248296455e-13,2.0625417544932093e-13
sub-28,15,13.683215559121871,8.480933947793491e-13,6.92439246477377e-13,1.4775662941704106e-13,1.5774242937436257e-13
sub-28,16,11.286629913512455,1.2274712207697413e-12,3.761479281904283e-13,2.721615204616856e-13,1.6797281062344526e-13
sub-28,17,12.205898985937893,1.0784494292321884e-12,5.514064348759817e-13,2.0659952113245076e-13,1.4153863307289974e-13
sub-28,18,11.001870542365628,1.5275989795881173e-12,1.224456246189207e-12,2.953722169789194e-13,1.7332478410563565e-13
sub-28,19,13.99206381636144,1.6209157759031771e-12,1.0489120729782157e-12,6.415453907057815e-13,1.480824471075704e-13
sub-28,20,15.42532025106558,1.118190564301204e-12,4.714654680640692e-13,3.812128909362038e-13,1.8401249396047275e-13
sub-28,21,13.524818791951326,9.344682356063866e-13,9.664681672163914e-13,1.050871749443959e-12,1.9148554448649425e-13
sub-28,22,11.858531391540877,1.2709529652905175e-12,8.309536522166993e-13,2.471899555299819e-13,1.2577823405131228e-13
sub-28,23,15.12411868681515,1.2605002983548833e-12,5.026420229063172e-13,3.1001755754289095e-13,1.2462991582089933e-13
sub-28,24,12.762058009559496,1.3529015651775444e-12,9.746655731650547e-13,3.985986401714455e-13,1.1331972001817768e-13
sub-28,25,13.606334263892295,1.1624572546463648e-11,2.064657711463027e-12,3.5448874935704153e-13,1.9964691916888496e-13
sub-28,26,14.63309670402378,8.061733531319164e-13,4.714409713493874e-13,3.5160513118181124e-13,1.8733244700133888e-13
sub-28,27,13.14876103322962,5.2977643219305605e-12,7.643255900117802e-13,4.947848766016023e-13,1.861574955488522e-13
sub-28,28,12.958546847569904,1.0126436100581819e-12,3.98396450261002e-13,2.3823464571499e-13,1.2946820170167427e-13
sub-28,29,15.415085176230413,1.0752873927106395e-12,4.2588475461257843e-13,7.712112275983442e-13,1.770938630639696e-13
sub-28,30,13.866961964949414,5.836563310228861e-12,1.1094774348976637e-12,1.6454510911781203e-13,1.1660922484040635e-13
sub-28,31,13.216415996618917,7.335655276288218e-13,9.10157435571208e-13,2.433293738701507e-13,1.3375863042860727e-13
sub-28,32,12.964665790281936,1.2241688220679016e-12,8.57538292065997e-13,4.231681953995159e-13,1.6441116430478026e-13
sub-28,33,13.815733028615005,1.6323628382657689e-12,4.651640350179035e-13,6.069937909952101e-13,2.659014954352408e-13
sub-28,34,15.683348215512318,1.3618771778093956e-12,1.2187731330620523e-12,3.688224152756314e-13,1.7531709460469292e-13
sub-28,35,13.675735482904765,1.361862078047736e-11,1.4565601588172856e-12,5.490155252630363e-13,1.972326128146405e-13
sub-28,36,13.6408828330202,1.0431907459221858e-11,2.315754421890518e-12,8.560206682862652e-13,2.8817385962537045e-13
sub-28,37,16.270525162334916,1.9137958128968102e-12,4.4972786695767543e-13,7.800817846855809e-13,1.5019237967303035e-13
sub-28,38,14.658835327139046,5.493078112525257e-13,4.1489697457101633e-13,4.4571510222532137e-13,1.6395193916822686e-13
sub-28,39,11.302207308357596,1.366834291879633e-12,9.574907264984995e-13,3.030182562482972e-13,2.1176351737993688e-13
sub-28,40,15.189537241154197,2.4256729685859715e-12,3.5172032423640735e-12,6.814947590208961e-13,2.7420894675655913e-13
sub-28,41,14.35363513347307,1.8259333910295025e-11,8.322277057938562e-13,2.312837122887119e-13,1.7303303427297674e-13
sub-28,42,14.591811723101939,1.6681455270857995e-11,1.0008146967658098e-12,8.047585543177449e-13,2.2018235428483805e-13
sub-28,43,14.528094183245999,2.4420554085141094e-11,1.6889891560540109e-12,5.156334147941764e-13,2.02624868245277e-13
sub-28,44,15.879875774688394,2.003004861393167e-12,9.136591433828535e-13,3.896197142167487e-13,1.5978294581742627e-13
sub-28,45,16.595432152299615,1.3883912078705456e-11,1.4940963448290056e-12,2.900489093561417e-13,1.5394216685542625e-13
sub-28,46,15.953923147696681,1.727400659275477e-12,5.963074710982968e-13,4.577227311444971e-13,1.8720050764346636e-13
sub-28,47,14.050557174935154,9.58929913648893e-12,1.229455329828002e-12,1.070685060823251e-12,1.6701177259135063e-13
sub-28,48,13.084912211953764,7.05509159061246e-12,8.30163258058687e-13,2.5507619294088694e-13,1.179876333774186e-13
sub-28,49,18.798881603757224,9.07552626079803e-12,8.249122633709298e-13,3.5020594440827336e-13,1.1648744555867843e-13
sub-28,50,14.979447655561115,1.6503178732443035e-12,5.330305702936488e-13,4.963300528754117e-13,1.5954068524676376e-13
sub-28,51,11.750673389108558,5.2285309631963e-12,1.0082341129898698e-12,4.2080709998775283e-13,1.0286620720725133e-13
sub-28,52,13.96282230840361,2.9221784016809254e-12,1.1375235030699488e-12,2.4363478198148967e-13,1.3713902132135344e-13
sub-28,53,16.282075960732943,1.178802116758367e-12,5.128659027571407e-13,5.793413525464834e-13,1.9245843668671112e-13
sub-28,54,18.32523546497049,1.5908771769551104e-12,8.492303186891239e-13,7.199277909425622e-13,1.3188420742925047e-13
sub-28,55,13.466363125411101,1.7014108807406974e-11,1.6467558562976711e-12,2.8275124318975224e-13,1.1320667964712937e-13
sub-28,56,10.993183716728366,2.6765763820273256e-12,1.109401086230867e-12,4.3941096164188003e-13,2.2282313288771363e-13
sub-28,57,15.29777193386911,4.179755967451524e-12,7.300743460293127e-13,4.845607287912301e-13,1.509265743110818e-13
sub-28,58,12.198277489044846,1.0990026184262222e-12,6.233004725925142e-13,4.3146977729004816e-13,1.5974261630268668e-13
sub-28,59,14.589251557677372,1.0794570284907817e-11,8.948929169237717e-13,8.388552893024209e-13,1.4171460292951718e-13
sub-28,60,15.606774045175221,1.8242919249865845e-11,1.2177741272784792e-12,1.3333956035731907e-12,1.5512920297812976e-13
sub-28,61,14.953901398417626,9.364615997670483e-12,2.053617097811584e-12,4.906730782712085e-13,1.7265071601539427e-13
sub-28,62,15.387884890249891,5.793166801518255e-12,1.5612544834386864e-12,6.574576305417426e-13,1.4633011855515526e-13
sub-28,63,13.372607449743876,1.3453647178074584e-11,1.5626922572342253e-12,7.259410095692812e-13,1.3927711448572838e-13
sub-28,64,15.037367258627196,5.367387998806784e-12,6.746806025557601e-13,7.184497675627906e-13,1.5111499372862102e-13
sub-28,65,15.243696443519717,2.505024415836158e-12,3.713751702797943e-13,1.7106892383964825e-13,1.0975032959266047e-13
sub-28,66,14.583762575296452,2.728364674224366e-12,1.2595560897624403e-12,7.940574100589719e-13,2.141212937459743e-13
sub-28,67,13.842737153124977,1.0923615647188307e-11,1.3750024603316665e-12,3.3052864720203147e-13,1.5291516329317013e-13
sub-28,68,14.106497549456863,9.148943824190331e-12,1.2568911399108843e-12,5.316987920227738e-13,1.5326530005552616e-13
sub-28,69,13.791502794019245,1.1726991500887002e-11,1.8580175421185742e-12,5.661050397821666e-13,2.3256166777477756e-13
sub-28,70,13.32065745326034,3.1382066318827755e-12,9.29413053235943e-13,7.809050593246927e-13,1.4674252116684606e-13
sub-28,71,15.385218220189351,1.618084822615472e-11,1.4028989076968726e-12,5.682790163183795e-13,1.5154489925205755e-13
sub-28,72,13.720611429332921,1.0070425814525643e-11,1.3756957199193907e-12,4.818935928245474e-13,1.6113344210912513e-13
sub-28,73,15.989207070095759,7.276723838819793e-12,7.804155610684546e-13,7.975407761188558e-13,1.5631463895561384e-13
sub-28,74,10.399445862004518,8.8768901767376e-13,5.408648416330727e-13,3.003525627783473e-13,1.4624033712684909e-13
sub-28,75,12.835669449258912,1.4190988454800918e-11,1.289520228375897e-12,3.9149448913371094e-13,1.4426203353118288e-13
sub-28,76,12.21964694209207,7.056257587275612e-13,1.4475735906578364e-12,3.409054996376175e-13,1.2389245049395834e-13
sub-29,0,51.244150037775974,8.903014002716122e-11,6.596437614363556e-12,6.705004046291275e-13,3.023819656199456e-13
sub-29,1,41.77622654790916,5.169634739486002e-12,1.5411139234862883e-12,5.708183771675344e-13,2.355364143051729e-13
sub-29,2,32.07706400669473,1.7034479816912698e-12,4.176216828208365e-13,4.167989270299915e-13,1.6877915812692285e-13
sub-29,3,32.62068361306451,8.478432112664168e-12,1.2033623721411626e-12,3.4287618123446544e-13,1.6612690638343962e-13
sub-29,4,63.64713214361024,3.663092107734473e-12,8.200668511194002e-13,3.1229748347863414e-13,1.7457217239766485e-13
sub-29,5,50.72183572599712,1.4184143514567157e-11,2.587595597469278e-12,8.29471157198153e-13,2.752044684912341e-13
sub-29,6,71.25742388794684,3.486693896989043e-12,8.473590874081355e-13,3.002398066126538e-13,1.7995496227122056e-13
sub-29,7,79.61577554478133,7.20127046874566e-12,1.0225382823476552e-12,5.356929686434107e-13,1.8957706211428751e-13
sub-29,8,67.02353024720253,1.2177163492865043e-11,2.050774524295376e-12,6.919446089545288e-13,2.244815271454308e-13
sub-29,9,65.23109230662565,9.09731725462661e-12,1.4516555883992727e-12,4.2128257134030217e-13,2.463569285568794e-13
sub-29,10,48.84770738518339,9.730307821068188e-13,2.606808942354183e-13,3.214535952072445e-13,2.0814080344831717e-13
sub-29,11,62.646297462383785,2.4367644944055033e-12,4.043890355797088e-13,2.8572606392870054e-13,2.539768281263585e-13
sub-29,12,58.31557501525957,1.6496990230074144e-12,5.511552328065165e-13,2.9637075334460465e-13,2.1859023444054287e-13
sub-29,13,52.93961934130738,1.852261341257689e-12,7.805526489614641e-13,3.529612810613923e-13,1.9012485187275809e-13
sub-29,14,40.085475994151395,1.5221183743276113e-12,4.357313310251537e-13,3.3559104478348895e-13,1.774875595472537e-13
sub-29,15,41.68610567132164,2.3156323992990486e-11,2.7986243259290855e-12,6.932485133240637e-13,2.261478549386875e-13
sub-29,16,43.50983120403801,2.6504958653051198e-11,3.4259283480206367e-12,4.4580119881660773e-13,2.549790255029541e-13
sub-29,17,33.041489927953535,1.3606077636020423e-11,1.477426624175339e-12,5.518470207364342e-13,2.2684198050941635e-13
sub-29,18,47.41452604037392,2.034830454378106e-12,7.772178553634204e-13,3.7697295708744277e-13,2.577268805459453e-13
sub-29,19,45.105806014828175,2.5331211104360973e-11,2.7805955978453387e-12,7.242320432998494e-13,2.153436314935121e-13
sub-29,20,46.12561536541172,1.5204372997409254e-12,3.790552589716079e-13,3.7687104580788525e-13,2.3155689163593047e-13
sub-29,21,104.95851552803586,8.054313599503554e-12,1.454600729186065e-12,4.291900691582404e-13,2.318585681924156e-13
sub-29,22,30.01956289603402,1.2695127372613484e-12,8.930318481221455e-13,3.4307542522161e-13,1.9206890375060086e-13
sub-29,23,32.751180042244435,6.98002740024951e-12,1.010695990918266e-12,2.8514602890886423e-13,1.8230095494058542e-13
sub-29,24,33.99096051730902,4.742000267291099e-12,5.13865209605444e-13,4.627811687851184e-13,1.9979329728293228e-13
sub-29,25,42.68021446368707,2.1228437563103998e-12,8.871798202963584e-13,2.2828128151931635e-13,2.097337531725797e-13
sub-29,26,35.3959287090399,3.005001915854934e-12,6.415612181348432e-13,3.489741416169631e-13,2.167998849432956e-13
sub-29,27,38.131462937104324,1.5367647378335413e-12,4.1974008328056395e-13,3.3763079598981653e-13,1.9761638781919592e-13
sub-29,28,34.04221015517569,1.566681795409539e-12,4.908533154214656e-13,1.888650117430209e-13,2.0531334526352312e-13
sub-29,29,36.45860220884457,2.2516624373396004e-11,2.7955410244608134e-12,4.619458273345021e-13,2.250232439707874e-13
sub-29,30,33.46896423930819,2.70817357552761e-12,1.6422457931236074e-12,3.7508680397968285e-13,2.206450060304709e-13
sub-29,31,30.1548210497848,1.060698085992721e-11,2.1122175116517835e-12,5.36267796875828e-13,2.2407924025513801e-13
sub-29,32,26.881193064792875,2.376619697587435e-11,2.9087196613257436e-12,1.030896662347424e-12,2.1331718881117405e-13
sub-29,33,28.842374429945757,3.272930844804163e-12,9.083076278037475e-13,4.879977745195315e-13,1.7640045843305383e-13
sub-29,34,24.060658549496885,1.8043166948174817e-12,6.672145582370473e-13,2.5088322603861263e-13,1.9693240738496877e-13
sub-29,35,24.602189644355867,3.6374705046861863e-12,6.822915368779205e-13,3.060549736458452e-13,1.9508933990577562e-13
sub-29,36,21.16499120972834,8.041607918756231e-12,1.591273529150701e-12,4.0519830653368333e-13,2.1164726013424176e-13
sub-29,37,24.040554105624985,1.8966977294803887e-11,3.117731904884884e-12,5.701433139610776e-13,2.0202933257041246e-13
sub-29,38,20.865244804919346,1.1307926114427362e-11,2.166498901496428e-12,6.679730705431318e-13,2.164847942951578e-13
sub-29,39,22.226651292963965,1.5510878445338635e-11,1.743643860299546e-12,4.4476082046686944e-13,1.6505395680116606e-13
sub-29,40,24.990232435900854,1.7780629150296828e-12,5.374240814043892e-13,2.5567166617679794e-13,2.1069505273293456e-13
sub-29,41,21.57523658674385,1.472969528762667e-11,2.2039491901941927e-12,7.635309949605424e-13,2.1954783237956142e-13
sub-29,42,47.119431407911684,1.8748741942623627e-12,8.7169362731568e-13,2.5387334955078077e-13,1.8626930956015346e-13
sub-29,43,23.11205877805162,1.9970045328195858e-12,4.0369242445004334e-13,2.8381755313381237e-13,2.0822756437246674e-13
sub-29,44,46.13486460472817,2.095472512845792e-12,3.648681568915268e-13,4.697595773973428e-13,1.9777061118188971e-13
sub-29,45,30.267337404679417,2.675523458259377e-12,5.095579834183285e-13,2.2718413542701325e-13,2.178362982300937e-13
sub-29,46,22.184514301866916,1.032286445092035e-11,8.571783602401636e-13,2.5214478171602137e-13,2.1856712133267406e-13
sub-29,47,19.15950031834514,6.602441732051639e-12,1.1914354228308124e-12,5.036780836639802e-13,2.0147343884480417e-13
sub-29,48,20.815942673016032,8.96007600488271e-12,1.3239898181898418e-12,5.547361538545547e-13,2.3370766899836097e-13
sub-29,49,25.703435534777178,2.2871275376413294e-11,3.11124164293448e-12,4.751308464882984e-13,1.8482417848069973e-13
sub-29,50,26.16749805106536,2.4154732201654814e-12,5.891501888890986e-13,2.4916044360336085e-13,2.216662422321264e-13
sub-29,51,20.354031242223616,9.469896915000782e-12,8.891024450313855e-13,2.970038157351393e-13,1.823888104703164e-13
sub-29,52,17.693133710943624,1.6885794290054903e-11,2.3970822487474605e-12,5.196168569153844e-13,2.068461547943284e-13
sub-29,53,20.653857637873294,9.285330945558215e-12,1.919768645403911e-12,8.723092732596671e-13,2.868002206292684e-13
sub-29,54,21.556121849196995,8.591503152119805e-12,1.1032449836026377e-12,5.688547686081045e-13,2.4184215377558087e-13
sub-29,55,18.962002606000226,1.6001763456626347e-12,3.555658896019263e-13,4.040010911458998e-13,2.181354108436759e-13
sub-29,56,19.78474324777545,2.496573544397424e-12,3.687594165909207e-13,2.3344254120355924e-13,1.46799746717505e-13
sub-29,57,44.512346996626555,1.5592757802014576e-11,2.1896976440839228e-12,4.949576209330682e-13,2.2481719768896202e-13
sub-29,58,30.052839615257025,7.115088519938137e-12,8.406903409356462e-13,3.9021843667092e-13,2.05088033796323e-13
sub-29,59,27.6466008655864,1.8080405430299931e-12,3.776303603918088e-13,6.722723564609862e-13,3.1682816119507894e-13
sub-29,60,95.77939226484058,1.9866378113453128e-11,2.244530945064553e-12,7.476254644774593e-13,2.752470237333187e-13
sub-29,61,49.952252860324535,3.0669076600795005e-12,7.510666233393188e-13,4.73216767973895e-13,2.6891557558772793e-13
sub-29,62,54.429453656670965,3.3007835729852316e-12,1.4454816812746993e-12,2.632329264766546e-13,2.113125943260584e-13
sub-29,63,43.961711916689694,1.112775266807933e-12,4.844393984231401e-13,3.7570367150875705e-13,2.6714479339751433e-13
sub-29,64,24.49126634731655,8.727515638728885e-13,7.477106456501522e-13,3.093562814465312e-13,2.1981866665400483e-13
sub-29,65,26.209887903758073,7.984153410156834e-12,1.3117536483392104e-12,8.329109801206279e-13,2.260837973278562e-13
sub-29,66,28.51078659689623,5.5369024378240764e-12,1.122692009563803e-12,4.170750723977336e-13,2.1827630685984377e-13
sub-29,67,27.79210588348801,1.3177804710833064e-12,4.1849848225900623e-13,3.335634216517624e-13,1.9814648300144015e-13
sub-30,0,62.72605022626066,3.473119027834276e-12,5.210616747529211e-13,2.8284571153107954e-13,1.6761326875380718e-13
sub-30,1,19.441573489333393,3.087977766703502e-12,6.997061167580282e-13,2.226238036448475e-13,1.2612925032168444e-13
sub-30,2,22.331878145210354,8.013996891672603e-12,1.5059558247854704e-12,3.384038495501207e-13,1.5239364363960913e-13
sub-30,3,93.1277409910133,3.672808172709045e-12,1.0889310763783993e-12,3.8454509718660517e-13,1.3457902887310655e-13
sub-30,4,87.6982659562395,5.654688059683e-12,1.8085176698820753e-12,4.381412080613144e-13,2.1733354672911076e-13
sub-30,5,206.4596779327462,5.693261294328573e-12,1.6409130487156608e-12,3.6416905341642214e-13,1.5182337204981847e-13
sub-30,6,58.95973284958829,8.067091849402397e-12,2.4875135389335716e-12,5.683842776136139e-13,1.9879229880287174e-13
sub-30,7,41.57060925489765,1.0811129318258657e-11,3.7831982112255696e-12,6.851883427052723e-13,1.4449055617648482e-13
sub-30,8,42.9145463813079,9.665425176249958e-12,3.0860199511029615e-12,9.94876164715284e-13,1.8575229434788344e-13
sub-30,9,80.280901356979,1.1766500864837208e-11,2.9412918855849522e-12,7.823744076129739e-13,1.7736155331687758e-13
sub-30,10,37.84890622483059,3.2583331591005544e-12,6.830675538319768e-13,2.7494001048737036e-13,1.4041105401717824e-13
sub-30,11,46.22766760870207,1.3181338600832537e-11,5.155140214462265e-12,7.323021006148838e-13,1.2344708525034336e-13
sub-30,12,47.932313755975365,9.0817947664204e-12,1.3164613680764322e-12,4.593640316855268e-13,1.4685699637842413e-13
sub-30,13,44.56423912534647,4.234533546026976e-12,1.3203324164174146e-12,4.204487616981437e-13,1.8733808989139777e-13
sub-30,14,23.761719964976333,7.215770685209585e-12,1.9258559421196374e-12,4.153744805556618e-13,1.5946091347495332e-13
sub-30,15,26.410813443222388,1.506762968679251e-11,2.6589143019550225e-12,4.87270933120828e-13,1.150243768304951e-13
sub-30,16,26.73041814704855,3.5413920775384086e-12,1.0381937169108164e-12,3.1845935654790364e-13,1.6432357568301556e-13
sub-30,17,36.14785487890611,6.678813085765798e-12,3.152881277950798e-12,6.099331092954289e-13,1.836678433156299e-13
sub-30,18,50.355870264157026,1.0610409731840035e-11,1.91772631106085e-12,5.424359504187505e-13,1.758959342091712e-13
sub-30,19,45.862372350897886,7.692201500782796e-12,2.4809224676967546e-12,4.933371349088953e-13,1.3345312295851193e-13
sub-30,20,51.51293211099048,7.122745651331704e-12,2.950249726870272e-12,7.437429584007634e-13,1.8709224138067697e-13
sub-30,21,47.36057691753798,6.054828888095056e-12,1.848734698262147e-12,3.094119893307433e-13,1.3651528821456196e-13
sub-30,22,28.131759720759042,1.1886536531105096e-11,1.972517488809861e-12,2.564659913244281e-13,1.136281729273392e-13
sub-30,23,48.80905838337512,1.2267001049336799e-11,2.570182533517067e-12,6.566448362916116e-13,2.3431647429577717e-13
sub-30,24,20.234792969311084,1.0661151879475025e-11,1.6657124061740256e-12,3.37982961765449e-13,1.0971433896459431e-13
sub-30,25,63.84372066379708,1.2596581635971272e-11,3.5641749778626865e-12,7.180731448901701e-13,1.4979584534240785e-13
sub-30,26,32.388309851471554,5.926856207981585e-12,1.9558732749198876e-12,3.0391893116812454e-13,1.2568544511515665e-13
sub-30,27,45.84939424253515,3.0734960069928725e-12,3.015452718165952e-12,5.941764963584443e-13,1.507468566952587e-13
sub-30,28,117.7912837352423,7.04901173584536e-12,2.592938749725773e-12,7.457394234002357e-13,1.7007888159210954e-13
sub-30,29,81.53214205644001,1.0439416013668491e-11,4.07839978848822e-12,5.115031834416763e-13,1.242985163951779e-13
sub-30,30,53.75908123908077,7.225672051681914e-12,1.84789854794256e-12,3.348695159384725e-13,8.844238223211385e-14
sub-30,31,72.21733983897379,4.8110735334904565e-12,1.1348693043042323e-12,3.814295718357693e-13,1.0934736115867926e-13
sub-30,32,34.639652315547316,1.2466906393350343e-11,3.0128600966614843e-12,3.144561812677186e-13,1.4476466103858496e-13
sub-30,33,26.694504560978537,7.361474225701367e-12,1.692638099278585e-12,4.3546641144340295e-13,1.5030075397671631e-13
sub-30,34,26.056962562477104,7.37203770922404e-12,1.332214410353468e-12,2.3590826526109784e-13,1.0536295886337431e-13
sub-30,35,36.139636188164616,1.8253736727661214e-11,3.2717944379879322e-12,5.566237262964688e-13,2.160359626006508e-13
sub-30,36,37.054518010749895,8.223343951266432e-13,4.152077040047097e-13,2.355644815180646e-13,1.3090357340607233e-13
sub-30,37,26.682972031544786,1.677929013014998e-11,2.3810767298080486e-12,2.800991929714395e-13,1.4973644420697293e-13
sub-30,38,24.887195871336132,1.994014225455075e-12,7.174182660692768e-13,5.945010460693532e-13,2.5648506457024494e-13
sub-30,39,32.33707276502043,1.8865715884231873e-11,2.4531989908421367e-12,6.248495142139589e-13,1.436388237960672e-13
sub-30,40,46.31570249610599,9.751661797321123e-13,4.723350174762428e-13,1.4629559349976898e-13,1.347550698010218e-13
sub-30,41,32.38036763023208,4.174747230287935e-12,1.4816230441334518e-12,2.510175833602921e-13,9.805765465584652e-14
sub-30,42,29.683749815683953,5.917373687269757e-12,1.6395216438886131e-12,3.1385579383244203e-13,8.677233424563766e-14
sub-30,43,61.654748116495036,7.34846218232805e-12,1.911420494029184e-12,4.704486236228628e-13,1.194376460576772e-13
sub-30,44,26.274186321240474,3.847162931668266e-13,3.4492208081034845e-13,4.111360266907782e-13,1.3572733048410377e-13
sub-30,45,34.688127096132064,7.88420391116542e-12,3.308245480375448e-12,4.994931436449707e-13,1.3745288692444702e-13
sub-30,46,48.00892896040553,6.926049720427445e-12,1.7070156019536968e-12,9.028014255038204e-13,2.218266865738599e-13
sub-30,47,29.918372976427843,1.1745849321622086e-11,3.353703769631063e-12,6.366255215749514e-13,1.1318735204312627e-13
sub-30,48,27.382748214122618,6.794499184079629e-12,2.302983112628315e-12,3.762210586388176e-13,1.4707868732921408e-13
sub-30,49,26.267868335884383,1.2607534285954528e-12,4.5428293190614904e-13,2.7099561831133285e-13,1.1941105860758596e-13
sub-30,50,66.91776073292439,6.331279643313408e-12,1.861186111628162e-12,3.5292884797160413e-13,1.0018804228997089e-13
sub-30,51,30.046136811502343,8.692992446229077e-12,2.539988001311398e-12,4.0508941541312596e-13,1.55681540106986e-13
sub-30,52,26.247379795264,5.462117345631411e-13,6.697067428039665e-13,2.29841325744342e-13,1.0223597658023474e-13
sub-30,53,22.601547272074466,6.493377880786106e-13,6.54312240639669e-13,1.8950311698390808e-13,1.1488763958279663e-13
sub-30,54,35.419019792507754,4.283448150951902e-12,1.1742632496590315e-12,3.7825477543832925e-13,1.5108987906132473e-13
sub-30,55,27.44499227195909,1.9170452483754947e-12,1.021277933995053e-12,3.123984066857849e-13,1.1342912749600109e-13
sub-30,56,30.76502038090597,3.26424682486215e-12,8.032137523237419e-13,3.770110736357148e-13,2.1229110013652557e-13
sub-30,57,27.710114541689684,4.226319403022688e-12,1.439666201490533e-12,1.9737976118207675e-13,1.3307666801735834e-13
sub-30,58,78.10372720415936,6.188478392786329e-12,1.6999570293048459e-12,3.5025043876718566e-13,1.198822046176998e-13
sub-30,59,48.75994913409685,5.94808916281176e-12,8.716307687499148e-13,2.6641224780326483e-13,2.0450563575011e-13
sub-30,60,27.65074420085424,4.783975779862624e-12,1.266639800920534e-12,2.7898882099877277e-13,9.962859192717991e-14
sub-30,61,22.35681824816462,6.270971014930982e-12,1.256656415921774e-12,3.1078170981800307e-13,1.403723414838988e-13
sub-30,62,29.96435530801759,6.046271419508772e-12,1.6352663722875127e-12,6.033788890093871e-13,1.7066982327471063e-13
sub-30,63,23.82843000587246,9.438616350025369e-13,4.211850084203979e-13,1.3472175636894486e-13,1.3819593793826616e-13
sub-30,64,22.455482920875102,7.297600200671713e-13,1.151886131021418e-12,4.72283926272177e-13,1.4408198864633313e-13
sub-30,65,24.721860540018366,1.4274803003419637e-12,6.251115477521889e-13,2.3002399304852014e-13,1.702478273755726e-13
sub-30,66,20.555209696105514,9.595720416110639e-12,2.1893555738520673e-12,4.954216166778739e-13,1.3666782023727197e-13
sub-30,67,22.08771026304767,8.403606784419522e-13,3.137793119002366e-13,3.121985049091015e-13,1.5314602999750493e-13
sub-30,68,20.40415138752696,2.648268822071614e-12,6.187899541157405e-13,4.500234516815146e-13,1.5265193175787695e-13
sub-30,69,19.099981940318244,2.3469266586744844e-12,7.390270188422022e-13,3.280212517515964e-13,1.84700289349761e-13
sub-30,70,21.254204988884663,2.0224541415919402e-12,1.1519141677023316e-12,3.927241541256692e-13,1.31202895406207e-13
sub-30,71,20.134116124190303,4.029862266831274e-12,1.0181217673543483e-12,2.712415991733682e-13,1.1931487215951823e-13
sub-30,72,17.802043811276242,7.002308509535173e-13,3.131200610270526e-13,1.9828798201963065e-13,1.4644077898433703e-13
sub-30,73,16.394707461866364,6.995833496056651e-13,8.034512199600023e-13,5.529252709157808e-13,2.3423080597398877e-13
sub-30,74,60.37759575134021,5.620387322364915e-12,1.6433242643974683e-12,5.91418963376355e-13,2.1668554765027045e-13
sub-30,75,58.28296137268651,5.835966740233761e-12,1.129083501379722e-12,3.360852676565019e-13,1.3148319451135252e-13
sub-30,76,32.629391064277016,8.74591552441426e-12,1.9493159657079867e-12,4.772163365307918e-13,1.3920588391874453e-13
