participant_id,trial_index,responded,responded_label,songFileName,songDur,note_rate,predicted_probability_familiar,predicted_label,true_label_name
sub-01,0,0,Not familiar,do wah ditty.wav,7.758004535147392,1.345483456669317,0.5277301897571955,1,Not familiar
sub-01,1,1,Familiar,alouette.wav,5.946984126984127,0.9865470852017936,0.5619360826479327,1,Familiar
sub-01,2,1,Familiar,great escape.wav,15.75002267573696,1.689531661823343,0.49159878925921136,0,Familiar
sub-01,3,1,Familiar,buffalo gals.wav,9.331020408163266,0.9718602288289084,0.5463929414987243,1,Familiar
sub-01,4,0,Not familiar,over the river and through the woods.wav,13.91301587301587,2.2946881554651224,0.5652260480832947,1,Not familiar
sub-01,5,1,Familiar,if you're happy and you know it.wav,9.09002267573696,1.2898470609913395,0.522934926412805,1,Familiar
sub-01,6,1,Familiar,she'll be coming 'round the mountain.wav,8.86,1.0590015128593042,0.4996531958476894,0,Familiar
sub-01,7,0,Not familiar,hickory dickory dock.wav,7.077006802721089,2.5857690354157996,0.48856526200712025,0,Not familiar
sub-01,8,0,Not familiar,good night ladies.wav,6.378004535147392,1.897833306974538,0.5059527504282553,1,Not familiar
sub-01,9,1,Familiar,pop goes the weasel.wav,7.075011337868481,0.9011444534558885,0.5330014536463857,1,Familiar
sub-01,10,1,Familiar,oh where has my little dog gone.wav,8.02,1.1428571428571428,0.49767996845223633,0,Familiar
sub-01,11,0,Not familiar,happy trails.wav,9.331020408163266,1.7958450675482651,0.5568156116848615,1,Not familiar
sub-01,12,1,Familiar,polly wolly doodle.wav,9.334013605442175,1.9186843307446335,0.5048286199967852,1,Familiar
sub-01,13,1,Familiar,YMCA.wav,14.33501133786848,2.0824199912319137,0.5156405426452778,1,Familiar
sub-01,14,0,Not familiar,ob la di ob la da.wav,14.81401360544218,2.117456561001434,0.5918340708970957,1,Not familiar
sub-01,15,0,Not familiar,muppet show.wav,8.53201814058957,2.4042742653606433,0.5516229206325448,1,Not familiar
sub-01,16,1,Familiar,rock-a-bye baby.wav,13.92498866213152,0.8938148015731128,0.47707368709637127,0,Familiar
sub-01,17,1,Familiar,over the rainbow.wav,17.06698412698413,0.5950388634757705,0.5163420723917401,1,Familiar
sub-01,18,0,Not familiar,swing low sweet chariot.wav,9.66,2.131536425207142,0.4997063560279132,0,Not familiar
sub-01,19,0,Not familiar,"hello mudduh, hello fadduh.wav",10.60199546485261,2.218114602587798,0.5743030029586593,1,Not familiar
sub-01,20,1,Familiar,froggy went a-courtin'.wav,12.20498866213152,0.7904877968446364,0.5570332532001572,1,Familiar
sub-01,21,1,Familiar,oh susanna.wav,12.05800453514739,1.9925280199252775,0.5130132353959796,1,Familiar
sub-01,22,0,Not familiar,I feel fine.wav,10.69002267573696,3.120855114301317,0.55594930451829,1,Not familiar
sub-01,23,0,Not familiar,when the saints go marching in.wav,7.611020408163266,1.4030780023676932,0.5489319031597234,1,Not familiar
sub-01,24,1,Familiar,mickey mouse march.wav,4.778004535147392,1.194224297036158,0.5109525321634474,1,Familiar
sub-01,25,1,Familiar,a whole new world.wav,12.98798185941043,1.033834586466161,0.5259978321222688,1,Familiar
sub-01,26,0,Not familiar,michael row the boat ashore.wav,9.372018140589567,1.8851756640959791,0.48102836280705075,0,Not familiar
sub-01,27,1,Familiar,this old man.wav,9.393015873015871,0.677009873060648,0.5715177872595432,1,Familiar
sub-01,28,0,Not familiar,be kind to your web-footed friend.wav,6.993015873015873,1.6116035455278026,0.6073329869690212,1,Not familiar
sub-01,29,0,Not familiar,little jack horner.wav,6.793015873015873,2.7816411682892803,0.5307210347403148,1,Not familiar
sub-01,30,0,Not familiar,my girl.wav,10.44498866213152,2.198575323190576,0.4866822731300891,0,Not familiar
sub-01,31,0,Not familiar,everlasting love.wav,8.305986394557824,2.077922077922082,0.39531509687956456,0,Not familiar
sub-01,32,1,Familiar,take me out to the ballgame.wav,6.194013605442177,0.8018603159329643,0.5063740896894131,1,Familiar
sub-01,33,0,Not familiar,do as I'm doing.wav,11.67102040816327,4.400440044004399,0.5649679171581886,1,Not familiar
sub-01,34,0,Not familiar,the brady bunch.wav,9.331020408163266,1.7907393195190535,0.5586097528912134,1,Not familiar
sub-01,35,0,Not familiar,the bare necessities.wav,8.511020408163265,2.5856496444731754,0.5572247308488006,1,Not familiar
sub-01,36,0,Not familiar,can't help falling in love.wav,13.4990022675737,1.2372834753918065,0.4732515031249545,0,Not familiar
sub-01,37,1,Familiar,eye of the tiger.wav,8.305986394557824,0.7938688894995578,0.5568866547168031,1,Familiar
sub-01,38,0,Not familiar,john jacob jingleheimerschmidt.wav,9.928979591836734,3.507892758707087,0.467936722797442,0,Not familiar
sub-01,39,1,Familiar,peanuts.wav,10.50399092970522,0.837126563072257,0.5398312966708319,1,Familiar
sub-01,40,0,Not familiar,clementine.wav,8.716009070294785,2.7851274195794304,0.5697461833215252,1,Not familiar
sub-01,41,0,Not familiar,wouldn't it be nice.wav,8.018004535147393,1.546412729418476,0.49073379622882646,0,Not familiar
sub-01,42,1,Familiar,old mcdonald.wav,9.046984126984126,0.9980537950995564,0.5333407528187403,1,Familiar
sub-01,43,1,Familiar,love me do.wav,12.46798185941043,1.1644832605531223,0.4488629618934857,0,Familiar
sub-01,44,1,Familiar,on top of old smokey.wav,12.79700680272109,0.9099181073703376,0.4701714428376096,0,Familiar
sub-01,45,1,Familiar,ring around the rosie.wav,7.034013605442177,1.7976102358041677,0.5199859818100453,1,Familiar
sub-01,46,1,Familiar,a-tisket a-tasket.wav,10.41800453514739,2.0697238212276035,0.5519353454721709,1,Familiar
sub-01,47,0,Not familiar,billie jean.wav,8.305986394557824,1.3358353741929314,0.5355922709947085,1,Not familiar
sub-01,48,1,Familiar,let it be.wav,12.88199546485261,1.7237664296487964,0.5087689816125406,1,Familiar
sub-01,49,0,Not familiar,it's a small world.wav,9.291020408163265,1.177361029349921,0.4898260217853605,0,Not familiar
sub-01,50,0,Not familiar,home on the range.wav,13.08498866213152,3.2069269622384464,0.4258353718583259,0,Not familiar
sub-01,51,1,Familiar,sugar sugar.wav,7.83501133786848,0.8034548558802858,0.40131041382237764,0,Familiar
sub-01,52,1,Familiar,itsy bitsy spider.wav,9.802993197278912,1.3032581453634056,0.5090592897359725,1,Familiar
sub-01,53,1,Familiar,let it snow.wav,9.334013605442175,1.7214397496087674,0.5460076169028496,1,Familiar
sub-01,54,1,Familiar,london bridge.wav,6.706984126984127,1.1646770101077355,0.5014532173236946,1,Familiar
sub-01,55,1,Familiar,yankee doodle.wav,8.572018140589568,1.3861294644919817,0.468926836339722,0,Familiar
sub-01,56,0,Not familiar,old king cole.wav,9.353015873015874,2.61419436888402,0.5303215390577525,1,Not familiar
sub-01,57,1,Familiar,daisy bell.wav,8.062993197278912,0.8241861162102428,0.44750407334513914,0,Familiar
sub-01,58,1,Familiar,star spangled banner.wav,12.83800453514739,0.8031411743708715,0.5845888735423057,1,Familiar
sub-01,59,0,Not familiar,I think we're alone now.wav,6.298004535147392,2.0697167755991144,0.5264638559176763,1,Not familiar
sub-01,60,1,Familiar,teddy bear picnic.wav,8.161995464852607,1.8977732793522275,0.5382936321613956,1,Familiar
sub-01,61,1,Familiar,row your boat.wav,7.035011337868481,0.7129807049596782,0.46825016087201843,0,Familiar
sub-01,62,0,Not familiar,bye baby bunting.wav,6.319002267573696,1.3949994634617338,0.614327028236154,1,Not familiar
sub-01,63,1,Familiar,do your ears hang low.wav,9.661995464852607,1.963402183303236,0.43558679812953494,0,Familiar
sub-01,64,0,Not familiar,america the beautiful.wav,9.33201814058957,2.448729721456979,0.5755979426322279,1,Not familiar
sub-01,65,0,Not familiar,all my loving.wav,11.52498866213152,1.7277260768838192,0.45661639699312545,0,Not familiar
sub-01,66,1,Familiar,another one bites the dust.wav,12.46897959183674,0.820008200082,0.502586380704813,1,Familiar
sub-01,67,1,Familiar,shoo fly.wav,9.372018140589567,1.019887812340636,0.5885168211249517,1,Familiar
sub-01,68,0,Not familiar,blow the man down.wav,8.491020408163266,1.5907597606944055,0.4786229152540936,0,Not familiar
sub-01,69,1,Familiar,super mario world.wav,12.28598639455782,1.4695077149154965,0.5945016248572706,1,Familiar
sub-01,70,1,Familiar,blowin' in the wind.wav,9.950022675736962,1.8333486112384283,0.5452352729034251,1,Familiar
sub-01,71,0,Not familiar,I think I love you.wav,9.272018140589568,1.2424565140220185,0.5857472821766031,1,Not familiar
sub-01,72,1,Familiar,three blind mice.wav,13.92798185941043,0.63146262530586,0.5148867231899908,1,Familiar
sub-01,73,0,Not familiar,you're a grand old flag.wav,9.33201814058957,4.142641213681952,0.5523345104681299,1,Not familiar
sub-02,0,1,Familiar,rock-a-bye baby.wav,13.92498866213152,0.3332531057338049,0.5969853320786379,1,Familiar
sub-02,1,1,Familiar,itsy bitsy spider.wav,9.802993197278912,1.0018109659769572,0.5650676686505772,1,Familiar
sub-02,2,1,Familiar,rudolph.wav,9.33201814058957,0.6655257653546301,0.6922225403546804,1,Familiar
sub-02,3,0,Not familiar,sesame street.wav,9.885986394557824,1.247185172354064,0.7099960844712702,1,Not familiar
sub-02,4,1,Familiar,chicken dance.wav,5.946984126984127,1.1974092418222362,0.6392453933298418,1,Familiar
sub-02,5,1,Familiar,my country 'tis of thee.wav,14.21201814058957,2.2792022792022797,0.6177027976479086,1,Familiar
sub-02,6,1,Familiar,do your ears hang low.wav,9.661995464852607,3.1537886961573633,0.6201809384538441,1,Familiar
sub-02,7,0,Not familiar,there's a hole in the bucket.wav,7.365986394557823,1.6379479787721936,0.6732692622879035,1,Not familiar
sub-02,8,1,Familiar,hush little baby.wav,9.372018140589567,1.7302613605318289,0.6335583893497406,1,Familiar
sub-02,9,1,Familiar,love and marriage.wav,8.71700680272109,0.6201069684520575,0.5840166557882083,1,Familiar
sub-02,10,1,Familiar,row your boat.wav,7.035011337868481,1.6193020808031702,0.6651296349128423,1,Familiar
sub-02,11,1,Familiar,sugar sugar.wav,7.83501133786848,1.911372667370859,0.6213257601962701,1,Familiar
sub-02,12,1,Familiar,alouette.wav,5.946984126984127,0.5815644082582158,0.651790394973991,1,Familiar
sub-02,13,1,Familiar,YMCA.wav,14.33501133786848,2.2504782266231524,0.6012808047127245,1,Familiar
sub-02,14,0,Not familiar,when the saints go marching in.wav,7.611020408163266,1.3204043738394875,0.6453517929621371,1,Not familiar
sub-02,15,1,Familiar,blowin' in the wind.wav,9.950022675736962,0.9642778873548128,0.6216532868898228,1,Familiar
sub-02,16,0,Not familiar,louie louie.wav,8.860997732426304,1.5293860607384755,0.7394629447230725,1,Not familiar
sub-02,17,0,Not familiar,daisy bell.wav,8.062993197278912,1.570660069894374,0.5994474671642057,1,Not familiar
sub-02,18,0,Not familiar,do-re-mi.wav,12.94399092970522,1.478782117299109,0.5439634880342284,1,Not familiar
sub-02,19,0,Not familiar,all my loving.wav,11.52498866213152,1.9161259417323548,0.5239938240607512,1,Not familiar
sub-02,20,0,Not familiar,cindy.wav,9.372018140589567,2.6715988491574114,0.6203083482986907,1,Not familiar
sub-02,21,0,Not familiar,michael row the boat ashore.wav,9.372018140589567,1.3990016215700605,0.6030357495371181,1,Not familiar
sub-02,22,0,Not familiar,take me out to the ballgame.wav,6.194013605442177,1.3362113269606353,0.6286831206059655,1,Not familiar
sub-02,23,1,Familiar,another one bites the dust.wav,12.46897959183674,1.523534600272632,0.612180767199295,1,Familiar
sub-02,24,0,Not familiar,old gray mare.wav,9.33201814058957,3.773762913344977,0.664019719927442,1,Not familiar
sub-02,25,0,Not familiar,my favorite things.wav,13.92698412698413,2.780444209062923,0.6477663280879238,1,Not familiar
sub-02,26,0,Not familiar,eight days a week.wav,12.28399092970522,1.605956639170741,0.6553591004443912,1,Not familiar
sub-02,27,1,Familiar,ob la di ob la da.wav,14.81401360544218,1.5540015540015526,0.5698633953938332,1,Familiar
sub-02,28,1,Familiar,oh susanna.wav,12.05800453514739,2.331908278274386,0.6986053281707434,1,Familiar
sub-02,29,1,Familiar,skip to my lou.wav,8.863990929705215,0.9248317320043176,0.637548570163558,1,Familiar
sub-02,30,1,Familiar,do as I'm doing.wav,11.67102040816327,1.9262410209077423,0.5939185377001449,1,Familiar
sub-02,31,1,Familiar,over the rainbow.wav,17.06698412698413,0.4671182142737979,0.5847739709071957,1,Familiar
sub-02,32,1,Familiar,my girl.wav,10.44498866213152,1.5761683347781588,0.632683128974609,1,Familiar
sub-02,33,0,Not familiar,everlasting love.wav,8.305986394557824,1.624395466459926,0.6605637147425272,1,Not familiar
sub-02,34,0,Not familiar,john jacob jingleheimerschmidt.wav,9.928979591836734,3.1491339881532334,0.645270533006542,1,Not familiar
sub-02,35,0,Not familiar,on top of old smokey.wav,12.79700680272109,1.71888428783499,0.7241998843950144,1,Not familiar
sub-02,36,1,Familiar,polly wolly doodle.wav,9.334013605442175,1.6838000708968464,0.5996493765935805,1,Familiar
sub-02,37,1,Familiar,angel is my centerfold (Example).wav,8.345986394557823,0.6432706740047179,0.6280436642115966,1,Familiar
sub-02,38,1,Familiar,I think I love you.wav,9.272018140589568,1.1087498845052226,0.62708767033801,1,Familiar
sub-02,39,0,Not familiar,billie jean.wav,8.305986394557824,1.879110554337604,0.628949996765162,1,Not familiar
sub-02,40,1,Familiar,ring of fire.wav,9.04498866213152,1.732351667388484,0.6599850836317988,1,Familiar
sub-02,41,1,Familiar,three blind mice.wav,13.92798185941043,0.5243609351103344,0.6289164252181352,1,Familiar
sub-02,42,1,Familiar,yankee doodle.wav,8.572018140589568,1.6682031695860224,0.7001994773528529,1,Familiar
sub-02,43,1,Familiar,little jack horner.wav,6.793015873015873,1.1929341592108242,0.6667541233081965,1,Familiar
sub-02,44,1,Familiar,James Bond.wav,10.52199546485261,1.417898238534112,0.621159817645023,1,Familiar
sub-02,45,1,Familiar,over the river and through the woods.wav,13.91301587301587,1.795231416549808,0.6571413774873162,1,Familiar
sub-02,46,0,Not familiar,shoo fly.wav,9.372018140589567,2.0959966464053643,0.41325029117317064,0,Not familiar
sub-02,47,1,Familiar,this old man.wav,9.393015873015871,1.2621282637848013,0.5222391775887673,1,Familiar
sub-02,48,1,Familiar,the muffin man.wav,9.051020408163266,1.7683465959328046,0.5325616844705284,1,Familiar
sub-02,49,1,Familiar,london bridge.wav,6.706984126984127,1.6029922522041165,0.5688016240673385,1,Familiar
sub-02,50,1,Familiar,be kind to your web-footed friend.wav,6.993015873015873,1.229775950194076,0.6241760731236856,1,Familiar
sub-02,51,0,Not familiar,happy trails.wav,9.331020408163266,2.0979354408048487,0.567254662460193,1,Not familiar
sub-02,52,0,Not familiar,love me tender.wav,9.331020408163266,2.536327608982833,0.3907359601266761,0,Not familiar
sub-02,53,0,Not familiar,america the beautiful.wav,9.33201814058957,2.160910669496414,0.7019817433122996,1,Not familiar
sub-02,54,1,Familiar,mary had a little lamb.wav,9.045986394557824,1.837715578173605,0.6107990998553915,1,Familiar
sub-02,55,1,Familiar,camptown races.wav,8.305986394557824,0.8415576466987972,0.7120274531678836,1,Familiar
sub-02,56,1,Familiar,bingo.wav,8.920997732426304,0.9533342866676284,0.6138244780350148,1,Familiar
sub-02,57,1,Familiar,tequila.wav,9.256009070294784,1.2552957790679335,0.5539076347182856,1,Familiar
sub-02,58,1,Familiar,great escape.wav,15.75002267573696,2.1795125817317356,0.5838617818572849,1,Familiar
sub-02,59,0,Not familiar,peter and the wolf.wav,10.82798185941043,1.594145139668846,0.648933418955573,1,Not familiar
sub-02,60,1,Familiar,are you sleeping brother john.wav,9.376009070294783,1.7116309397668914,0.5834693014350407,1,Familiar
sub-02,61,1,Familiar,super mario world.wav,12.28598639455782,2.917493289765447,0.6583375131432365,1,Familiar
sub-02,62,1,Familiar,jimmy crack corn.wav,9.063990929705216,1.3258203513423863,0.7202611486906632,1,Familiar
sub-02,63,0,Not familiar,copacabana.wav,9.372018140589567,2.3217247097844216,0.6887934342217439,1,Not familiar
sub-02,64,0,Not familiar,mickey mouse march.wav,4.778004535147392,2.4807483590883046,0.6328981511852423,1,Not familiar
sub-02,65,0,Not familiar,froggy went a-courtin'.wav,12.20498866213152,2.940575862773138,0.5957035547769829,1,Not familiar
sub-02,66,0,Not familiar,let it snow.wav,9.334013605442175,2.9605705826941033,0.5149714535936764,1,Not familiar
sub-02,67,1,Familiar,happy birthday.wav,7.078004535147392,0.695088044485639,0.6206559136077989,1,Familiar
sub-02,68,1,Familiar,the farmer in the dell.wav,6.994013605442177,1.7309707101535117,0.603248018467279,1,Familiar
sub-02,69,1,Familiar,love me do.wav,12.46798185941043,1.9837989750372031,0.6954891967458783,1,Familiar
sub-02,70,1,Familiar,smooth criminal.wav,8.348979591836734,1.5896764540863926,0.622300880470787,1,Familiar
sub-02,71,0,Not familiar,I think we're alone now.wav,6.298004535147392,1.2497944417036684,0.5181404308151561,1,Not familiar
sub-02,72,1,Familiar,star spangled banner.wav,12.83800453514739,1.5864621893178288,0.72399453703568,1,Familiar
sub-02,73,0,Not familiar,home on the range.wav,13.08498866213152,3.168065895770638,0.6376824736376031,1,Not familiar
sub-02,74,1,Familiar,amazing grace.wav,8.674013605442177,1.2144110106598205,0.6845615211743195,1,Familiar
sub-03,0,0,Not familiar,billie jean.wav,8.305986394557824,1.4378145219266716,0.45074103778899005,0,Not familiar
sub-03,1,1,Familiar,row your boat.wav,7.035011337868481,0.5194130632385405,0.3879627284312073,0,Familiar
sub-03,2,1,Familiar,tequila.wav,9.256009070294784,1.1372251705837757,0.5204168572484761,1,Familiar
sub-03,3,1,Familiar,buffalo gals.wav,9.331020408163266,1.3045005268175196,0.478376863968256,0,Familiar
sub-03,4,0,Not familiar,bye baby bunting.wav,6.319002267573696,1.3590507553185929,0.4875085443880046,0,Not familiar
sub-03,5,1,Familiar,brahms lullaby.wav,12.28399092970522,1.058929422354,0.3749333478520966,0,Familiar
sub-03,6,1,Familiar,eight days a week.wav,12.28399092970522,0.9059201884313992,0.422913125991163,0,Familiar
sub-03,7,1,Familiar,are you sleeping brother john.wav,9.376009070294783,1.3438602385351917,0.41786419939900504,0,Familiar
sub-03,8,1,Familiar,daisy bell.wav,8.062993197278912,1.3526308670363856,0.43750692251355505,0,Familiar
sub-03,9,1,Familiar,john jacob jingleheimerschmidt.wav,9.928979591836734,1.829432337906916,0.44730203521668915,0,Familiar
sub-03,10,0,Not familiar,little jack horner.wav,6.793015873015873,3.330978096295545,0.4821130550638409,0,Not familiar
sub-03,11,1,Familiar,blow the man down.wav,8.491020408163266,1.5774784613517805,0.42224988836104577,0,Familiar
sub-03,12,1,Familiar,James Bond.wav,10.52199546485261,1.0971786833855808,0.41891209899821474,0,Familiar
sub-03,13,1,Familiar,there's a hole in the bucket.wav,7.365986394557823,1.0765550239234432,0.4875546440471102,0,Familiar
sub-03,14,1,Familiar,down in my heart.wav,8.388979591836735,1.316922453527833,0.37976565974477444,0,Familiar
sub-03,15,1,Familiar,home on the range.wav,13.08498866213152,1.2457954403886855,0.46605120759180346,0,Familiar
sub-03,16,1,Familiar,bingo.wav,8.920997732426304,1.4919478695862047,0.4419846636065147,0,Familiar
sub-03,17,1,Familiar,do wah ditty.wav,7.758004535147392,0.8943401047655554,0.42564614878374,0,Familiar
sub-03,18,1,Familiar,three blind mice.wav,13.92798185941043,0.8645533141210378,0.4369806383424743,0,Familiar
sub-03,19,1,Familiar,rubber duckie.wav,10.64399092970521,1.3578441612701089,0.4020860581721468,0,Familiar
sub-03,20,1,Familiar,she'll be coming 'round the mountain.wav,8.86,1.0284699172549194,0.39513310252354283,0,Familiar
sub-03,21,1,Familiar,america the beautiful.wav,9.33201814058957,1.4606358634792356,0.41012296190969383,0,Familiar
sub-03,22,1,Familiar,sugar sugar.wav,7.83501133786848,1.995344196873965,0.38310009401330897,0,Familiar
sub-03,23,0,Not familiar,ring around the rosie.wav,7.034013605442177,1.930945703645801,0.401254767007343,0,Not familiar
sub-03,24,1,Familiar,be kind to your web-footed friend.wav,6.993015873015873,0.5912411841716295,0.3595334415828193,0,Familiar
sub-03,25,1,Familiar,good night ladies.wav,6.378004535147392,1.050420168067229,0.3840602584031061,0,Familiar
sub-03,26,0,Not familiar,happy trails.wav,9.331020408163266,1.9949220166847987,0.4393884333934151,0,Not familiar
sub-03,27,1,Familiar,blowin' in the wind.wav,9.950022675736962,0.918273645546374,0.4700734087505441,0,Familiar
sub-03,28,1,Familiar,can't help falling in love.wav,13.4990022675737,0.6066734074823062,0.4570406336732813,0,Familiar
sub-03,29,1,Familiar,my girl.wav,10.44498866213152,0.8502798837950791,0.5147177584090342,1,Familiar
sub-03,30,0,Not familiar,polly wolly doodle.wav,9.334013605442175,4.148118170781078,0.39952015315269007,0,Not familiar
sub-03,31,1,Familiar,hickory dickory dock.wav,7.077006802721089,2.8448003371615087,0.3929866927778908,0,Familiar
sub-03,32,0,Not familiar,do as I'm doing.wav,11.67102040816327,4.636387052459864,0.46808868984906576,0,Not familiar
sub-03,33,0,Not familiar,eye of the tiger.wav,8.305986394557824,2.206896551724138,0.43006703921756656,0,Not familiar
sub-03,34,1,Familiar,angel is my centerfold (Example).wav,8.345986394557823,1.102080176332826,0.4337053487068465,0,Familiar
sub-03,35,1,Familiar,let it snow.wav,9.334013605442175,1.3768573231598933,0.41933350721929297,0,Familiar
sub-03,36,1,Familiar,peanuts.wav,10.50399092970522,0.6668519033064738,0.39236708719714486,0,Familiar
sub-03,37,1,Familiar,take me out to the ballgame.wav,6.194013605442177,0.4291292966570828,0.5286662421771103,1,Familiar
sub-03,38,1,Familiar,froggy went a-courtin'.wav,12.20498866213152,1.2799317369740295,0.40783460486239087,0,Familiar
sub-03,39,1,Familiar,a-tisket a-tasket.wav,10.41800453514739,3.08775396776383,0.5081505875653101,1,Familiar
sub-03,40,1,Familiar,itsy bitsy spider.wav,9.802993197278912,2.2410601188736288,0.4621225480448296,0,Familiar
sub-03,41,1,Familiar,shoo fly.wav,9.372018140589567,1.5891360878358798,0.500507016284204,1,Familiar
sub-03,42,1,Familiar,my favorite things.wav,13.92698412698413,0.7652782333005365,0.42022804558619165,0,Familiar
sub-03,43,1,Familiar,on top of old smokey.wav,12.79700680272109,0.7176175098672416,0.5018281618630381,1,Familiar
sub-03,44,1,Familiar,jimmy crack corn.wav,9.063990929705216,1.0244735344336977,0.38409079759723397,0,Familiar
sub-03,45,1,Familiar,oh where has my little dog gone.wav,8.02,1.9404523679582688,0.41567127476419147,0,Familiar
sub-03,46,1,Familiar,smooth criminal.wav,8.348979591836734,1.2873119317724704,0.4912091902694842,0,Familiar
sub-03,47,1,Familiar,sesame street.wav,9.885986394557824,1.0640420296601691,0.49249564122078615,0,Familiar
sub-03,48,1,Familiar,old gray mare.wav,9.33201814058957,1.3919498898039702,0.46813765203748164,0,Familiar
sub-03,49,1,Familiar,a whole new world.wav,12.98798185941043,0.6248828344685399,0.5135365400375947,1,Familiar
sub-03,50,1,Familiar,for he's a jolly good fellow.wav,7.117006802721089,1.051826353031175,0.4753060639858445,0,Familiar
sub-03,51,1,Familiar,this old man.wav,9.393015873015871,0.8016032064128169,0.425198373249347,0,Familiar
sub-03,52,1,Familiar,star spangled banner.wav,12.83800453514739,0.6989097008666484,0.3528013967362811,0,Familiar
sub-03,53,1,Familiar,pop goes the weasel.wav,7.075011337868481,1.6217311980539248,0.3608361700099373,0,Familiar
sub-03,54,0,Not familiar,get ready.wav,7.080997732426304,2.691337258200163,0.5181342676748301,1,Not familiar
sub-03,55,1,Familiar,great escape.wav,15.75002267573696,0.4344520473552735,0.45121078673551324,0,Familiar
sub-03,56,1,Familiar,copacabana.wav,9.372018140589567,1.190633681703934,0.46642575219424415,0,Familiar
sub-03,57,1,Familiar,over the rainbow.wav,17.06698412698413,0.6690081953503884,0.42526320520251176,0,Familiar
sub-03,58,1,Familiar,"hello mudduh, hello fadduh.wav",10.60199546485261,0.7839294463498341,0.44324606242750114,0,Familiar
sub-03,59,1,Familiar,all my loving.wav,11.52498866213152,0.9071470226138798,0.4410343708119455,0,Familiar
sub-03,60,1,Familiar,I think I love you.wav,9.272018140589568,1.0394519253484544,0.4741642058779731,0,Familiar
sub-03,61,1,Familiar,london bridge.wav,6.706984126984127,1.6629711751662952,0.2318396735771001,0,Familiar
sub-03,62,0,Not familiar,cindy.wav,9.372018140589567,2.2308022308022144,0.40897891974113215,0,Not familiar
sub-03,63,1,Familiar,my bonnie lies over the ocean.wav,6.788979591836735,0.972710078357207,0.4325875606777627,0,Familiar
sub-03,64,0,Not familiar,over the river and through the woods.wav,13.91301587301587,5.033227163697841,0.50795146852224,1,Not familiar
sub-03,65,1,Familiar,michael row the boat ashore.wav,9.372018140589567,0.7688611244593966,0.4045294787243543,0,Familiar
sub-03,66,1,Familiar,another one bites the dust.wav,12.46897959183674,1.0042401249721056,0.419491427570817,0,Familiar
sub-03,67,1,Familiar,hush little baby.wav,9.372018140589567,1.5203729981755547,0.4189190722567379,0,Familiar
sub-03,68,1,Familiar,hot cross buns.wav,6.46,0.5969792848188096,0.5449971584871117,1,Familiar
sub-03,69,1,Familiar,do-re-mi.wav,12.94399092970522,0.626650552795312,0.5115577875519384,1,Familiar
sub-03,70,1,Familiar,when the saints go marching in.wav,7.611020408163266,0.9810868261841184,0.4453906056476389,0,Familiar
sub-03,71,1,Familiar,a spoonful of sugar.wav,8.531020408163265,0.8524694975757896,0.4538846373993622,0,Familiar
sub-03,72,1,Familiar,swing low sweet chariot.wav,9.66,2.1693281108767666,0.3513655334714741,0,Familiar
sub-03,73,1,Familiar,oh susanna.wav,12.05800453514739,1.465591899273869,0.4972021255423523,0,Familiar
sub-03,74,1,Familiar,the farmer in the dell.wav,6.994013605442177,1.1007154650522797,0.5093947785974235,1,Familiar
sub-03,75,1,Familiar,I feel fine.wav,10.69002267573696,0.9953078344945236,0.5036205204622629,1,Familiar
sub-03,76,1,Familiar,the bare necessities.wav,8.511020408163265,1.3013772909662722,0.4610988087214995,0,Familiar
sub-03,77,1,Familiar,skip to my lou.wav,8.863990929705215,1.0732492621411394,0.42823215331602105,0,Familiar
sub-03,78,1,Familiar,I think we're alone now.wav,6.298004535147392,0.6585446163977616,0.4577623455593151,0,Familiar
sub-03,79,1,Familiar,old mcdonald.wav,9.046984126984126,1.3233082706766917,0.534327984574076,1,Familiar
sub-03,80,1,Familiar,the muffin man.wav,9.051020408163266,1.6237360690825915,0.5400095545552388,1,Familiar
sub-03,81,1,Familiar,mary had a little lamb.wav,9.045986394557824,0.8078088185796019,0.47186771602347377,0,Familiar
sub-03,82,1,Familiar,love and marriage.wav,8.71700680272109,0.5673758865248172,0.41930889130908566,0,Familiar
sub-03,83,0,Not familiar,you're a grand old flag.wav,9.33201814058957,3.54950115118957,0.5100683958169608,1,Not familiar
sub-03,84,1,Familiar,love me tender.wav,9.331020408163266,1.073799297149548,0.41866570539329295,0,Familiar
sub-03,85,1,Familiar,if you're happy and you know it.wav,9.09002267573696,2.532179784764731,0.515126987809085,1,Familiar
sub-03,86,1,Familiar,I've been working on the railroad.wav,9.311020408163266,0.744958229127871,0.4526159786715574,0,Familiar
sub-03,87,1,Familiar,love me do.wav,12.46798185941043,0.8151287903488732,0.4651346097142449,0,Familiar
sub-03,88,1,Familiar,the brady bunch.wav,9.331020408163266,1.0551305724083269,0.46066284222981607,0,Familiar
sub-03,89,1,Familiar,rudolph.wav,9.33201814058957,0.6687365655600687,0.45068419872962595,0,Familiar
sub-03,90,1,Familiar,louie louie.wav,8.860997732426304,0.887705281846425,0.5176901482040385,1,Familiar
sub-03,91,1,Familiar,muppet show.wav,8.53201814058957,1.0039440659734715,0.4705877631655595,0,Familiar
sub-03,92,0,Not familiar,old king cole.wav,9.353015873015874,3.842359416376756,0.47623175716725646,0,Not familiar
sub-03,93,1,Familiar,smoke on the water.wav,7.838004535147392,0.6971556051310628,0.4973689490149309,0,Familiar
sub-03,94,1,Familiar,chicken dance.wav,5.946984126984127,1.5663937344250796,0.49655239464492085,0,Familiar
sub-03,95,1,Familiar,puff the magic dragon.wav,9.333015873015873,0.6421920154126033,0.4716580442810744,0,Familiar
sub-03,96,1,Familiar,baby love.wav,7.219002267573696,1.2476606363069325,0.45244758290227355,0,Familiar
sub-03,97,1,Familiar,iron man.wav,10.60498866213152,1.1205266475243367,0.4377191102032076,0,Familiar
sub-03,98,1,Familiar,popeye the sailorman.wav,7.546984126984127,0.864818117939572,0.5440597855194236,1,Familiar
sub-03,99,1,Familiar,yankee doodle.wav,8.572018140589568,1.23839009287925,0.4702007725573134,0,Familiar
sub-03,100,0,Not familiar,wouldn't it be nice.wav,8.018004535147393,2.804635028415386,0.42408203952755313,0,Not familiar
sub-04,0,0,Not familiar,blow the man down.wav,8.491020408163266,2.239205568806893,0.6346783561306206,1,Not familiar
sub-04,1,0,Not familiar,you're a grand old flag.wav,9.33201814058957,3.568328672003085,0.5089656726051685,1,Not familiar
sub-04,2,1,Familiar,amazing grace.wav,8.674013605442177,0.7438016528925623,0.5350191944716538,1,Familiar
sub-04,3,1,Familiar,ring of fire.wav,9.04498866213152,1.2012012012012006,0.6181639825644079,1,Familiar
sub-04,4,1,Familiar,itsy bitsy spider.wav,9.802993197278912,3.631161971830988,0.4534529281258635,0,Familiar
sub-04,5,0,Not familiar,my girl.wav,10.44498866213152,2.299379167624741,0.5998141366222567,1,Not familiar
sub-04,6,0,Not familiar,love me do.wav,12.46798185941043,2.584765090466779,0.5173706499891939,1,Not familiar
sub-04,7,0,Not familiar,get ready.wav,7.080997732426304,2.402522648781219,0.546501940063069,1,Not familiar
sub-04,8,1,Familiar,chicken dance.wav,5.946984126984127,1.610305958132047,0.5743131062697912,1,Familiar
sub-04,9,1,Familiar,my favorite things.wav,13.92698412698413,1.3053232714664498,0.6146535829701922,1,Familiar
sub-04,10,0,Not familiar,smoke on the water.wav,7.838004535147392,1.171874999999999,0.5789068914698242,1,Not familiar
sub-04,11,0,Not familiar,my country 'tis of thee.wav,14.21201814058957,2.9745710450901433,0.5116998082777859,1,Not familiar
sub-04,12,0,Not familiar,eight days a week.wav,12.28399092970522,1.603031186243079,0.7397253326760436,1,Not familiar
sub-04,13,0,Not familiar,skip to my lou.wav,8.863990929705215,1.8481555407703092,0.6448733077551075,1,Not familiar
sub-04,14,0,Not familiar,baby love.wav,7.219002267573696,1.5715034049240462,0.5642050103929954,1,Not familiar
sub-04,15,0,Not familiar,all my loving.wav,11.52498866213152,1.5471711382256748,0.6076904142495341,1,Not familiar
sub-04,16,0,Not familiar,heigh-ho.wav,10.50299319727891,2.19104200901698,0.5840321019801197,1,Not familiar
sub-04,17,0,Not familiar,rudolph.wav,9.33201814058957,2.3450095266012023,0.4366336594801046,0,Not familiar
sub-04,18,0,Not familiar,daisy bell.wav,8.062993197278912,1.7951709900368025,0.5379639556518793,1,Not familiar
sub-04,19,0,Not familiar,muppet show.wav,8.53201814058957,2.752574166581711,0.6086964922570935,1,Not familiar
sub-04,20,0,Not familiar,michael row the boat ashore.wav,9.372018140589567,2.186335403726708,0.713925906548595,1,Not familiar
sub-04,21,0,Not familiar,copacabana.wav,9.372018140589567,2.4186930419384076,0.46645105930470016,0,Not familiar
sub-04,22,0,Not familiar,eye of the tiger.wav,8.305986394557824,2.015451797111183,0.5430406101414715,1,Not familiar
sub-04,23,0,Not familiar,rubber duckie.wav,10.64399092970521,2.1303792074989425,0.5372943704696169,1,Not familiar
sub-04,24,1,Familiar,for he's a jolly good fellow.wav,7.117006802721089,2.0593633881004516,0.5455993260623657,1,Familiar
sub-04,25,0,Not familiar,shoo fly.wav,9.372018140589567,2.162816852668922,0.6571454900355524,1,Not familiar
sub-04,26,0,Not familiar,when the saints go marching in.wav,7.611020408163266,1.27418969499084,0.6092495350849818,1,Not familiar
sub-04,27,0,Not familiar,mickey mouse march.wav,4.778004535147392,2.74411159387149,0.6126925883043225,1,Not familiar
sub-04,28,0,Not familiar,iron man.wav,10.60498866213152,2.8359408233681473,0.5977741337845685,1,Not familiar
sub-04,29,0,Not familiar,good night ladies.wav,6.378004535147392,1.9900497512437776,0.5757416883830611,1,Not familiar
sub-04,30,1,Familiar,let it snow.wav,9.334013605442175,2.357019064124791,0.48493854484557086,0,Familiar
sub-04,31,1,Familiar,cindy.wav,9.372018140589567,1.9791715753263273,0.5947733705599199,1,Familiar
sub-04,32,0,Not familiar,sesame street.wav,9.885986394557824,1.622937516905598,0.5955154081570899,1,Not familiar
sub-04,33,0,Not familiar,old king cole.wav,9.353015873015874,3.590315850759305,0.6097893308713627,1,Not familiar
sub-04,34,0,Not familiar,billie jean.wav,8.305986394557824,2.3594180102241538,0.5931888859524874,1,Not familiar
sub-04,35,0,Not familiar,peter and the wolf.wav,10.82798185941043,1.9524316648917237,0.536056459135233,1,Not familiar
sub-04,36,1,Familiar,popeye the sailorman.wav,7.546984126984127,3.063782378609224,0.6096536560509206,1,Familiar
sub-04,37,0,Not familiar,america the beautiful.wav,9.33201814058957,2.6708637382553557,0.5665429238510353,1,Not familiar
sub-04,38,1,Familiar,bingo.wav,8.920997732426304,1.725427043193196,0.578575619128587,1,Familiar
sub-04,39,0,Not familiar,be kind to your web-footed friend.wav,6.993015873015873,1.8883759966428797,0.5041619875156348,1,Not familiar
sub-04,40,0,Not familiar,bye baby bunting.wav,6.319002267573696,1.5248372529470473,0.5423860434836493,1,Not familiar
sub-04,41,0,Not familiar,rock-a-bye baby.wav,13.92498866213152,2.759958227659256,0.511251789087641,1,Not familiar
sub-04,42,1,Familiar,happy birthday.wav,7.078004535147392,1.0870057520721017,0.4980239867154313,0,Familiar
sub-04,43,1,Familiar,she'll be coming 'round the mountain.wav,8.86,0.534816557920633,0.6121159374162075,1,Familiar
sub-04,44,0,Not familiar,teddy bear picnic.wav,8.161995464852607,3.580019018851047,0.5497277164046231,1,Not familiar
sub-04,45,1,Familiar,froggy went a-courtin'.wav,12.20498866213152,2.1969330814183388,0.630565426230816,1,Familiar
sub-04,46,0,Not familiar,James Bond.wav,10.52199546485261,3.377453217708831,0.526449243685861,1,Not familiar
sub-04,47,0,Not familiar,blowin' in the wind.wav,9.950022675736962,1.6742706458498964,0.6129396059956606,1,Not familiar
sub-04,48,0,Not familiar,I've been working on the railroad.wav,9.311020408163266,2.3722782343472004,0.6192285272147454,1,Not familiar
sub-04,49,1,Familiar,this old man.wav,9.393015873015871,1.913875598086116,0.5701408996386961,1,Familiar
sub-04,50,0,Not familiar,hot cross buns.wav,6.46,1.704516969970431,0.5721277959753746,1,Not familiar
sub-04,51,1,Familiar,ring around the rosie.wav,7.034013605442177,0.9608125729188096,0.4959701732945755,0,Familiar
sub-04,52,0,Not familiar,puff the magic dragon.wav,9.333015873015873,2.2892724692092963,0.5718623724504625,1,Not familiar
sub-04,53,0,Not familiar,a-tisket a-tasket.wav,10.41800453514739,5.15701261626299,0.5582123666756245,1,Not familiar
sub-04,54,0,Not familiar,john jacob jingleheimerschmidt.wav,9.928979591836734,3.210395566596603,0.5037453687594414,1,Not familiar
sub-04,55,1,Familiar,take me out to the ballgame.wav,6.194013605442177,0.6206583753073441,0.5227450644370447,1,Familiar
sub-04,56,0,Not familiar,on top of old smokey.wav,12.79700680272109,1.8079467477503397,0.5677530929761219,1,Not familiar
sub-04,57,0,Not familiar,love and marriage.wav,8.71700680272109,1.8579686209744035,0.6143568727789873,1,Not familiar
sub-04,58,1,Familiar,row your boat.wav,7.035011337868481,0.7651109410864554,0.5827181386694291,1,Familiar
sub-04,59,1,Familiar,polly wolly doodle.wav,9.334013605442175,1.4537728200396989,0.5983752528108555,1,Familiar
sub-04,60,0,Not familiar,three blind mice.wav,13.92798185941043,3.54570637119113,0.48369637917738173,0,Not familiar
sub-04,61,1,Familiar,jimmy crack corn.wav,9.063990929705216,1.773224312875587,0.6256674191011824,1,Familiar
sub-04,62,0,Not familiar,my bonnie lies over the ocean.wav,6.788979591836735,1.88553682342503,0.5506620673254746,1,Not familiar
sub-04,63,0,Not familiar,everlasting love.wav,8.305986394557824,2.251099969303177,0.588559145326806,1,Not familiar
sub-04,64,0,Not familiar,love me tender.wav,9.331020408163266,2.2909507445589923,0.6058817827848777,1,Not familiar
sub-04,65,0,Not familiar,I think we're alone now.wav,6.298004535147392,2.2318806531187505,0.6152509775628725,1,Not familiar
sub-04,66,1,Familiar,hush little baby.wav,9.372018140589567,2.245597447110267,0.6235665517695312,1,Familiar
sub-04,67,0,Not familiar,"hello mudduh, hello fadduh.wav",10.60199546485261,3.1806334761673445,0.61709146902848,1,Not familiar
sub-04,68,1,Familiar,the muffin man.wav,9.051020408163266,1.690902942171123,0.6833336394171032,1,Familiar
sub-04,69,1,Familiar,if you're happy and you know it.wav,9.09002267573696,1.4175301225150971,0.6049794264385101,1,Familiar
sub-04,70,1,Familiar,mary had a little lamb.wav,9.045986394557824,1.3096063477390036,0.598505774761623,1,Familiar
sub-04,71,0,Not familiar,do wah ditty.wav,7.758004535147392,2.26255977785778,0.5460766257137305,1,Not familiar
sub-04,72,1,Familiar,london bridge.wav,6.706984126984127,1.1712268601359894,0.6244009365689944,1,Familiar
sub-04,73,0,Not familiar,do as I'm doing.wav,11.67102040816327,5.09626274065685,0.6430108816118507,1,Not familiar
sub-04,74,0,Not familiar,over the river and through the woods.wav,13.91301587301587,5.0233507319179,0.4857617708106064,0,Not familiar
sub-04,75,0,Not familiar,peanuts.wav,10.50399092970522,3.35304801378476,0.5879991668413652,1,Not familiar
sub-04,76,1,Familiar,it's a small world.wav,9.291020408163265,1.3265112753458437,0.44877616116210123,0,Familiar
sub-04,77,0,Not familiar,YMCA.wav,14.33501133786848,3.466362599771957,0.5952361076801388,1,Not familiar
sub-05,0,0,Not familiar,peter and the wolf.wav,10.82798185941043,0.9184269850546884,0.7113058543141315,1,Not familiar
sub-05,1,1,Familiar,sugar sugar.wav,7.83501133786848,0.8326759575773512,0.6600408966579691,1,Familiar
sub-05,2,0,Not familiar,sesame street.wav,9.885986394557824,1.4085058100864667,0.665593947016037,1,Not familiar
sub-05,3,1,Familiar,row your boat.wav,7.035011337868481,0.7801453020625085,0.6078999490305602,1,Familiar
sub-05,4,1,Familiar,john jacob jingleheimerschmidt.wav,9.928979591836734,2.0838342550292532,0.6472641246678075,1,Familiar
sub-05,5,1,Familiar,great escape.wav,15.75002267573696,1.0622154779969646,0.6212907145984485,1,Familiar
sub-05,6,0,Not familiar,the bare necessities.wav,8.511020408163265,1.8782055912735691,0.6043609847750682,1,Not familiar
sub-05,7,1,Familiar,I think we're alone now.wav,6.298004535147392,1.3007383603045253,0.6638337716624848,1,Familiar
sub-05,8,1,Familiar,she'll be coming 'round the mountain.wav,8.86,0.5746796161140161,0.5663604188872009,1,Familiar
sub-05,9,1,Familiar,when the saints go marching in.wav,7.611020408163266,0.5445634416409512,0.6211654642317074,1,Familiar
sub-05,10,1,Familiar,smoke on the water.wav,7.838004535147392,1.0029251984956142,0.6297605509816183,1,Familiar
sub-05,11,0,Not familiar,in a gadda da vida.wav,8.306984126984126,1.707941929974379,0.667587237074634,1,Not familiar
sub-05,12,0,Not familiar,do wah ditty.wav,7.758004535147392,1.5004262574595062,0.6664962333025745,1,Not familiar
sub-05,13,1,Familiar,shoo fly.wav,9.372018140589567,1.086071137659516,0.6021953922578747,1,Familiar
sub-05,14,1,Familiar,hot cross buns.wav,6.46,0.8441044579266666,0.676790469969867,1,Familiar
sub-05,15,1,Familiar,heigh-ho.wav,10.50299319727891,0.6573757559821198,0.6242456881700335,1,Familiar
sub-05,16,1,Familiar,smooth criminal.wav,8.348979591836734,1.5969188859142405,0.630949588044583,1,Familiar
sub-05,17,1,Familiar,over the river and through the woods.wav,13.91301587301587,1.689813592438083,0.6721341021967242,1,Familiar
sub-05,18,1,Familiar,oh susanna.wav,12.05800453514739,0.8983284673874689,0.583580606104145,1,Familiar
sub-05,19,1,Familiar,pop goes the weasel.wav,7.075011337868481,0.8003913024145126,0.6175766008488027,1,Familiar
sub-05,20,1,Familiar,iron man.wav,10.60498866213152,1.308234610073405,0.6687964150999345,1,Familiar
sub-05,21,1,Familiar,"hello mudduh, hello fadduh.wav",10.60199546485261,0.962811409315204,0.6616260458471008,1,Familiar
sub-05,22,1,Familiar,are you sleeping brother john.wav,9.376009070294783,1.258509238601911,0.5868695432675916,1,Familiar
sub-05,23,0,Not familiar,ring of fire.wav,9.04498866213152,1.6216446891136358,0.6414634295743261,1,Not familiar
sub-05,24,1,Familiar,it's a small world.wav,9.291020408163265,0.314527226263024,0.4787874438102285,0,Familiar
sub-05,25,1,Familiar,over the rainbow.wav,17.06698412698413,0.7152223149362251,0.6213696663894671,1,Familiar
sub-05,26,1,Familiar,love me do.wav,12.46798185941043,0.9653965668084612,0.575476279965578,1,Familiar
sub-05,27,1,Familiar,old gray mare.wav,9.33201814058957,2.3153507756425085,0.6285799117827204,1,Familiar
sub-05,28,1,Familiar,ob la di ob la da.wav,14.81401360544218,1.2184349203448146,0.6241572075615016,1,Familiar
sub-05,29,1,Familiar,do-re-mi.wav,12.94399092970522,0.4896200548374466,0.637941272458199,1,Familiar
sub-05,30,1,Familiar,ring around the rosie.wav,7.034013605442177,0.3960265337777625,0.4721277103478619,0,Familiar
sub-05,31,1,Familiar,mary had a little lamb.wav,9.045986394557824,0.8128193218764547,0.6272982696979841,1,Familiar
sub-05,32,1,Familiar,wouldn't it be nice.wav,8.018004535147393,0.9970089730807576,0.6604328899461406,1,Familiar
sub-05,33,1,Familiar,a spoonful of sugar.wav,8.531020408163265,1.443652440674904,0.6505541027104037,1,Familiar
sub-05,34,1,Familiar,angel is my centerfold (Example).wav,8.345986394557823,1.0249132765689082,0.6132207159238344,1,Familiar
sub-05,35,1,Familiar,hush little baby.wav,9.372018140589567,1.0764708317807252,0.6103165847359475,1,Familiar
sub-05,36,0,Not familiar,michael row the boat ashore.wav,9.372018140589567,1.8151815181518145,0.1245236799032307,0,Not familiar
sub-05,37,0,Not familiar,everlasting love.wav,8.305986394557824,1.410889501699484,0.2498471594642877,0,Not familiar
sub-05,38,1,Familiar,eye of the tiger.wav,8.305986394557824,0.863264991521506,0.2865923519153268,0,Familiar
sub-05,39,1,Familiar,a-tisket a-tasket.wav,10.41800453514739,1.3308687615526786,0.2784913724716526,0,Familiar
sub-05,40,1,Familiar,muppet show.wav,8.53201814058957,0.5803312352127149,0.2227061502604877,0,Familiar
sub-05,41,1,Familiar,do your ears hang low.wav,9.661995464852607,0.4610153863885189,0.28646329616939137,0,Familiar
sub-05,42,1,Familiar,my favorite things.wav,13.92698412698413,0.6950756563118226,0.21712289721293904,0,Familiar
sub-05,43,0,Not familiar,good night ladies.wav,6.378004535147392,1.3142523364485956,0.6329934666484187,1,Not familiar
sub-05,44,1,Familiar,daisy bell.wav,8.062993197278912,0.6818569236888485,0.714638187580674,1,Familiar
sub-05,45,1,Familiar,star spangled banner.wav,12.83800453514739,0.5789270551910441,0.6253412681308669,1,Familiar
sub-05,46,1,Familiar,on top of old smokey.wav,12.79700680272109,0.7607648222346205,0.6823795312545229,1,Familiar
sub-05,47,1,Familiar,can't help falling in love.wav,13.4990022675737,0.6916825177243654,0.6434986203275266,1,Familiar
sub-05,48,0,Not familiar,baby love.wav,7.219002267573696,1.532410481687695,0.572243829712223,1,Not familiar
sub-05,49,1,Familiar,little jack horner.wav,6.793015873015873,2.291738283488022,0.6419577997997759,1,Familiar
sub-05,50,1,Familiar,the farmer in the dell.wav,6.994013605442177,1.43762073767914,0.674622480782938,1,Familiar
sub-05,51,0,Not familiar,hickory dickory dock.wav,7.077006802721089,2.5090729871410056,0.6256588034457562,1,Not familiar
sub-05,52,0,Not familiar,peanuts.wav,10.50399092970522,2.466682654424605,0.5946651737998596,1,Not familiar
sub-05,53,0,Not familiar,all my loving.wav,11.52498866213152,1.475074591840158,0.6838333025775939,1,Not familiar
sub-05,54,1,Familiar,old mcdonald.wav,9.046984126984126,0.752324144231289,0.5746491453127635,1,Familiar
sub-05,55,1,Familiar,down in my heart.wav,8.388979591836735,1.059373043771365,0.6156357341737593,1,Familiar
sub-05,56,1,Familiar,home on the range.wav,13.08498866213152,1.4507997533640464,0.6370330309563003,1,Familiar
sub-05,57,1,Familiar,super mario world.wav,12.28598639455782,0.9451795841209788,0.6179166667834421,1,Familiar
sub-05,58,0,Not familiar,you're a grand old flag.wav,9.33201814058957,2.5487359647310157,0.6553522492080653,1,Not familiar
sub-05,59,1,Familiar,london bridge.wav,6.706984126984127,1.0254306808859652,0.6318394595013069,1,Familiar
sub-05,60,0,Not familiar,get ready.wav,7.080997732426304,1.371506943253907,0.5878824047585721,1,Not familiar
sub-05,61,0,Not familiar,love and marriage.wav,8.71700680272109,1.4175460702472726,0.6378208890443594,1,Not familiar
sub-05,62,0,Not familiar,happy trails.wav,9.331020408163266,1.9024558976132884,0.5825324937807087,1,Not familiar
sub-05,63,0,Not familiar,my country 'tis of thee.wav,14.21201814058957,2.8399251922144466,0.6390323720954266,1,Not familiar
sub-05,64,0,Not familiar,eight days a week.wav,12.28399092970522,1.0925433913540112,0.5912356444865555,1,Not familiar
sub-05,65,1,Familiar,yankee doodle.wav,8.572018140589568,0.910154726303468,0.695352166655169,1,Familiar
sub-06,0,0,Not familiar,be kind to your web-footed friend.wav,6.993015873015873,0.7319007054709578,0.3289072272211839,0,Not familiar
sub-06,1,0,Not familiar,sugar sugar.wav,7.83501133786848,1.301503579134842,0.3648029682198342,0,Not familiar
sub-06,2,0,Not familiar,popeye the sailorman.wav,7.546984126984127,2.317008952080043,0.3567406219749491,0,Not familiar
sub-06,3,1,Familiar,I've been working on the railroad.wav,9.311020408163266,1.0521173862398077,0.3199706976379458,0,Familiar
sub-06,4,0,Not familiar,happy trails.wav,9.331020408163266,1.3393808407658825,0.19691365855485127,0,Not familiar
sub-06,5,1,Familiar,happy birthday.wav,7.078004535147392,1.175721354039092,0.23485506049306948,0,Familiar
sub-06,6,1,Familiar,pop goes the weasel.wav,7.075011337868481,1.4191501794807595,0.3208996262557326,0,Familiar
sub-06,7,1,Familiar,chicken dance.wav,5.946984126984127,1.482579688658265,0.2791089979449117,0,Familiar
sub-06,8,0,Not familiar,the bare necessities.wav,8.511020408163265,2.156870878095314,0.29752348545233437,0,Not familiar
sub-06,9,0,Not familiar,michael row the boat ashore.wav,9.372018140589567,1.8086155869779696,0.23262066949033045,0,Not familiar
sub-06,10,0,Not familiar,mickey mouse march.wav,4.778004535147392,2.330662782228693,0.2237729601710429,0,Not familiar
sub-06,11,0,Not familiar,I feel fine.wav,10.69002267573696,3.304283177068281,0.3363195726471978,0,Not familiar
sub-06,12,0,Not familiar,I think I love you.wav,9.272018140589568,1.012035999566269,0.28024232832526186,0,Not familiar
sub-06,13,1,Familiar,rudolph.wav,9.33201814058957,1.008191556395715,0.18223689849412908,0,Familiar
sub-06,14,0,Not familiar,blowin' in the wind.wav,9.950022675736962,1.4859392993796212,0.2217596183763312,0,Not familiar
sub-06,15,0,Not familiar,muppet show.wav,8.53201814058957,2.3108524477918526,0.2683818740536656,0,Not familiar
sub-06,16,0,Not familiar,star spangled banner.wav,12.83800453514739,1.712035610340696,0.3095983013954441,0,Not familiar
sub-06,17,1,Familiar,over the river and through the woods.wav,13.91301587301587,2.9154518950437276,0.2654338507660157,0,Familiar
sub-06,18,0,Not familiar,when the saints go marching in.wav,7.611020408163266,1.4679572457452192,0.3477604370579945,0,Not familiar
sub-06,19,1,Familiar,iron man.wav,10.60498866213152,1.8709073900841913,0.2960677519927466,0,Familiar
sub-06,20,0,Not familiar,YMCA.wav,14.33501133786848,2.5681749062278274,0.29763297771104213,0,Not familiar
sub-06,21,0,Not familiar,if you're happy and you know it.wav,9.09002267573696,4.587155963302745,0.22488994813250646,0,Not familiar
sub-06,22,0,Not familiar,"hello mudduh, hello fadduh.wav",10.60199546485261,2.879424115176965,0.19233048606253889,0,Not familiar
sub-06,23,0,Not familiar,another one bites the dust.wav,12.46897959183674,2.642783732197912,0.31005320725268687,0,Not familiar
sub-06,24,1,Familiar,itsy bitsy spider.wav,9.802993197278912,3.5468479500063346,0.31482099668267005,0,Familiar
sub-06,25,0,Not familiar,can't help falling in love.wav,13.4990022675737,1.1432200698634485,0.2944853607879869,0,Not familiar
sub-06,26,1,Familiar,yankee doodle.wav,8.572018140589568,1.334349980937855,0.2528199412015638,0,Familiar
sub-06,27,0,Not familiar,cindy.wav,9.372018140589567,2.118385138713496,0.35961742017460896,0,Not familiar
sub-06,28,0,Not familiar,peter and the wolf.wav,10.82798185941043,1.574859515372772,0.23100527512030122,0,Not familiar
sub-06,29,1,Familiar,in a gadda da vida.wav,8.306984126984126,1.3487692480611484,0.3302072872693518,0,Familiar
sub-06,30,0,Not familiar,there's a hole in the bucket.wav,7.365986394557823,2.1623491761449594,0.4166187181722889,0,Not familiar
sub-06,31,0,Not familiar,smoke on the water.wav,7.838004535147392,1.0823486966717788,0.2601708456706436,0,Not familiar
sub-06,32,0,Not familiar,a spoonful of sugar.wav,8.531020408163265,1.3353920627634226,0.24015670876732872,0,Not familiar
sub-06,33,0,Not familiar,brahms lullaby.wav,12.28399092970522,2.0226234174844575,0.22530527524186642,0,Not familiar
sub-06,34,1,Familiar,little jack horner.wav,6.793015873015873,2.9868307915101626,0.2805688278973592,0,Familiar
sub-06,35,0,Not familiar,do wah ditty.wav,7.758004535147392,2.0334596543118555,0.21880406353842527,0,Not familiar
sub-06,36,1,Familiar,oh susanna.wav,12.05800453514739,2.928810997212908,0.27088698132663896,0,Familiar
sub-06,37,1,Familiar,peanuts.wav,10.50399092970522,2.4859303248972857,0.3007316016182028,0,Familiar
sub-06,38,0,Not familiar,london bridge.wav,6.706984126984127,2.239014833473261,0.22234821290470108,0,Not familiar
sub-06,39,0,Not familiar,down in my heart.wav,8.388979591836735,1.5387107223841971,0.3252801356565442,0,Not familiar
sub-06,40,0,Not familiar,three blind mice.wav,13.92798185941043,3.692165685935159,0.2130302510862676,0,Not familiar
sub-06,41,0,Not familiar,it's a small world.wav,9.291020408163265,1.1320907289855682,0.25356825417739426,0,Not familiar
sub-06,42,1,Familiar,polly wolly doodle.wav,9.334013605442175,1.7375475757074283,0.26017026472727467,0,Familiar
sub-06,43,0,Not familiar,my bonnie lies over the ocean.wav,6.788979591836735,1.5142742617912992,0.34464620000796076,0,Not familiar
sub-06,44,0,Not familiar,let it snow.wav,9.334013605442175,2.6654820079964496,0.2843711338263463,0,Not familiar
sub-06,45,0,Not familiar,swing low sweet chariot.wav,9.66,2.5624070094230302,0.36152388836662797,0,Not familiar
sub-06,46,0,Not familiar,super mario world.wav,12.28598639455782,4.2735042735042965,0.2559617705366366,0,Not familiar
sub-06,47,0,Not familiar,sesame street.wav,9.885986394557824,1.5459933006956932,0.3479087388889557,0,Not familiar
sub-06,48,1,Familiar,love me do.wav,12.46798185941043,1.1487980700192435,0.2715640091631117,0,Familiar
sub-06,49,0,Not familiar,bye baby bunting.wav,6.319002267573696,1.297923322683696,0.2789283454524618,0,Not familiar
sub-06,50,0,Not familiar,smooth criminal.wav,8.348979591836734,3.2699584248143245,0.20991350490586647,0,Not familiar
sub-06,51,0,Not familiar,my favorite things.wav,13.92698412698413,3.2320123124278557,0.31230301847158226,0,Not familiar
sub-06,52,0,Not familiar,blow the man down.wav,8.491020408163266,1.9451962110960832,0.3263038646828379,0,Not familiar
sub-06,53,1,Familiar,row your boat.wav,7.035011337868481,2.3680103331359823,0.24284692553173093,0,Familiar
sub-06,54,0,Not familiar,skip to my lou.wav,8.863990929705215,2.15842866393266,0.33425313063634715,0,Not familiar
sub-06,55,0,Not familiar,mary had a little lamb.wav,9.045986394557824,2.655906838960117,0.27835442215950157,0,Not familiar
sub-06,56,1,Familiar,do your ears hang low.wav,9.661995464852607,3.43945674221711,0.3506294068050333,0,Familiar
sub-06,57,0,Not familiar,daisy bell.wav,8.062993197278912,1.4756336001770776,0.3480278283655504,0,Not familiar
sub-06,58,0,Not familiar,rock-a-bye baby.wav,13.92498866213152,2.9102922090691106,0.2778649289087454,0,Not familiar
sub-06,59,1,Familiar,ob la di ob la da.wav,14.81401360544218,2.069679199724042,0.3884888324346126,0,Familiar
sub-06,60,1,Familiar,great escape.wav,15.75002267573696,1.9577017767626752,0.22002160441332938,0,Familiar
sub-06,61,1,Familiar,ring around the rosie.wav,7.034013605442177,2.1970397779833424,0.3408627452771914,0,Familiar
sub-06,62,0,Not familiar,do-re-mi.wav,12.94399092970522,1.9842675926582112,0.2818737833572471,0,Not familiar
sub-06,63,0,Not familiar,rubber duckie.wav,10.64399092970521,1.9364083497927935,0.24612982106363934,0,Not familiar
sub-06,64,1,Familiar,old mcdonald.wav,9.046984126984126,1.8477457501847785,0.42120491568086177,0,Familiar
sub-06,65,1,Familiar,hot cross buns.wav,6.46,1.9568345323741008,0.3999358871025576,0,Familiar
sub-06,66,1,Familiar,the muffin man.wav,9.051020408163266,2.0673360897814557,0.2680892464066976,0,Familiar
sub-06,67,1,Familiar,hush little baby.wav,9.372018140589567,2.3708721422523396,0.3453355384763488,0,Familiar
sub-06,68,0,Not familiar,James Bond.wav,10.52199546485261,2.861672918519647,0.3646604110939381,0,Not familiar
sub-06,69,0,Not familiar,ring of fire.wav,9.04498866213152,1.69809634462419,0.37228566287116793,0,Not familiar
sub-06,70,0,Not familiar,love me tender.wav,9.331020408163266,2.1708651802270262,0.35137287977320875,0,Not familiar
sub-06,71,0,Not familiar,heigh-ho.wav,10.50299319727891,2.6887280248190395,0.2424393603630507,0,Not familiar
sub-07,0,0,Not familiar,popeye the sailorman.wav,7.546984126984127,2.024539877300614,0.545783922846133,1,Not familiar
sub-07,1,1,Familiar,yankee doodle.wav,8.572018140589568,0.7843610474236757,0.5111005466003441,1,Familiar
sub-07,2,0,Not familiar,my favorite things.wav,13.92698412698413,2.201373237591068,0.5018616590233355,1,Not familiar
sub-07,3,0,Not familiar,baby love.wav,7.219002267573696,1.3840191917327929,0.5794349175264543,1,Not familiar
sub-07,4,0,Not familiar,you're a grand old flag.wav,9.33201814058957,3.030923612533276,0.5650327088335595,1,Not familiar
sub-07,5,0,Not familiar,a whole new world.wav,12.98798185941043,2.245228888611701,0.5512695541012879,1,Not familiar
sub-07,6,0,Not familiar,rubber duckie.wav,10.64399092970521,2.119632031879266,0.4693290489757084,0,Not familiar
sub-07,7,0,Not familiar,wouldn't it be nice.wav,8.018004535147393,1.8949783074851645,0.5855849080271927,1,Not familiar
sub-07,8,0,Not familiar,the brady bunch.wav,9.331020408163266,1.8595590188612403,0.5464799267988699,1,Not familiar
sub-07,9,0,Not familiar,peanuts.wav,10.50399092970522,3.4657039711191375,0.4865133876022071,0,Not familiar
sub-07,10,1,Familiar,skip to my lou.wav,8.863990929705215,1.4488816444806656,0.6121809636806395,1,Familiar
sub-07,11,0,Not familiar,take me out to the ballgame.wav,6.194013605442177,1.5081206496519717,0.5886587947552205,1,Not familiar
sub-07,12,0,Not familiar,america the beautiful.wav,9.33201814058957,2.564572265982786,0.522529889622888,1,Not familiar
sub-07,13,1,Familiar,this old man.wav,9.393015873015871,2.8675119853039988,0.5973331265592522,1,Familiar
sub-07,14,1,Familiar,itsy bitsy spider.wav,9.802993197278912,1.7902572316969756,0.5803157754368417,1,Familiar
sub-07,15,0,Not familiar,home on the range.wav,13.08498866213152,2.641484514297035,0.5864941831869611,1,Not familiar
sub-07,16,0,Not familiar,another one bites the dust.wav,12.46897959183674,2.888781896966775,0.5811787635994207,1,Not familiar
sub-07,17,0,Not familiar,ring around the rosie.wav,7.034013605442177,2.028005794302277,0.42458191201308215,0,Not familiar
sub-07,18,0,Not familiar,ring of fire.wav,9.04498866213152,1.3375571981696548,0.6068721339254779,1,Not familiar
sub-07,19,0,Not familiar,I think we're alone now.wav,6.298004535147392,1.5780730897010014,0.5699153279639697,1,Not familiar
sub-07,20,1,Familiar,old king cole.wav,9.353015873015874,2.6345982237708734,0.5912633452543274,1,Familiar
sub-07,21,0,Not familiar,bye baby bunting.wav,6.319002267573696,1.190312685986353,0.6375923364529303,1,Not familiar
sub-07,22,1,Familiar,pop goes the weasel.wav,7.075011337868481,1.805397187381224,0.5145752986025818,1,Familiar
sub-07,23,1,Familiar,polly wolly doodle.wav,9.334013605442175,2.1888680425265803,0.5549233500525406,1,Familiar
sub-07,24,0,Not familiar,be kind to your web-footed friend.wav,6.993015873015873,1.9933554817275807,0.530761186314738,1,Not familiar
sub-07,25,0,Not familiar,do-re-mi.wav,12.94399092970522,2.263266378369635,0.5658170651161807,1,Not familiar
sub-07,26,1,Familiar,oh susanna.wav,12.05800453514739,3.173259995768984,0.5653580297001679,1,Familiar
sub-07,27,0,Not familiar,let it snow.wav,9.334013605442175,2.674772036474169,0.4830495830890563,0,Not familiar
sub-07,28,0,Not familiar,ob la di ob la da.wav,14.81401360544218,2.399012171458809,0.5770287297086953,1,Not familiar
sub-07,29,0,Not familiar,in a gadda da vida.wav,8.306984126984126,2.03589606214841,0.6448468255092642,1,Not familiar
sub-07,30,0,Not familiar,get ready.wav,7.080997732426304,2.227791701475907,0.490546030057536,0,Not familiar
sub-07,31,0,Not familiar,good night ladies.wav,6.378004535147392,1.7576408553852187,0.5714909424239099,1,Not familiar
sub-07,32,1,Familiar,happy birthday.wav,7.078004535147392,0.6300114547537236,0.5536611106864754,1,Familiar
sub-07,33,1,Familiar,alouette.wav,5.946984126984127,1.3271400132713955,0.5295685588452291,1,Familiar
sub-07,34,1,Familiar,can't help falling in love.wav,13.4990022675737,0.7882550004926593,0.618291272926336,1,Familiar
sub-07,35,1,Familiar,bingo.wav,8.920997732426304,2.013873349742674,0.517914961148963,1,Familiar
sub-07,36,1,Familiar,rock-a-bye baby.wav,13.92498866213152,1.435979258077387,0.5977607174019841,1,Familiar
sub-07,37,1,Familiar,london bridge.wav,6.706984126984127,1.5535626015111863,0.40690982405254805,0,Familiar
sub-07,38,0,Not familiar,peter and the wolf.wav,10.82798185941043,1.8598359962803357,0.5326811703076982,1,Not familiar
sub-07,39,1,Familiar,old mcdonald.wav,9.046984126984126,0.7197480881691403,0.5476803890566943,1,Familiar
sub-07,40,0,Not familiar,on top of old smokey.wav,12.79700680272109,1.8243635458993157,0.5648866566719342,1,Not familiar
sub-07,41,0,Not familiar,smoke on the water.wav,7.838004535147392,1.0812759055685752,0.4239445907888543,0,Not familiar
sub-07,42,1,Familiar,swing low sweet chariot.wav,9.66,2.2230813841098,0.6066209302151169,1,Familiar
sub-07,43,0,Not familiar,blow the man down.wav,8.491020408163266,2.1431233693626597,0.5678166166231228,1,Not familiar
sub-07,44,1,Familiar,super mario world.wav,12.28598639455782,3.6891490897425463,0.5161044896151049,1,Familiar
sub-07,45,0,Not familiar,the bare necessities.wav,8.511020408163265,2.345194606052406,0.5816707135880634,1,Not familiar
sub-07,46,0,Not familiar,heigh-ho.wav,10.50299319727891,2.2300368813791938,0.5716283858953072,1,Not familiar
sub-07,47,0,Not familiar,star spangled banner.wav,12.83800453514739,1.6377870221756363,0.6318525068997443,1,Not familiar
sub-07,48,1,Familiar,mickey mouse march.wav,4.778004535147392,3.0150753768844516,0.48608648087220385,0,Familiar
sub-07,49,1,Familiar,clementine.wav,8.716009070294785,1.7543859649122742,0.5663614925584836,1,Familiar
sub-07,50,0,Not familiar,teddy bear picnic.wav,8.161995464852607,2.784061249347479,0.5350906697051653,1,Not familiar
sub-07,51,0,Not familiar,camptown races.wav,8.305986394557824,2.075471698113203,0.5261048233533717,1,Not familiar
sub-07,52,0,Not familiar,puff the magic dragon.wav,9.333015873015873,2.1478585849907645,0.5481656027130184,1,Not familiar
sub-07,53,0,Not familiar,daisy bell.wav,8.062993197278912,1.922984471900396,0.5688569930070239,1,Not familiar
sub-07,54,0,Not familiar,eight days a week.wav,12.28399092970522,1.6683729571910637,0.5771627437629813,1,Not familiar
sub-07,55,0,Not familiar,my country 'tis of thee.wav,14.21201814058957,3.2489401323348743,0.4689807919838858,0,Not familiar
sub-07,56,0,Not familiar,she'll be coming 'round the mountain.wav,8.86,2.581596902083717,0.5227136486316819,1,Not familiar
sub-07,57,1,Familiar,mary had a little lamb.wav,9.045986394557824,1.4751075599262462,0.538128407956264,1,Familiar
sub-07,58,0,Not familiar,let it be.wav,12.88199546485261,2.2719527433829483,0.48460526878409915,0,Not familiar
sub-07,59,0,Not familiar,love and marriage.wav,8.71700680272109,1.469087941236476,0.5320432918221483,1,Not familiar
sub-07,60,1,Familiar,I've been working on the railroad.wav,9.311020408163266,2.785515320334256,0.5869389062062964,1,Familiar
sub-07,61,0,Not familiar,YMCA.wav,14.33501133786848,2.883265677757131,0.5429690725333597,1,Not familiar
sub-07,62,1,Familiar,froggy went a-courtin'.wav,12.20498866213152,1.623282509130962,0.546292253531795,1,Familiar
sub-07,63,1,Familiar,if you're happy and you know it.wav,9.09002267573696,2.139037433155087,0.540911497686181,1,Familiar
sub-07,64,1,Familiar,oh where has my little dog gone.wav,8.02,2.9032090828969896,0.5667435699958041,1,Familiar
sub-07,65,0,Not familiar,jimmy crack corn.wav,9.063990929705216,2.4589044214744304,0.44771166345877583,0,Not familiar
sub-07,66,0,Not familiar,when the saints go marching in.wav,7.611020408163266,0.9979106246296814,0.5526293727338739,1,Not familiar
sub-07,67,0,Not familiar,everlasting love.wav,8.305986394557824,2.0405323934517363,0.5819999266671878,1,Not familiar
sub-07,68,0,Not familiar,it's a small world.wav,9.291020408163265,1.2352214575613258,0.5752086596612304,1,Not familiar
sub-07,69,0,Not familiar,my bonnie lies over the ocean.wav,6.788979591836735,1.8443178736099863,0.5591987277962231,1,Not familiar
sub-07,70,0,Not familiar,love me tender.wav,9.331020408163266,2.093418814601588,0.5390040739964291,1,Not familiar
sub-07,71,0,Not familiar,john jacob jingleheimerschmidt.wav,9.928979591836734,3.2743431823497313,0.6047521093781877,1,Not familiar
sub-07,72,0,Not familiar,"hello mudduh, hello fadduh.wav",10.60199546485261,2.9113258663216213,0.5716292951044792,1,Not familiar
sub-07,73,0,Not familiar,rudolph.wav,9.33201814058957,2.182512617651077,0.5867175680354486,1,Not familiar
sub-07,74,0,Not familiar,there's a hole in the bucket.wav,7.365986394557823,2.3963575365444516,0.5762756902176107,1,Not familiar
sub-07,75,0,Not familiar,hickory dickory dock.wav,7.077006802721089,3.0566017138802235,0.5625249158074876,1,Not familiar
sub-07,76,1,Familiar,are you sleeping brother john.wav,9.376009070294783,1.1717834544176249,0.52265691353624,1,Familiar
sub-07,77,0,Not familiar,a-tisket a-tasket.wav,10.41800453514739,4.298434141848357,0.5271073355436021,1,Not familiar
sub-07,78,0,Not familiar,James Bond.wav,10.52199546485261,3.3414612119569846,0.5351412388429145,1,Not familiar
sub-09,0,0,Not familiar,old king cole.wav,9.353015873015874,1.2951780869869616,0.5851481326937261,1,Not familiar
sub-09,1,0,Not familiar,"hello mudduh, hello fadduh.wav",10.60199546485261,2.442250941284213,0.6211582612230958,1,Not familiar
sub-09,2,0,Not familiar,muppet show.wav,8.53201814058957,1.479168378667107,0.632328720051132,1,Not familiar
sub-09,3,0,Not familiar,oh where has my little dog gone.wav,8.02,2.0220642897499173,0.5514852292800542,1,Not familiar
sub-09,4,1,Familiar,old mcdonald.wav,9.046984126984126,0.5478808750440262,0.5389780657471507,1,Familiar
sub-09,5,1,Familiar,row your boat.wav,7.035011337868481,0.6395614435815444,0.5407584271951251,1,Familiar
sub-09,6,0,Not familiar,cindy.wav,9.372018140589567,1.6903972433521877,0.5585530373837035,1,Not familiar
sub-09,7,0,Not familiar,jimmy crack corn.wav,9.063990929705216,2.0901068276823027,0.590736966561406,1,Not familiar
sub-09,8,1,Familiar,sugar sugar.wav,7.83501133786848,0.5588621566490619,0.5532570685089687,1,Familiar
sub-09,9,0,Not familiar,ring of fire.wav,9.04498866213152,1.378059836808707,0.5935167781280977,1,Not familiar
sub-09,10,1,Familiar,brahms lullaby.wav,12.28399092970522,0.3858620157431694,0.6113946936329502,1,Familiar
sub-09,11,0,Not familiar,hickory dickory dock.wav,7.077006802721089,2.269503546099295,0.5816407048282273,1,Not familiar
sub-09,12,1,Familiar,mary had a little lamb.wav,9.045986394557824,0.5278205410160542,0.6249575074766137,1,Familiar
sub-09,13,1,Familiar,ring around the rosie.wav,7.034013605442177,0.5716191111322808,0.5881111594272368,1,Familiar
sub-09,14,1,Familiar,let it snow.wav,9.334013605442175,2.1612720629856437,0.5914621274848799,1,Familiar
sub-09,15,0,Not familiar,my girl.wav,10.44498866213152,1.749413946327979,0.5424482090109086,1,Not familiar
sub-09,16,0,Not familiar,home on the range.wav,13.08498866213152,2.7268389119912775,0.5729341302095491,1,Not familiar
sub-09,17,0,Not familiar,the brady bunch.wav,9.331020408163266,1.5243349181577326,0.5549577746829454,1,Not familiar
sub-09,18,1,Familiar,another one bites the dust.wav,12.46897959183674,0.8104822369309759,0.5200268224863038,1,Familiar
sub-09,19,0,Not familiar,louie louie.wav,8.860997732426304,1.7776272908113548,0.5393929647952794,1,Not familiar
sub-09,20,0,Not familiar,swing low sweet chariot.wav,9.66,2.4925625150759805,0.6175778512756405,1,Not familiar
sub-09,21,1,Familiar,a whole new world.wav,12.98798185941043,0.4487658937920716,0.5839883159827678,1,Familiar
sub-09,22,1,Familiar,can't help falling in love.wav,13.4990022675737,0.6826150361475705,0.6097740027210723,1,Familiar
sub-09,23,1,Familiar,oh susanna.wav,12.05800453514739,1.3238214311980567,0.6396430343870879,1,Familiar
sub-09,24,0,Not familiar,ob la di ob la da.wav,14.81401360544218,1.9581869492599209,0.6003509550702405,1,Not familiar
sub-09,25,1,Familiar,alouette.wav,5.946984126984127,0.5757052389176749,0.5545859987408711,1,Familiar
sub-09,26,0,Not familiar,bye baby bunting.wav,6.319002267573696,1.271455816910358,0.5511963648754069,1,Not familiar
sub-09,27,1,Familiar,copacabana.wav,9.372018140589567,1.1557591893174834,0.5729768676059168,1,Familiar
sub-09,28,1,Familiar,do-re-mi.wav,12.94399092970522,0.3109383675735696,0.5919394197147385,1,Familiar
sub-09,29,0,Not familiar,let it be.wav,12.88199546485261,2.250900360144062,0.6460055583920259,1,Not familiar
sub-09,30,1,Familiar,bingo.wav,8.920997732426304,1.933179239335989,0.5795228349988054,1,Familiar
sub-09,31,0,Not familiar,do as I'm doing.wav,11.67102040816327,4.058929645219491,0.5620331782657683,1,Not familiar
sub-09,32,0,Not familiar,good night ladies.wav,6.378004535147392,1.841338038974995,0.5594320265760928,1,Not familiar
sub-09,33,1,Familiar,camptown races.wav,8.305986394557824,0.2372921574941947,0.5720778341456544,1,Familiar
sub-09,34,0,Not familiar,super mario world.wav,12.28598639455782,4.115075136862975,0.5837026134670997,1,Not familiar
sub-09,35,0,Not familiar,teddy bear picnic.wav,8.161995464852607,2.885222252276648,0.6037323049969755,1,Not familiar
sub-09,36,1,Familiar,rudolph.wav,9.33201814058957,0.6372035865459013,0.6134947945822762,1,Familiar
sub-09,37,1,Familiar,it's a small world.wav,9.291020408163265,0.5846243788365947,0.5930421885918059,1,Familiar
sub-09,38,1,Familiar,polly wolly doodle.wav,9.334013605442175,2.8356041220001487,0.6132548520008887,1,Familiar
sub-09,39,1,Familiar,she'll be coming 'round the mountain.wav,8.86,1.3504739644202013,0.5302202373953142,1,Familiar
sub-09,40,1,Familiar,I think we're alone now.wav,6.298004535147392,1.4608576093494958,0.6329621654622888,1,Familiar
sub-09,41,1,Familiar,do your ears hang low.wav,9.661995464852607,0.8929368693633365,0.6081946940445763,1,Familiar
sub-09,42,1,Familiar,James Bond.wav,10.52199546485261,1.2378594553418318,0.5555704020915768,1,Familiar
sub-09,43,1,Familiar,peter and the wolf.wav,10.82798185941043,0.5121076889311588,0.5816358230409192,1,Familiar
sub-09,44,0,Not familiar,everlasting love.wav,8.305986394557824,1.8327987670262793,0.60123879933491,1,Not familiar
sub-09,45,1,Familiar,I feel fine.wav,10.69002267573696,1.4532067428792863,0.581773436630435,1,Familiar
sub-09,46,0,Not familiar,iron man.wav,10.60498866213152,2.285627214201366,0.5892583274978909,1,Not familiar
sub-09,47,1,Familiar,wouldn't it be nice.wav,8.018004535147393,0.5318677422214348,0.5425389789919849,1,Familiar
sub-09,48,0,Not familiar,love me do.wav,12.46798185941043,1.9419139275209152,0.604054242194084,1,Not familiar
sub-09,49,1,Familiar,on top of old smokey.wav,12.79700680272109,0.8229041659523412,0.6339783309908841,1,Familiar
sub-09,50,1,Familiar,daisy bell.wav,8.062993197278912,1.0708201508882902,0.5423169520670369,1,Familiar
sub-09,51,1,Familiar,clementine.wav,8.716009070294785,0.7492507492507527,0.5555746235997832,1,Familiar
sub-09,52,0,Not familiar,be kind to your web-footed friend.wav,6.993015873015873,1.6950748658065686,0.5983375014280596,1,Not familiar
sub-09,53,0,Not familiar,old gray mare.wav,9.33201814058957,3.384381081309767,0.6120546811894346,1,Not familiar
sub-09,54,1,Familiar,eye of the tiger.wav,8.305986394557824,0.9124087591240846,0.6221995841681369,1,Familiar
sub-09,55,0,Not familiar,rubber duckie.wav,10.64399092970521,2.1755210372884357,0.5753368920866238,1,Not familiar
sub-09,56,1,Familiar,smooth criminal.wav,8.348979591836734,0.7022661588742107,0.626407833744985,1,Familiar
sub-09,57,0,Not familiar,eight days a week.wav,12.28399092970522,1.4587408414282397,0.6350200156029759,1,Not familiar
sub-09,58,0,Not familiar,billie jean.wav,8.305986394557824,1.9393267765618576,0.5555298772222302,1,Not familiar
sub-09,59,0,Not familiar,skip to my lou.wav,8.863990929705215,2.243863034600378,0.5551170771372991,1,Not familiar
sub-09,60,1,Familiar,buffalo gals.wav,9.331020408163266,0.6399590426212686,0.5241263998630653,1,Familiar
sub-10,0,1,Familiar,yankee doodle.wav,8.572018140589568,0.7863113451052118,0.5308755356599212,1,Familiar
sub-10,1,0,Not familiar,popeye the sailorman.wav,7.546984126984127,2.341255764455481,0.5202235268215857,1,Not familiar
sub-10,2,0,Not familiar,do-re-mi.wav,12.94399092970522,1.4990898383124531,0.5733476433559342,1,Not familiar
sub-10,3,1,Familiar,itsy bitsy spider.wav,9.802993197278912,1.2770764772336571,0.5085404821611788,1,Familiar
sub-10,4,1,Familiar,this old man.wav,9.393015873015871,1.1498028909329825,0.5317848251449266,1,Familiar
sub-10,5,0,Not familiar,get ready.wav,7.080997732426304,1.70436388168874,0.5519232750008544,1,Not familiar
sub-10,6,1,Familiar,jimmy crack corn.wav,9.063990929705216,1.35393671817513,0.5799804799831999,1,Familiar
sub-10,7,0,Not familiar,wouldn't it be nice.wav,8.018004535147393,1.8270987594961052,0.5835043719251911,1,Not familiar
sub-10,8,1,Familiar,brahms lullaby.wav,12.28399092970522,0.4837929366231258,0.5539115541499241,1,Familiar
sub-10,9,0,Not familiar,home on the range.wav,13.08498866213152,2.696598914618934,0.5696605398713138,1,Not familiar
sub-10,10,1,Familiar,rubber duckie.wav,10.64399092970521,0.655021834061136,0.5178930547113577,1,Familiar
sub-10,11,0,Not familiar,ring of fire.wav,9.04498866213152,0.7852375343541417,0.5326651123073505,1,Not familiar
sub-10,12,0,Not familiar,another one bites the dust.wav,12.46897959183674,2.505393555571016,0.508863262158674,1,Not familiar
sub-10,13,0,Not familiar,happy trails.wav,9.331020408163266,1.4687719063991724,0.5048497136217915,1,Not familiar
sub-10,14,0,Not familiar,do as I'm doing.wav,11.67102040816327,3.2698537648732935,0.542809785691305,1,Not familiar
sub-10,15,0,Not familiar,michael row the boat ashore.wav,9.372018140589567,1.3979792844887873,0.4813673006577549,0,Not familiar
sub-10,16,0,Not familiar,super mario world.wav,12.28598639455782,3.5004375546943263,0.5565147133983679,1,Not familiar
sub-10,17,1,Familiar,amazing grace.wav,8.674013605442177,1.147305879942636,0.5434418526331336,1,Familiar
sub-10,18,1,Familiar,buffalo gals.wav,9.331020408163266,1.066447908121411,0.5524930645062814,1,Familiar
sub-10,19,0,Not familiar,froggy went a-courtin'.wav,12.20498866213152,2.7088036117381447,0.5163144318554022,1,Not familiar
sub-10,20,1,Familiar,hickory dickory dock.wav,7.077006802721089,1.0841367561079491,0.47874255534893323,0,Familiar
sub-10,21,0,Not familiar,smoke on the water.wav,7.838004535147392,1.1431837667905165,0.5420985727453714,1,Not familiar
sub-10,22,1,Familiar,I've been working on the railroad.wav,9.311020408163266,2.1712158808932975,0.5721147441882474,1,Familiar
sub-10,23,0,Not familiar,"hello mudduh, hello fadduh.wav",10.60199546485261,2.4738867509620635,0.5317579974759841,1,Not familiar
sub-10,24,1,Familiar,mary had a little lamb.wav,9.045986394557824,0.7101191985797646,0.535351187945538,1,Familiar
sub-10,25,1,Familiar,rock-a-bye baby.wav,13.92498866213152,0.736493240044189,0.5690414126470799,1,Familiar
sub-10,26,0,Not familiar,I think I love you.wav,9.272018140589568,1.2069485753696243,0.5584003705606486,1,Not familiar
sub-10,27,1,Familiar,do your ears hang low.wav,9.661995464852607,0.5434905681740997,0.4967018916953215,0,Familiar
sub-10,28,1,Familiar,for he's a jolly good fellow.wav,7.117006802721089,2.008224156067707,0.5493962585213319,1,Familiar
sub-10,29,1,Familiar,star spangled banner.wav,12.83800453514739,0.6410549933604969,0.5233353068992007,1,Familiar
sub-10,30,0,Not familiar,john jacob jingleheimerschmidt.wav,9.928979591836734,3.2679738562091565,0.5138045516445201,1,Not familiar
sub-10,31,0,Not familiar,peter and the wolf.wav,10.82798185941043,1.6833728670900656,0.5558524745232086,1,Not familiar
sub-10,32,1,Familiar,hush little baby.wav,9.372018140589567,1.2369433754810315,0.558958544462851,1,Familiar
sub-10,33,1,Familiar,blowin' in the wind.wav,9.950022675736962,0.7016648593480886,0.5156694793506188,1,Familiar
sub-10,34,0,Not familiar,sesame street.wav,9.885986394557824,1.2612991381122594,0.6826249637534143,1,Not familiar
sub-10,35,0,Not familiar,do wah ditty.wav,7.758004535147392,1.8655925376298463,0.5044164984647405,1,Not familiar
sub-10,36,1,Familiar,it's a small world.wav,9.291020408163265,0.6658394116400848,0.5204865029901938,1,Familiar
sub-10,37,0,Not familiar,can't help falling in love.wav,13.4990022675737,0.9278828805608536,0.5478603163178223,1,Not familiar
sub-10,38,1,Familiar,mickey mouse march.wav,4.778004535147392,1.135414927366833,0.4560628677109028,0,Familiar
sub-10,39,0,Not familiar,old gray mare.wav,9.33201814058957,2.9337342770178587,0.4817869680832481,0,Not familiar
sub-10,40,0,Not familiar,a-tisket a-tasket.wav,10.41800453514739,4.013761467889909,0.4763839320660548,0,Not familiar
sub-10,41,0,Not familiar,let it snow.wav,9.334013605442175,3.1521635304231728,0.5745468133693366,1,Not familiar
sub-10,42,0,Not familiar,oh where has my little dog gone.wav,8.02,2.8049333828321648,0.5390157211469881,1,Not familiar
sub-10,43,0,Not familiar,little jack horner.wav,6.793015873015873,3.383400830471102,0.559132918175379,1,Not familiar
sub-10,44,1,Familiar,the brady bunch.wav,9.331020408163266,1.7620406108407445,0.567676017415241,1,Familiar
sub-10,45,1,Familiar,bye baby bunting.wav,6.319002267573696,0.6652253450856466,0.5490277742267932,1,Familiar
sub-10,46,0,Not familiar,america the beautiful.wav,9.33201814058957,2.345549738219895,0.4926159555394715,0,Not familiar
sub-10,47,1,Familiar,over the river and through the woods.wav,13.91301587301587,4.598196644753387,0.46208085111689745,0,Familiar
sub-10,48,1,Familiar,cindy.wav,9.372018140589567,2.248605864364107,0.5378897671047432,1,Familiar
sub-10,49,0,Not familiar,when the saints go marching in.wav,7.611020408163266,1.2003901267912014,0.49803375890700363,0,Not familiar
sub-10,50,0,Not familiar,in a gadda da vida.wav,8.306984126984126,1.323765066536617,0.5452563252366627,1,Not familiar
sub-10,51,0,Not familiar,James Bond.wav,10.52199546485261,3.1552466635398493,0.5398247818600805,1,Not familiar
sub-10,52,1,Familiar,angel is my centerfold (Example).wav,8.345986394557823,1.2374049849743596,0.5043382209266445,1,Familiar
sub-10,53,0,Not familiar,iron man.wav,10.60498866213152,2.0950452180592976,0.5523466744104814,1,Not familiar
sub-10,54,0,Not familiar,old king cole.wav,9.353015873015874,2.962014169635358,0.5198225617832952,1,Not familiar
sub-10,55,0,Not familiar,good night ladies.wav,6.378004535147392,1.7092393884721198,0.49106009483066454,0,Not familiar
sub-10,56,0,Not familiar,my favorite things.wav,13.92698412698413,2.5850130789352295,0.5192237184181296,1,Not familiar
sub-10,57,1,Familiar,over the rainbow.wav,17.06698412698413,0.6862829201338251,0.5027000102994269,1,Familiar
sub-10,58,0,Not familiar,the bare necessities.wav,8.511020408163265,2.2853124725322886,0.5556503191120877,1,Not familiar
sub-10,59,0,Not familiar,on top of old smokey.wav,12.79700680272109,1.7209011264080112,0.5621171918173855,1,Not familiar
sub-10,60,1,Familiar,love me do.wav,12.46798185941043,2.111160732410389,0.5455321332557609,1,Familiar
sub-10,61,1,Familiar,ring around the rosie.wav,7.034013605442177,0.8700515816294819,0.6046087908242861,1,Familiar
sub-10,62,1,Familiar,three blind mice.wav,13.92798185941043,0.6324110671936714,0.5281495437758321,1,Familiar
sub-11,0,0,Not familiar,peanuts.wav,10.50399092970522,1.173747187897362,0.5211819204664533,1,Not familiar
sub-11,1,0,Not familiar,polly wolly doodle.wav,9.334013605442175,2.3713814743052137,0.5334518395970221,1,Not familiar
sub-11,2,0,Not familiar,oh susanna.wav,12.05800453514739,2.895422600089496,0.5103627772050108,1,Not familiar
sub-11,3,0,Not familiar,another one bites the dust.wav,12.46897959183674,1.9907100199071,0.43133439469898877,0,Not familiar
sub-11,4,0,Not familiar,I think I love you.wav,9.272018140589568,0.8179003330022789,0.45300674386668155,0,Not familiar
sub-11,5,0,Not familiar,on top of old smokey.wav,12.79700680272109,1.5274595570367264,0.4500348997397695,0,Not familiar
sub-11,6,0,Not familiar,in a gadda da vida.wav,8.306984126984126,1.0523109301874778,0.46922194067480927,0,Not familiar
sub-11,7,0,Not familiar,angel is my centerfold (Example).wav,8.345986394557823,2.281256898962401,0.4793616473021336,0,Not familiar
sub-11,8,0,Not familiar,everlasting love.wav,8.305986394557824,1.388713546269407,0.4437444892110529,0,Not familiar
sub-11,9,0,Not familiar,great escape.wav,15.75002267573696,1.5916270769527583,0.4903416112928381,0,Not familiar
sub-11,10,0,Not familiar,puff the magic dragon.wav,9.333015873015873,2.0400669141947843,0.3958991603825723,0,Not familiar
sub-11,11,0,Not familiar,do your ears hang low.wav,9.661995464852607,1.9742921952448975,0.5138550988855312,1,Not familiar
sub-11,12,0,Not familiar,brahms lullaby.wav,12.28399092970522,1.1457184078757543,0.46462039467644034,0,Not familiar
sub-11,13,0,Not familiar,copacabana.wav,9.372018140589567,2.0766891641326106,0.5218323169783001,1,Not familiar
sub-11,14,0,Not familiar,love me do.wav,12.46798185941043,2.2080789712949698,0.34629798691707125,0,Not familiar
sub-11,15,0,Not familiar,muppet show.wav,8.53201814058957,2.1237267471585306,0.5425923626930997,1,Not familiar
sub-11,16,0,Not familiar,eight days a week.wav,12.28399092970522,1.3975796461582464,0.45897834643221014,0,Not familiar
sub-11,17,0,Not familiar,the muffin man.wav,9.051020408163266,0.933037871340742,0.333877114986526,0,Not familiar
sub-11,18,0,Not familiar,let it be.wav,12.88199546485261,1.8828254934571769,0.45012337198439667,0,Not familiar
sub-11,19,0,Not familiar,old king cole.wav,9.353015873015874,2.6446517279582578,0.5021561966417182,1,Not familiar
sub-11,20,0,Not familiar,James Bond.wav,10.52199546485261,2.907662082514743,0.46331004517567703,0,Not familiar
sub-11,21,0,Not familiar,I feel fine.wav,10.69002267573696,3.247148597637692,0.49771811305509034,0,Not familiar
sub-11,22,0,Not familiar,take me out to the ballgame.wav,6.194013605442177,0.7060037472506585,0.4582770285133473,0,Not familiar
sub-11,23,0,Not familiar,hush little baby.wav,9.372018140589567,1.7910736760577002,0.46464687547569317,0,Not familiar
sub-11,24,0,Not familiar,for he's a jolly good fellow.wav,7.117006802721089,1.5693818660456695,0.374526752213507,0,Not familiar
sub-11,25,0,Not familiar,mickey mouse march.wav,4.778004535147392,2.7442684809330538,0.4849018025012554,0,Not familiar
sub-11,26,0,Not familiar,froggy went a-courtin'.wav,12.20498866213152,2.5502072043353365,0.3752900886064107,0,Not familiar
sub-11,27,0,Not familiar,camptown races.wav,8.305986394557824,1.6686893203883535,0.44920101289281605,0,Not familiar
sub-11,28,0,Not familiar,do-re-mi.wav,12.94399092970522,1.766951692802828,0.5085493524528145,1,Not familiar
sub-11,29,0,Not familiar,over the rainbow.wav,17.06698412698413,1.298958009770423,0.3483306719694813,0,Not familiar
sub-11,30,0,Not familiar,rubber duckie.wav,10.64399092970521,2.2550965181309732,0.39920654083553797,0,Not familiar
sub-11,31,0,Not familiar,yankee doodle.wav,8.572018140589568,1.7417809710428878,0.27239346819730664,0,Not familiar
sub-11,32,0,Not familiar,love me tender.wav,9.331020408163266,1.662625562868035,0.4636815798130504,0,Not familiar
sub-11,33,1,Familiar,daisy bell.wav,8.062993197278912,1.1049316783912166,0.4582537449203394,0,Familiar
sub-11,34,0,Not familiar,london bridge.wav,6.706984126984127,1.7417809710428918,0.4840170531744926,0,Not familiar
sub-11,35,0,Not familiar,sugar sugar.wav,7.83501133786848,1.8655800481123357,0.5051341702899976,1,Not familiar
sub-11,36,0,Not familiar,ob la di ob la da.wav,14.81401360544218,2.466896426627965,0.3682523463302868,0,Not familiar
sub-11,37,0,Not familiar,peter and the wolf.wav,10.82798185941043,1.237832667529397,0.5303701130238315,1,Not familiar
sub-11,38,0,Not familiar,pop goes the weasel.wav,7.075011337868481,2.212051868802438,0.44577712878638603,0,Not familiar
sub-11,39,0,Not familiar,if you're happy and you know it.wav,9.09002267573696,4.663335712586276,0.4224067463006375,0,Not familiar
sub-11,40,0,Not familiar,heigh-ho.wav,10.50299319727891,1.794774445173095,0.37217452539636253,0,Not familiar
sub-11,41,0,Not familiar,buffalo gals.wav,9.331020408163266,2.3313419787265044,0.46330427079385583,0,Not familiar
sub-11,42,0,Not familiar,my bonnie lies over the ocean.wav,6.788979591836735,1.6235316588673474,0.4404777633966527,0,Not familiar
sub-11,43,0,Not familiar,I've been working on the railroad.wav,9.311020408163266,2.262717685563051,0.40992174892307714,0,Not familiar
sub-11,44,0,Not familiar,hickory dickory dock.wav,7.077006802721089,2.706098386005611,0.4677974109819124,0,Not familiar
sub-11,45,0,Not familiar,a spoonful of sugar.wav,8.531020408163265,1.3709781071933436,0.49548204000257384,0,Not familiar
sub-11,46,0,Not familiar,happy trails.wav,9.331020408163266,1.8163054695562504,0.4748879666079615,0,Not familiar
sub-11,47,0,Not familiar,jimmy crack corn.wav,9.063990929705216,1.7637836425398492,0.47015826868518024,0,Not familiar
sub-11,48,0,Not familiar,love and marriage.wav,8.71700680272109,1.7812082529315707,0.4021436612184641,0,Not familiar
sub-11,49,0,Not familiar,teddy bear picnic.wav,8.161995464852607,1.5944195316392586,0.4151467485636935,0,Not familiar
sub-11,50,0,Not familiar,she'll be coming 'round the mountain.wav,8.86,2.272081794944624,0.4291618628610075,0,Not familiar
sub-11,51,0,Not familiar,hot cross buns.wav,6.46,0.5050204978907962,0.4739765106265564,0,Not familiar
sub-11,52,0,Not familiar,down in my heart.wav,8.388979591836735,1.7492174553489284,0.5137336115143223,1,Not familiar
sub-11,53,1,Familiar,chicken dance.wav,5.946984126984127,2.126063031515763,0.42855879885217124,0,Familiar
sub-11,54,0,Not familiar,louie louie.wav,8.860997732426304,1.8951358180669584,0.4433366500270073,0,Not familiar
sub-11,55,0,Not familiar,over the river and through the woods.wav,13.91301587301587,4.465220121398182,0.3286148349187569,0,Not familiar
sub-11,56,0,Not familiar,the brady bunch.wav,9.331020408163266,1.808396124865436,0.49389943935973013,0,Not familiar
sub-11,57,0,Not familiar,billie jean.wav,8.305986394557824,1.8623625399077763,0.47942440637789735,0,Not familiar
sub-11,58,0,Not familiar,popeye the sailorman.wav,7.546984126984127,2.9696287964004315,0.4805387169043535,0,Not familiar
sub-12,0,0,Not familiar,muppet show.wav,8.53201814058957,0.8818198148178386,0.3277077311819769,0,Not familiar
sub-12,1,1,Familiar,shoo fly.wav,9.372018140589567,0.867302688638335,0.2700494098014652,0,Familiar
sub-12,2,1,Familiar,it's a small world.wav,9.291020408163265,0.8909678137877265,0.33280006721442873,0,Familiar
sub-12,3,0,Not familiar,oh where has my little dog gone.wav,8.02,2.3827043694593373,0.2880512908208846,0,Not familiar
sub-12,4,1,Familiar,yankee doodle.wav,8.572018140589568,1.1300347082088942,0.24666831582548226,0,Familiar
sub-12,5,1,Familiar,peanuts.wav,10.50399092970522,0.6162062236828602,0.26361696321588524,0,Familiar
sub-12,6,1,Familiar,the bare necessities.wav,8.511020408163265,1.3146842931745957,0.31725163622868147,0,Familiar
sub-12,7,1,Familiar,buffalo gals.wav,9.331020408163266,0.9818092562794892,0.3061812449483027,0,Familiar
sub-12,8,1,Familiar,in a gadda da vida.wav,8.306984126984126,1.3308584036703677,0.29513762162083834,0,Familiar
sub-12,9,1,Familiar,chicken dance.wav,5.946984126984127,1.687085760192811,0.29844781634503564,0,Familiar
sub-12,10,0,Not familiar,all my loving.wav,11.52498866213152,1.3705884185278607,0.285871440906663,0,Not familiar
sub-12,11,1,Familiar,do-re-mi.wav,12.94399092970522,0.8317635834332274,0.24694002310281665,0,Familiar
sub-12,12,1,Familiar,skip to my lou.wav,8.863990929705215,1.4857142857142858,0.2748010021276257,0,Familiar
sub-12,13,0,Not familiar,take me out to the ballgame.wav,6.194013605442177,1.127346832588996,0.3069465738392757,0,Not familiar
sub-12,14,1,Familiar,daisy bell.wav,8.062993197278912,1.4183768449980032,0.24453393961293798,0,Familiar
sub-12,15,0,Not familiar,bye baby bunting.wav,6.319002267573696,0.8662046908315576,0.3215765919023474,0,Not familiar
sub-12,16,1,Familiar,she'll be coming 'round the mountain.wav,8.86,2.380213184311288,0.33770356656521067,0,Familiar
sub-12,17,1,Familiar,clementine.wav,8.716009070294785,1.1092213266287043,0.2944908264351627,0,Familiar
sub-12,18,1,Familiar,the farmer in the dell.wav,6.994013605442177,0.8524694975757922,0.26482387757230896,0,Familiar
sub-12,19,1,Familiar,polly wolly doodle.wav,9.334013605442175,1.9556714471968633,0.3316366000155712,0,Familiar
sub-12,20,0,Not familiar,blowin' in the wind.wav,9.950022675736962,1.412479254210956,0.3088154645366835,0,Not familiar
sub-12,21,0,Not familiar,baby love.wav,7.219002267573696,1.186474194186278,0.3159171079647704,0,Not familiar
sub-12,22,1,Familiar,happy birthday.wav,7.078004535147392,1.4760147601475972,0.28769614870590116,0,Familiar
sub-12,23,0,Not familiar,my girl.wav,10.44498866213152,1.299139969340298,0.3279228642814455,0,Not familiar
sub-12,24,1,Familiar,"hello mudduh, hello fadduh.wav",10.60199546485261,1.206227147649742,0.3499735337723669,0,Familiar
sub-12,25,0,Not familiar,everlasting love.wav,8.305986394557824,1.7211703958691935,0.26199111672636755,0,Not familiar
sub-12,26,0,Not familiar,puff the magic dragon.wav,9.333015873015873,1.5213753232922558,0.2671163057302124,0,Not familiar
sub-12,27,1,Familiar,pop goes the weasel.wav,7.075011337868481,1.7680339462517662,0.2360471185543418,0,Familiar
sub-12,28,0,Not familiar,eye of the tiger.wav,8.305986394557824,1.6245853922696785,0.27280127598326753,0,Not familiar
sub-12,29,1,Familiar,love me tender.wav,9.331020408163266,1.4477766287487075,0.2646935446904285,0,Familiar
sub-12,30,0,Not familiar,smooth criminal.wav,8.348979591836734,2.844950213371264,0.3360261425477107,0,Not familiar
sub-12,31,0,Not familiar,copacabana.wav,9.372018140589567,2.1518598217030527,0.2583986926308237,0,Not familiar
sub-12,32,1,Familiar,great escape.wav,15.75002267573696,1.4417661635503385,0.2954036397618757,0,Familiar
sub-12,33,1,Familiar,ring around the rosie.wav,7.034013605442177,1.985163514784262,0.2811903457636808,0,Familiar
sub-12,34,0,Not familiar,you're a grand old flag.wav,9.33201814058957,1.8187180495477735,0.351679044732934,0,Not familiar
sub-12,35,0,Not familiar,sesame street.wav,9.885986394557824,1.1073856470515853,0.23742932622817403,0,Not familiar
sub-12,36,0,Not familiar,good night ladies.wav,6.378004535147392,1.1959735556958286,0.3262849305330378,0,Not familiar
sub-12,37,1,Familiar,angel is my centerfold (Example).wav,8.345986394557823,1.1631964638827423,0.2784151633775026,0,Familiar
sub-12,38,0,Not familiar,get ready.wav,7.080997732426304,1.2411439209805044,0.22137174244284283,0,Not familiar
sub-12,39,1,Familiar,alouette.wav,5.946984126984127,1.289359391965256,0.3166850391612025,0,Familiar
sub-12,40,0,Not familiar,let it be.wav,12.88199546485261,1.656451880072885,0.26216315051284217,0,Not familiar
sub-12,41,0,Not familiar,when the saints go marching in.wav,7.611020408163266,1.5275192133276,0.3472648355852198,0,Not familiar
sub-12,42,1,Familiar,love me do.wav,12.46798185941043,1.3396295924177,0.3217576033677899,0,Familiar
sub-12,43,1,Familiar,this old man.wav,9.393015873015871,0.7077015622511992,0.2668509152479439,0,Familiar
sub-12,44,1,Familiar,london bridge.wav,6.706984126984127,2.0571898786258016,0.2966865765031557,0,Familiar
sub-12,45,1,Familiar,tequila.wav,9.256009070294784,0.8676538639518736,0.3338119089684402,0,Familiar
sub-12,46,0,Not familiar,there's a hole in the bucket.wav,7.365986394557823,1.567299855808411,0.3114350756315526,0,Not familiar
sub-12,47,0,Not familiar,I think we're alone now.wav,6.298004535147392,1.6002695190768907,0.3076894067028565,0,Not familiar
sub-12,48,1,Familiar,row your boat.wav,7.035011337868481,1.5144412793423028,0.2692777366443415,0,Familiar
sub-12,49,0,Not familiar,can't help falling in love.wav,13.4990022675737,1.211998788001213,0.34411643670573644,0,Not familiar
sub-12,50,1,Familiar,cindy.wav,9.372018140589567,1.6114412327525411,0.3488486691385207,0,Familiar
sub-12,51,0,Not familiar,heigh-ho.wav,10.50299319727891,2.057776018994857,0.345848933687151,0,Not familiar
sub-12,52,0,Not familiar,do wah ditty.wav,7.758004535147392,1.7135958250574506,0.32898094115007814,0,Not familiar
sub-12,53,1,Familiar,itsy bitsy spider.wav,9.802993197278912,2.7129039867893163,0.3087833296504121,0,Familiar
sub-12,54,1,Familiar,swing low sweet chariot.wav,9.66,1.7374733774240572,0.3700227039641681,0,Familiar
sub-12,55,1,Familiar,old gray mare.wav,9.33201814058957,2.7404085700049756,0.36628949062809035,0,Familiar
sub-12,56,1,Familiar,old king cole.wav,9.353015873015874,2.7299613255479094,0.29294327455386837,0,Familiar
sub-12,57,0,Not familiar,wouldn't it be nice.wav,8.018004535147393,1.2241084946686809,0.3309430628112682,0,Not familiar
sub-12,58,1,Familiar,america the beautiful.wav,9.33201814058957,1.917104405505931,0.3487633043053461,0,Familiar
sub-12,59,0,Not familiar,popeye the sailorman.wav,7.546984126984127,2.544038854411596,0.28091031298636127,0,Not familiar
sub-12,60,1,Familiar,the muffin man.wav,9.051020408163266,1.235139725181405,0.23064984326344554,0,Familiar
sub-12,61,1,Familiar,another one bites the dust.wav,12.46897959183674,2.107814723085856,0.23632902452969737,0,Familiar
sub-12,62,0,Not familiar,john jacob jingleheimerschmidt.wav,9.928979591836734,3.2540481909041508,0.25283200929560856,0,Not familiar
sub-13,0,1,Familiar,row your boat.wav,7.035011337868481,0.6000857265323621,0.3914527046283811,0,Familiar
sub-13,1,1,Familiar,star spangled banner.wav,12.83800453514739,0.4576808656706659,0.4021944819706875,0,Familiar
sub-13,2,1,Familiar,buffalo gals.wav,9.331020408163266,0.9362127075271498,0.44268180044516464,0,Familiar
sub-13,3,1,Familiar,skip to my lou.wav,8.863990929705215,0.98754594831843,0.48027137656758806,0,Familiar
sub-13,4,0,Not familiar,ob la di ob la da.wav,14.81401360544218,2.3193942288014155,0.550808393044884,1,Not familiar
sub-13,5,0,Not familiar,everlasting love.wav,8.305986394557824,1.9634968093176857,0.5884670218492262,1,Not familiar
sub-13,6,1,Familiar,if you're happy and you know it.wav,9.09002267573696,1.1067631131665292,0.5760701334348529,1,Familiar
sub-13,7,1,Familiar,brahms lullaby.wav,12.28399092970522,0.6519849319037959,0.5318293583496851,1,Familiar
sub-13,8,1,Familiar,john jacob jingleheimerschmidt.wav,9.928979591836734,3.433616742969261,0.5769659440676195,1,Familiar
sub-13,9,0,Not familiar,louie louie.wav,8.860997732426304,1.6532829475673123,0.5705039143953766,1,Not familiar
sub-13,10,0,Not familiar,James Bond.wav,10.52199546485261,2.8239963364371845,0.6216068426162495,1,Not familiar
sub-13,11,1,Familiar,baby love.wav,7.219002267573696,1.57207986165697,0.5997001191149378,1,Familiar
sub-13,12,1,Familiar,it's a small world.wav,9.291020408163265,0.4804887256752582,0.5879228836033917,1,Familiar
sub-13,13,1,Familiar,do-re-mi.wav,12.94399092970522,0.5738469263324008,0.5413122634444695,1,Familiar
sub-13,14,0,Not familiar,eight days a week.wav,12.28399092970522,1.56929880875954,0.5597333925403813,1,Not familiar
sub-13,15,1,Familiar,over the river and through the woods.wav,13.91301587301587,1.871563925605339,0.5342043691705891,1,Familiar
sub-13,16,1,Familiar,be kind to your web-footed friend.wav,6.993015873015873,0.5438477226376622,0.5227403807393726,1,Familiar
sub-13,17,1,Familiar,in a gadda da vida.wav,8.306984126984126,0.6572854112515311,0.6022276751808828,1,Familiar
sub-13,18,1,Familiar,rock-a-bye baby.wav,13.92498866213152,0.9680542110358152,0.42090167684776536,0,Familiar
sub-13,19,1,Familiar,do your ears hang low.wav,9.661995464852607,1.1939704492313816,0.5975972383647745,1,Familiar
sub-13,20,1,Familiar,a-tisket a-tasket.wav,10.41800453514739,2.825124776344296,0.4400611292911121,0,Familiar
sub-13,21,0,Not familiar,ring around the rosie.wav,7.034013605442177,1.2310939148786455,0.5578532471075256,1,Not familiar
sub-13,22,0,Not familiar,peter and the wolf.wav,10.82798185941043,1.4882965769178749,0.5251904480286093,1,Not familiar
sub-13,23,1,Familiar,teddy bear picnic.wav,8.161995464852607,1.4333248016380875,0.6027007472606909,1,Familiar
sub-13,24,1,Familiar,she'll be coming 'round the mountain.wav,8.86,1.2786002691790028,0.5641399685571381,1,Familiar
sub-13,25,1,Familiar,my country 'tis of thee.wav,14.21201814058957,0.6578514571409766,0.569818375756546,1,Familiar
sub-13,26,0,Not familiar,super mario world.wav,12.28598639455782,2.545917439534463,0.5651728581788673,1,Not familiar
sub-13,27,1,Familiar,michael row the boat ashore.wav,9.372018140589567,0.6650483822698106,0.3787827125757467,0,Familiar
sub-13,28,0,Not familiar,let it be.wav,12.88199546485261,2.345857606443289,0.49037996260158573,0,Not familiar
sub-13,29,0,Not familiar,rubber duckie.wav,10.64399092970521,1.7219409718634824,0.5365746054910855,1,Not familiar
sub-13,30,1,Familiar,smooth criminal.wav,8.348979591836734,2.1046170035515397,0.40544802609939273,0,Familiar
sub-13,31,0,Not familiar,"hello mudduh, hello fadduh.wav",10.60199546485261,2.7913468248429885,0.4197891926132173,0,Not familiar
sub-13,32,1,Familiar,home on the range.wav,13.08498866213152,1.7081607379254369,0.5225629701445271,1,Familiar
sub-13,33,1,Familiar,smoke on the water.wav,7.838004535147392,0.7722433669810841,0.5308448236066694,1,Familiar
sub-13,34,1,Familiar,good night ladies.wav,6.378004535147392,0.9594051687953457,0.5435406599141782,1,Familiar
sub-13,35,0,Not familiar,do as I'm doing.wav,11.67102040816327,3.576514223267225,0.5187484455516289,1,Not familiar
sub-13,36,1,Familiar,on top of old smokey.wav,12.79700680272109,0.8304707259069051,0.5485096264618539,1,Familiar
sub-13,37,1,Familiar,alouette.wav,5.946984126984127,0.7292253637840199,0.5529362870664042,1,Familiar
sub-13,38,0,Not familiar,the bare necessities.wav,8.511020408163265,1.9109918782845163,0.5745753829666058,1,Not familiar
sub-13,39,0,Not familiar,I think we're alone now.wav,6.298004535147392,1.9870320016732876,0.5230710467709729,1,Not familiar
sub-13,40,1,Familiar,you're a grand old flag.wav,9.33201814058957,2.303445005250503,0.513898763325738,1,Familiar
sub-13,41,1,Familiar,camptown races.wav,8.305986394557824,0.8148483476686313,0.548350818335667,1,Familiar
sub-13,42,1,Familiar,hickory dickory dock.wav,7.077006802721089,1.9897669130187603,0.5275221806577771,1,Familiar
sub-13,43,1,Familiar,jimmy crack corn.wav,9.063990929705216,1.4897209256132575,0.5407548239408357,1,Familiar
sub-13,44,1,Familiar,a spoonful of sugar.wav,8.531020408163265,1.182033096926722,0.5625898392762563,1,Familiar
sub-13,45,1,Familiar,another one bites the dust.wav,12.46897959183674,1.1100832562442122,0.4851090256269702,0,Familiar
sub-13,46,1,Familiar,for he's a jolly good fellow.wav,7.117006802721089,1.4372675008454543,0.5192573683428354,1,Familiar
sub-13,47,1,Familiar,love me do.wav,12.46798185941043,1.2721634730062814,0.5767654864109906,1,Familiar
sub-13,48,1,Familiar,blow the man down.wav,8.491020408163266,1.5095330292390006,0.5354607639045843,1,Familiar
sub-13,49,1,Familiar,this old man.wav,9.393015873015871,1.0669105319311023,0.5531862858457585,1,Familiar
sub-13,50,1,Familiar,happy birthday.wav,7.078004535147392,1.377669234141144,0.5548958959751958,1,Familiar
sub-13,51,1,Familiar,old mcdonald.wav,9.046984126984126,0.773608885450628,0.5825775452847917,1,Familiar
sub-13,52,1,Familiar,my girl.wav,10.44498866213152,0.9156910196873576,0.555034435614533,1,Familiar
sub-13,53,1,Familiar,hush little baby.wav,9.372018140589567,0.6006333952167752,0.5354970998063876,1,Familiar
sub-13,54,1,Familiar,bingo.wav,8.920997732426304,2.7790643816581855,0.6385776545175472,1,Familiar
sub-13,55,0,Not familiar,happy trails.wav,9.331020408163266,1.9188835586567763,0.6133392197700691,1,Not familiar
sub-13,56,1,Familiar,oh susanna.wav,12.05800453514739,1.935796096144532,0.6136310269245554,1,Familiar
sub-13,57,1,Familiar,sugar sugar.wav,7.83501133786848,0.9629272989889271,0.5844967212634272,1,Familiar
sub-13,58,0,Not familiar,great escape.wav,15.75002267573696,2.0588327042455616,0.5334069779261776,1,Not familiar
sub-13,59,1,Familiar,three blind mice.wav,13.92798185941043,1.1817156362464438,0.5624686163603873,1,Familiar
sub-13,60,1,Familiar,mary had a little lamb.wav,9.045986394557824,0.8747471434038627,0.6268226990831446,1,Familiar
sub-13,61,1,Familiar,ring of fire.wav,9.04498866213152,1.2212723437326594,0.5488561792692374,1,Familiar
sub-13,62,1,Familiar,my bonnie lies over the ocean.wav,6.788979591836735,1.280204832773239,0.6172787635024288,1,Familiar
sub-13,63,1,Familiar,peanuts.wav,10.50399092970522,1.7497812773403376,0.5932017271927418,1,Familiar
sub-13,64,0,Not familiar,get ready.wav,7.080997732426304,1.9104477611940296,0.5842461957130706,1,Not familiar
sub-13,65,0,Not familiar,billie jean.wav,8.305986394557824,1.6402405686167163,0.5933670971269571,1,Not familiar
sub-13,66,1,Familiar,amazing grace.wav,8.674013605442177,0.7160759040458299,0.5872386997264993,1,Familiar
sub-13,67,0,Not familiar,love and marriage.wav,8.71700680272109,1.2297601967616365,0.6030708564711533,1,Not familiar
sub-13,68,1,Familiar,clementine.wav,8.716009070294785,0.8092524530464942,0.20228103054302157,0,Familiar
sub-13,69,1,Familiar,little jack horner.wav,6.793015873015873,1.3916068710589324,0.523121105244849,1,Familiar
sub-13,70,1,Familiar,puff the magic dragon.wav,9.333015873015873,2.4460642825693424,0.5114835152867385,1,Familiar
sub-14,0,1,Familiar,are you sleeping brother john.wav,9.376009070294783,0.2769239289967047,0.5595542183020515,1,Familiar
sub-14,1,1,Familiar,camptown races.wav,8.305986394557824,0.4447739065974793,0.3315638066192332,0,Familiar
sub-14,2,0,Not familiar,muppet show.wav,8.53201814058957,2.035354867890392,0.472452226295029,0,Not familiar
sub-14,3,1,Familiar,puff the magic dragon.wav,9.333015873015873,1.355421686746988,0.4976227021419007,0,Familiar
sub-14,4,0,Not familiar,I feel fine.wav,10.69002267573696,2.3119382712481573,0.42396545027704224,0,Not familiar
sub-14,5,1,Familiar,peanuts.wav,10.50399092970522,2.6371694381364037,0.4709112051104446,0,Familiar
sub-14,6,1,Familiar,she'll be coming 'round the mountain.wav,8.86,0.7424456158586371,0.49508615886347307,0,Familiar
sub-14,7,1,Familiar,another one bites the dust.wav,12.46897959183674,1.7262388302193366,0.3795591054093908,0,Familiar
sub-14,8,1,Familiar,eye of the tiger.wav,8.305986394557824,1.167996885341639,0.43706997115861046,0,Familiar
sub-14,9,1,Familiar,jimmy crack corn.wav,9.063990929705216,2.3813885326983013,0.5074638209669505,1,Familiar
sub-14,10,1,Familiar,skip to my lou.wav,8.863990929705215,0.5885598675740286,0.48410365853957416,0,Familiar
sub-14,11,1,Familiar,rock-a-bye baby.wav,13.92498866213152,0.4582426394776032,0.498741963461119,0,Familiar
sub-14,12,1,Familiar,amazing grace.wav,8.674013605442177,0.683426897730046,0.4606696661625675,0,Familiar
sub-14,13,0,Not familiar,everlasting love.wav,8.305986394557824,1.7315335878163038,0.41444771825152876,0,Not familiar
sub-14,14,1,Familiar,daisy bell.wav,8.062993197278912,0.9380863039399604,0.48571605292471576,0,Familiar
sub-14,15,0,Not familiar,all my loving.wav,11.52498866213152,1.6333803548890051,0.5173597282603603,1,Not familiar
sub-14,16,0,Not familiar,louie louie.wav,8.860997732426304,1.8606299561422956,0.5583287135113938,1,Not familiar
sub-14,17,1,Familiar,oh where has my little dog gone.wav,8.02,0.7669691934040642,0.48956789185758337,0,Familiar
sub-14,18,1,Familiar,down in my heart.wav,8.388979591836735,0.922570016474464,0.4149373263082112,0,Familiar
sub-14,19,1,Familiar,polly wolly doodle.wav,9.334013605442175,1.2493678793467604,0.5465219388140904,1,Familiar
sub-14,20,1,Familiar,alouette.wav,5.946984126984127,0.7668711656441721,0.5408506454836075,1,Familiar
sub-14,21,1,Familiar,happy birthday.wav,7.078004535147392,0.6091370558375621,0.5081606030471415,1,Familiar
sub-14,22,1,Familiar,star spangled banner.wav,12.83800453514739,0.448646050312451,0.5610648402062351,1,Familiar
sub-14,23,1,Familiar,good night ladies.wav,6.378004535147392,1.4734774066797631,0.4834390407266295,0,Familiar
sub-14,24,1,Familiar,buffalo gals.wav,9.331020408163266,1.1981265657335824,0.454300815827506,0,Familiar
sub-14,25,1,Familiar,hush little baby.wav,9.372018140589567,0.6179037614891479,0.4140570787822839,0,Familiar
sub-14,26,1,Familiar,super mario world.wav,12.28598639455782,1.239518775063796,0.4765176718455151,0,Familiar
sub-14,27,1,Familiar,YMCA.wav,14.33501133786848,2.411473537250923,0.5149909629341787,1,Familiar
sub-14,28,1,Familiar,this old man.wav,9.393015873015871,0.7645259938837907,0.4593732276379907,0,Familiar
sub-14,29,1,Familiar,great escape.wav,15.75002267573696,1.5689790429227837,0.48022057787952044,0,Familiar
sub-14,30,1,Familiar,old mcdonald.wav,9.046984126984126,0.589815846385739,0.4769276608112638,0,Familiar
sub-14,31,1,Familiar,mary had a little lamb.wav,9.045986394557824,0.6881297616121888,0.5807416531397481,1,Familiar
sub-14,32,1,Familiar,for he's a jolly good fellow.wav,7.117006802721089,0.8369792657409215,0.5574551828180877,1,Familiar
sub-14,33,1,Familiar,angel is my centerfold (Example).wav,8.345986394557823,1.4685057953532274,0.4454489845252855,0,Familiar
sub-14,34,1,Familiar,I've been working on the railroad.wav,9.311020408163266,0.7808980327376466,0.5793042763034303,1,Familiar
sub-14,35,1,Familiar,rubber duckie.wav,10.64399092970521,1.2030075187969878,0.4903450125969143,0,Familiar
sub-14,36,1,Familiar,yankee doodle.wav,8.572018140589568,0.9742180160745978,0.5150336734092041,1,Familiar
sub-14,37,1,Familiar,rudolph.wav,9.33201814058957,0.4245125686042657,0.47928461583462034,0,Familiar
sub-14,38,0,Not familiar,iron man.wav,10.60498866213152,2.4432951907806313,0.5477881158955815,1,Not familiar
sub-14,39,0,Not familiar,the brady bunch.wav,9.331020408163266,1.7847278290060669,0.5600306300326354,1,Not familiar
sub-14,40,1,Familiar,tequila.wav,9.256009070294784,1.3377112975799657,0.4562682485894761,0,Familiar
sub-14,41,1,Familiar,it's a small world.wav,9.291020408163265,1.038961038961041,0.45745508165540655,0,Familiar
sub-14,42,1,Familiar,the bare necessities.wav,8.511020408163265,1.702391085661224,0.562125886249681,1,Familiar
sub-14,43,1,Familiar,itsy bitsy spider.wav,9.802993197278912,1.3496068536556718,0.5554123399129227,1,Familiar
sub-14,44,1,Familiar,clementine.wav,8.716009070294785,1.047486033519555,0.5743319117748951,1,Familiar
sub-14,45,1,Familiar,little jack horner.wav,6.793015873015873,1.4721578153177994,0.5652323894157171,1,Familiar
sub-14,46,0,Not familiar,I think we're alone now.wav,6.298004535147392,2.0721998036863383,0.15355573245072215,0,Not familiar
sub-14,47,1,Familiar,blow the man down.wav,8.491020408163266,1.437337608491353,0.5731516835658845,1,Familiar
sub-14,48,1,Familiar,a-tisket a-tasket.wav,10.41800453514739,2.033712698971396,0.36202554863419845,0,Familiar
sub-14,49,1,Familiar,america the beautiful.wav,9.33201814058957,2.0938023450586467,0.4695829028474499,0,Familiar
sub-14,50,1,Familiar,michael row the boat ashore.wav,9.372018140589567,0.7821411112921579,0.4914343245205294,0,Familiar
sub-14,51,1,Familiar,swing low sweet chariot.wav,9.66,1.8898629849335944,0.5513468470547236,1,Familiar
sub-14,52,1,Familiar,smooth criminal.wav,8.348979591836734,0.8356888288066866,0.5525760909262111,1,Familiar
sub-14,53,1,Familiar,ring of fire.wav,9.04498866213152,1.584228128850559,0.505707460590408,1,Familiar
sub-14,54,1,Familiar,do your ears hang low.wav,9.661995464852607,0.7145801841418169,0.5336129404844757,1,Familiar
sub-14,55,0,Not familiar,love and marriage.wav,8.71700680272109,1.6190690353046906,0.5353815005214745,1,Not familiar
sub-14,56,1,Familiar,the farmer in the dell.wav,6.994013605442177,0.6917622643684795,0.5167578982859072,1,Familiar
sub-14,57,0,Not familiar,wouldn't it be nice.wav,8.018004535147393,1.864207221350077,0.54252948078184,1,Not familiar
sub-14,58,0,Not familiar,do wah ditty.wav,7.758004535147392,1.9250120313251984,0.4271490534758911,0,Not familiar
sub-14,59,0,Not familiar,sesame street.wav,9.885986394557824,1.5005627110166322,0.49181314542598153,0,Not familiar
sub-14,60,1,Familiar,brahms lullaby.wav,12.28399092970522,0.2878042930807055,0.5006898982526499,1,Familiar
sub-14,61,1,Familiar,you're a grand old flag.wav,9.33201814058957,2.6601640434493317,0.4748358967825725,0,Familiar
sub-14,62,1,Familiar,froggy went a-courtin'.wav,12.20498866213152,1.9286403085824455,0.4947818163802113,0,Familiar
sub-14,63,1,Familiar,let it be.wav,12.88199546485261,1.8317666907688697,0.40830219648226845,0,Familiar
sub-14,64,1,Familiar,oh susanna.wav,12.05800453514739,2.1802871964513875,0.34406986967495023,0,Familiar
sub-14,65,1,Familiar,my country 'tis of thee.wav,14.21201814058957,1.8024513338139865,0.47525310631429457,0,Familiar
sub-14,66,0,Not familiar,bye baby bunting.wav,6.319002267573696,1.3291074532256484,0.49399088379237815,0,Not familiar
sub-14,67,1,Familiar,blowin' in the wind.wav,9.950022675736962,1.153947023341198,0.453042221890549,0,Familiar
sub-14,68,1,Familiar,billie jean.wav,8.305986394557824,1.3974070336153932,0.5251322939490937,1,Familiar
sub-15,0,0,Not familiar,love and marriage.wav,8.71700680272109,0.8729812309035356,0.4847023801496693,0,Not familiar
sub-15,1,0,Not familiar,america the beautiful.wav,9.33201814058957,0.7711586658955084,0.46809102961566845,0,Not familiar
sub-15,2,0,Not familiar,on top of old smokey.wav,12.79700680272109,1.4278296988577348,0.5373894096798346,1,Not familiar
sub-15,3,1,Familiar,rudolph.wav,9.33201814058957,0.7476635514018699,0.3938513784618105,0,Familiar
sub-15,4,1,Familiar,it's a small world.wav,9.291020408163265,0.922863954472044,0.41562572413858034,0,Familiar
sub-15,5,1,Familiar,old king cole.wav,9.353015873015874,0.4100181091331534,0.6331790944834785,1,Familiar
sub-15,6,1,Familiar,let it snow.wav,9.334013605442175,2.0191493519181907,0.3527214846440789,0,Familiar
sub-15,7,0,Not familiar,my country 'tis of thee.wav,14.21201814058957,2.554357983926237,0.43651266674093087,0,Not familiar
sub-15,8,0,Not familiar,all my loving.wav,11.52498866213152,1.5217015389936008,0.5561561610219435,1,Not familiar
sub-15,9,1,Familiar,for he's a jolly good fellow.wav,7.117006802721089,2.5646328852120006,0.5119760667924268,1,Familiar
sub-15,10,1,Familiar,camptown races.wav,8.305986394557824,0.8208955223880576,0.4383256912899857,0,Familiar
sub-15,11,1,Familiar,YMCA.wav,14.33501133786848,2.056306510629293,0.24852680869569527,0,Familiar
sub-15,12,1,Familiar,chicken dance.wav,5.946984126984127,1.256496658861156,0.39204001258626053,0,Familiar
sub-15,13,1,Familiar,skip to my lou.wav,8.863990929705215,0.591490979762559,0.36032214535799156,0,Familiar
sub-15,14,1,Familiar,old mcdonald.wav,9.046984126984126,0.6542056074766363,0.49402556580182116,0,Familiar
sub-15,15,0,Not familiar,copacabana.wav,9.372018140589567,2.466199850266438,0.33904549653782956,0,Not familiar
sub-15,16,0,Not familiar,do as I'm doing.wav,11.67102040816327,3.861003861003864,0.20170872152213234,0,Not familiar
sub-15,17,0,Not familiar,hickory dickory dock.wav,7.077006802721089,2.613646970969844,0.4090997541842395,0,Not familiar
sub-15,18,0,Not familiar,baby love.wav,7.219002267573696,1.3646908975117098,0.48130725983793193,0,Not familiar
sub-15,19,1,Familiar,over the rainbow.wav,17.06698412698413,0.7779679477205548,0.4365158416268969,0,Familiar
sub-15,20,0,Not familiar,old gray mare.wav,9.33201814058957,3.2773453502662884,0.472522091848503,0,Not familiar
sub-15,21,0,Not familiar,cindy.wav,9.372018140589567,2.285513361462722,0.4072174994976219,0,Not familiar
sub-15,22,1,Familiar,clementine.wav,8.716009070294785,1.149954001839928,0.3907606077398899,0,Familiar
sub-15,23,0,Not familiar,my girl.wav,10.44498866213152,2.2143489813994757,0.3529238422399737,0,Not familiar
sub-15,24,1,Familiar,if you're happy and you know it.wav,9.09002267573696,3.1473533619456324,0.5090859421533388,1,Familiar
sub-15,25,0,Not familiar,popeye the sailorman.wav,7.546984126984127,3.161676646706587,0.40141213608770826,0,Not familiar
sub-15,26,0,Not familiar,bye baby bunting.wav,6.319002267573696,1.2523481527864766,0.34342860105866596,0,Not familiar
sub-15,27,0,Not familiar,eight days a week.wav,12.28399092970522,1.6657202347151192,0.45593375816229015,0,Not familiar
sub-15,28,1,Familiar,polly wolly doodle.wav,9.334013605442175,1.8542227716215656,0.46876758742734287,0,Familiar
sub-15,29,0,Not familiar,shoo fly.wav,9.372018140589567,1.8732906223071424,0.4273316583460498,0,Not familiar
sub-15,30,0,Not familiar,puff the magic dragon.wav,9.333015873015873,2.0531351373547353,0.36769648009429573,0,Not familiar
sub-15,31,0,Not familiar,billie jean.wav,8.305986394557824,1.8155881208663096,0.4287672694739579,0,Not familiar
sub-15,32,1,Familiar,oh susanna.wav,12.05800453514739,2.587970113119327,0.4441434552309915,0,Familiar
sub-15,33,0,Not familiar,in a gadda da vida.wav,8.306984126984126,1.6923488019951938,0.33944097529622974,0,Not familiar
sub-15,34,1,Familiar,the muffin man.wav,9.051020408163266,1.5252845242285535,0.36662197112051104,0,Familiar
sub-15,35,0,Not familiar,blow the man down.wav,8.491020408163266,2.06120894385446,0.48786466004037016,0,Not familiar
sub-15,36,0,Not familiar,oh where has my little dog gone.wav,8.02,3.3798896565435803,0.2947480476408495,0,Not familiar
sub-15,37,1,Familiar,this old man.wav,9.393015873015871,1.182102961167911,0.21349064795359576,0,Familiar
sub-15,38,0,Not familiar,happy trails.wav,9.331020408163266,2.0629190304280605,0.3505336984525492,0,Not familiar
sub-15,39,0,Not familiar,peter and the wolf.wav,10.82798185941043,1.6772127773118903,0.33934964080360913,0,Not familiar
sub-15,40,0,Not familiar,wouldn't it be nice.wav,8.018004535147393,1.8662213927904847,0.39046505194882386,0,Not familiar
sub-15,41,0,Not familiar,sugar sugar.wav,7.83501133786848,1.9154191239477856,0.5256080708360371,1,Not familiar
sub-15,42,1,Familiar,london bridge.wav,6.706984126984127,0.7262540851792275,0.4587995851761973,0,Familiar
sub-15,43,0,Not familiar,smoke on the water.wav,7.838004535147392,1.144874302342224,0.4410295512747835,0,Not familiar
sub-15,44,1,Familiar,buffalo gals.wav,9.331020408163266,1.2296971870676812,0.49396156468807195,0,Familiar
sub-15,45,0,Not familiar,peanuts.wav,10.50399092970522,3.0669620037484946,0.39466082327499113,0,Not familiar
sub-15,46,0,Not familiar,heigh-ho.wav,10.50299319727891,2.1528525296017227,0.26538248002409864,0,Not familiar
sub-15,47,1,Familiar,over the river and through the woods.wav,13.91301587301587,4.514842544866256,0.3800639878262435,0,Familiar
sub-15,48,0,Not familiar,great escape.wav,15.75002267573696,2.433807802935325,0.37126863828566287,0,Not familiar
sub-15,49,0,Not familiar,I've been working on the railroad.wav,9.311020408163266,2.7055754179147624,0.446157635028783,0,Not familiar
sub-15,50,0,Not familiar,I think I love you.wav,9.272018140589568,1.3431833445265275,0.4411684859459375,0,Not familiar
sub-15,51,1,Familiar,happy birthday.wav,7.078004535147392,0.6332453825857505,0.6414486935505529,1,Familiar
sub-15,52,1,Familiar,star spangled banner.wav,12.83800453514739,0.843921421538752,0.4527236591542082,0,Familiar
sub-15,53,0,Not familiar,be kind to your web-footed friend.wav,6.993015873015873,1.914180890094112,0.3790950829329176,0,Not familiar
sub-15,54,0,Not familiar,I think we're alone now.wav,6.298004535147392,2.2301778273372865,0.20891150054139934,0,Not familiar
sub-15,55,0,Not familiar,I feel fine.wav,10.69002267573696,3.037782418834247,0.5197412857084995,1,Not familiar
sub-15,56,1,Familiar,yankee doodle.wav,8.572018140589568,1.7089843750000222,0.5219878416100568,1,Familiar
sub-15,57,1,Familiar,bingo.wav,8.920997732426304,1.5706173734444764,0.443984516654497,0,Familiar
sub-15,58,1,Familiar,tequila.wav,9.256009070294784,2.3954964666426983,0.410796664785741,0,Familiar
sub-15,59,0,Not familiar,my favorite things.wav,13.92698412698413,3.263403263403262,0.4320618701033069,0,Not familiar
sub-15,60,0,Not familiar,a whole new world.wav,12.98798185941043,2.1902251064692786,0.316420623290506,0,Not familiar
sub-15,61,1,Familiar,super mario world.wav,12.28598639455782,4.3968648441980545,0.4381069856585263,0,Familiar
sub-15,62,0,Not familiar,good night ladies.wav,6.378004535147392,1.790688420214879,0.41534075124190045,0,Not familiar
sub-15,63,0,Not familiar,when the saints go marching in.wav,7.611020408163266,1.490729525761677,0.3927385529716189,0,Not familiar
sub-15,64,1,Familiar,do your ears hang low.wav,9.661995464852607,0.9223496858246392,0.4495039772178254,0,Familiar
sub-15,65,1,Familiar,alouette.wav,5.946984126984127,1.707941929974386,0.4362666198008597,0,Familiar
sub-15,66,0,Not familiar,there's a hole in the bucket.wav,7.365986394557823,2.590270942340554,0.4132823514922989,0,Not familiar
sub-15,67,0,Not familiar,let it be.wav,12.88199546485261,2.3728545440164464,0.4417450023398033,0,Not familiar
sub-15,68,1,Familiar,take me out to the ballgame.wav,6.194013605442177,0.6888746740146677,0.37379192003908973,0,Familiar
sub-15,69,1,Familiar,itsy bitsy spider.wav,9.802993197278912,1.8944377203599276,0.3530894344067077,0,Familiar
sub-15,70,0,Not familiar,michael row the boat ashore.wav,9.372018140589567,2.0108770165897485,0.343743994124811,0,Not familiar
sub-15,71,1,Familiar,row your boat.wav,7.035011337868481,0.6724384298562636,0.3057707717494764,0,Familiar
sub-15,72,1,Familiar,rock-a-bye baby.wav,13.92498866213152,1.276414692951367,0.34801357553283635,0,Familiar
sub-15,73,0,Not familiar,my bonnie lies over the ocean.wav,6.788979591836735,1.7953321364452328,0.41103909588535587,0,Not familiar
sub-15,74,0,Not familiar,louie louie.wav,8.860997732426304,2.1618282890673384,0.28596531504832273,0,Not familiar
sub-15,75,0,Not familiar,James Bond.wav,10.52199546485261,3.430849830775621,0.3407599794503005,0,Not familiar
sub-15,76,0,Not familiar,daisy bell.wav,8.062993197278912,2.647954455183372,0.4900724376917172,0,Not familiar
sub-16,0,1,Familiar,teddy bear picnic.wav,8.161995464852607,1.167776662713256,0.53622759953076,1,Familiar
sub-16,1,1,Familiar,angel is my centerfold (Example).wav,8.345986394557823,0.7248740531332679,0.5808645303355793,1,Familiar
sub-16,2,0,Not familiar,I feel fine.wav,10.69002267573696,3.169697690082808,0.5720244507830455,1,Not familiar
sub-16,3,1,Familiar,london bridge.wav,6.706984126984127,0.8195974865677083,0.5758690594382976,1,Familiar
sub-16,4,1,Familiar,oh where has my little dog gone.wav,8.02,2.0916450400898627,0.5032695361551415,1,Familiar
sub-16,5,1,Familiar,row your boat.wav,7.035011337868481,0.890392663164456,0.5521151209228271,1,Familiar
sub-16,6,0,Not familiar,I think we're alone now.wav,6.298004535147392,1.363424347888487,0.5829592974937379,1,Not familiar
sub-16,7,1,Familiar,ring around the rosie.wav,7.034013605442177,1.3419216317767046,0.475514834319335,0,Familiar
sub-16,8,1,Familiar,love and marriage.wav,8.71700680272109,1.4067789159009971,0.4944231694350916,0,Familiar
sub-16,9,0,Not familiar,blow the man down.wav,8.491020408163266,1.9586970406642523,0.4591440259093832,0,Not familiar
sub-16,10,1,Familiar,brahms lullaby.wav,12.28399092970522,0.7302231237322522,0.5827464355541712,1,Familiar
sub-16,11,1,Familiar,hot cross buns.wav,6.46,1.679437388474858,0.553209735049956,1,Familiar
sub-16,12,1,Familiar,over the river and through the woods.wav,13.91301587301587,2.7474962332712964,0.5090014325558206,1,Familiar
sub-16,13,0,Not familiar,peter and the wolf.wav,10.82798185941043,1.6846619189830772,0.5582872683201757,1,Not familiar
sub-16,14,1,Familiar,heigh-ho.wav,10.50299319727891,1.1041793187213604,0.6145144362234564,1,Familiar
sub-16,15,0,Not familiar,blowin' in the wind.wav,9.950022675736962,1.9036740909956165,0.5503873371564757,1,Not familiar
sub-16,16,1,Familiar,let it snow.wav,9.334013605442175,2.4994792751510166,0.5331239946938946,1,Familiar
sub-16,17,0,Not familiar,I think I love you.wav,9.272018140589568,1.0470812609850049,0.5453686647678575,1,Not familiar
sub-16,18,0,Not familiar,swing low sweet chariot.wav,9.66,2.509308725918734,0.5923122447272152,1,Not familiar
sub-16,19,1,Familiar,little jack horner.wav,6.793015873015873,3.6811869038986935,0.5821650243755747,1,Familiar
sub-16,20,0,Not familiar,good night ladies.wav,6.378004535147392,1.5599272033971765,0.5343322179630015,1,Not familiar
sub-16,21,0,Not familiar,you're a grand old flag.wav,9.33201814058957,3.131744889754114,0.5361201810534326,1,Not familiar
sub-16,22,0,Not familiar,clementine.wav,8.716009070294785,2.586318375792065,0.5513715510098933,1,Not familiar
sub-16,23,0,Not familiar,old gray mare.wav,9.33201814058957,3.8242745829150566,0.5696527163447881,1,Not familiar
sub-16,24,1,Familiar,iron man.wav,10.60498866213152,0.7244408222403328,0.5731552478780741,1,Familiar
sub-16,25,1,Familiar,hush little baby.wav,9.372018140589567,1.9045351743839996,0.5495008496570152,1,Familiar
sub-16,26,0,Not familiar,a spoonful of sugar.wav,8.531020408163265,1.3853413567686883,0.5683884094570241,1,Not familiar
sub-16,27,0,Not familiar,"hello mudduh, hello fadduh.wav",10.60199546485261,2.850469139712589,0.5056897924808056,1,Not familiar
sub-16,28,1,Familiar,rudolph.wav,9.33201814058957,0.8397312859884825,0.46534557305431395,0,Familiar
sub-16,29,1,Familiar,alouette.wav,5.946984126984127,1.250568440200092,0.5090926220923948,1,Familiar
sub-16,30,1,Familiar,my girl.wav,10.44498866213152,1.1224394350388145,0.5617263680771055,1,Familiar
sub-16,31,1,Familiar,popeye the sailorman.wav,7.546984126984127,1.918580250614548,0.5718752395858686,1,Familiar
sub-16,32,0,Not familiar,hickory dickory dock.wav,7.077006802721089,2.4716423180473983,0.5027123541232635,1,Not familiar
sub-16,33,0,Not familiar,wouldn't it be nice.wav,8.018004535147393,1.6263642199871595,0.5630813297119248,1,Not familiar
sub-16,34,0,Not familiar,down in my heart.wav,8.388979591836735,1.6828306983747383,0.578034136999941,1,Not familiar
sub-16,35,0,Not familiar,puff the magic dragon.wav,9.333015873015873,2.154243860405005,0.5584456847931916,1,Not familiar
sub-16,36,0,Not familiar,do wah ditty.wav,7.758004535147392,2.48939179632248,0.5292777468747253,1,Not familiar
sub-16,37,1,Familiar,James Bond.wav,10.52199546485261,1.4089086376937288,0.5572171520553162,1,Familiar
sub-16,38,1,Familiar,peanuts.wav,10.50399092970522,0.6926578270334419,0.5917439299370391,1,Familiar
sub-16,39,0,Not familiar,rubber duckie.wav,10.64399092970521,1.9898121617319384,0.533489195428179,1,Not familiar
sub-16,40,1,Familiar,a whole new world.wav,12.98798185941043,0.5410279531109092,0.5714725870199263,1,Familiar
sub-16,41,0,Not familiar,home on the range.wav,13.08498866213152,3.0411313008439356,0.5491921899738644,1,Not familiar
sub-16,42,0,Not familiar,michael row the boat ashore.wav,9.372018140589567,1.9238336758340175,0.4604897031622937,0,Not familiar
sub-16,43,1,Familiar,old mcdonald.wav,9.046984126984126,0.770840215835259,0.5229669316794997,1,Familiar
sub-16,44,0,Not familiar,oh susanna.wav,12.05800453514739,4.097292062427835,0.5062736725014606,1,Not familiar
sub-16,45,0,Not familiar,a-tisket a-tasket.wav,10.41800453514739,5.02444932932575,0.5674824890826264,1,Not familiar
sub-16,46,1,Familiar,jimmy crack corn.wav,9.063990929705216,1.172390210541742,0.5966316648114727,1,Familiar
sub-16,47,0,Not familiar,cindy.wav,9.372018140589567,2.4442982043809214,0.6024284540143952,1,Not familiar
sub-16,48,1,Familiar,she'll be coming 'round the mountain.wav,8.86,2.7590773645293254,0.5612101637760702,1,Familiar
sub-16,49,0,Not familiar,eight days a week.wav,12.28399092970522,1.7257609036711576,0.5871686651125114,1,Not familiar
sub-16,50,1,Familiar,ring of fire.wav,9.04498866213152,1.310850265149266,0.5321183590409687,1,Familiar
sub-16,51,0,Not familiar,the bare necessities.wav,8.511020408163265,2.601430786932809,0.5770103995667054,1,Not familiar
sub-16,52,0,Not familiar,yankee doodle.wav,8.572018140589568,2.6586905948820077,0.5463764548469313,1,Not familiar
sub-16,53,1,Familiar,I've been working on the railroad.wav,9.311020408163266,1.338894896750614,0.5681012128043387,1,Familiar
sub-16,54,0,Not familiar,sesame street.wav,9.885986394557824,1.6723961720709788,0.5304920250877944,1,Not familiar
sub-16,55,1,Familiar,this old man.wav,9.393015873015871,0.5407159078620118,0.5471709255862504,1,Familiar
sub-16,56,1,Familiar,chicken dance.wav,5.946984126984127,2.531936931752768,0.5123152794864682,1,Familiar
sub-16,57,1,Familiar,buffalo gals.wav,9.331020408163266,1.1630507716394534,0.5801410081421464,1,Familiar
sub-16,58,0,Not familiar,let it be.wav,12.88199546485261,2.4408103490358917,0.4957428084115798,0,Not familiar
sub-16,59,1,Familiar,john jacob jingleheimerschmidt.wav,9.928979591836734,3.0985233599612725,0.5642292507832158,1,Familiar
sub-16,60,1,Familiar,amazing grace.wav,8.674013605442177,1.2027773221802962,0.5815591318894011,1,Familiar
sub-16,61,1,Familiar,skip to my lou.wav,8.863990929705215,1.4623994600371228,0.510714460053343,1,Familiar
sub-16,62,1,Familiar,get ready.wav,7.080997732426304,2.093663911845746,0.5710299127380769,1,Familiar
sub-16,63,0,Not familiar,all my loving.wav,11.52498866213152,1.5847289753286455,0.5168808709848507,1,Not familiar
sub-16,64,0,Not familiar,YMCA.wav,14.33501133786848,2.7767628790646803,0.47349072261732444,0,Not familiar
sub-16,65,0,Not familiar,when the saints go marching in.wav,7.611020408163266,1.6937490075689383,0.5617897924401194,1,Not familiar
sub-16,66,1,Familiar,bingo.wav,8.920997732426304,1.904421829435207,0.5271392137497752,1,Familiar
sub-16,67,1,Familiar,smoke on the water.wav,7.838004535147392,0.7451564828614005,0.6220151852777,1,Familiar
sub-16,68,0,Not familiar,billie jean.wav,8.305986394557824,2.180685358255453,0.572583151207868,1,Not familiar
sub-16,69,0,Not familiar,can't help falling in love.wav,13.4990022675737,1.3723173102580746,0.5707645127373839,1,Not familiar
sub-16,70,0,Not familiar,over the rainbow.wav,17.06698412698413,1.4673046251993662,0.510485434662851,1,Not familiar
sub-16,71,1,Familiar,take me out to the ballgame.wav,6.194013605442177,0.7488633324418228,0.46587466787434384,0,Familiar
sub-16,72,1,Familiar,tequila.wav,9.256009070294784,1.6605384889099897,0.5342330598857957,1,Familiar
sub-16,73,0,Not familiar,bye baby bunting.wav,6.319002267573696,1.3635410111181048,0.4631322437997797,0,Not familiar
sub-16,74,1,Familiar,for he's a jolly good fellow.wav,7.117006802721089,1.094341343303997,0.5314791030268465,1,Familiar
sub-16,75,0,Not familiar,daisy bell.wav,8.062993197278912,1.9749185346104563,0.5017883092762647,1,Not familiar
sub-16,76,1,Familiar,star spangled banner.wav,12.83800453514739,0.9042499748819371,0.5355552558905116,1,Familiar
sub-16,77,1,Familiar,sugar sugar.wav,7.83501133786848,1.3298337707786505,0.497331484922547,0,Familiar
sub-16,78,0,Not familiar,everlasting love.wav,8.305986394557824,2.143936071724416,0.5436800241830888,1,Not familiar
sub-16,79,1,Familiar,do your ears hang low.wav,9.661995464852607,2.220618442236173,0.5481191405460608,1,Familiar
sub-16,80,1,Familiar,if you're happy and you know it.wav,9.09002267573696,2.374109708859165,0.5496084785835281,1,Familiar
sub-16,81,0,Not familiar,happy trails.wav,9.331020408163266,2.7313923893475827,0.6108368736790989,1,Not familiar
sub-17,0,1,Familiar,my country 'tis of thee.wav,14.21201814058957,0.957821639927479,0.4411192566709529,0,Familiar
sub-17,1,1,Familiar,amazing grace.wav,8.674013605442177,0.5450652131594316,0.4489744033547163,0,Familiar
sub-17,2,1,Familiar,my bonnie lies over the ocean.wav,6.788979591836735,0.889108421832551,0.4299918017412747,0,Familiar
sub-17,3,1,Familiar,on top of old smokey.wav,12.79700680272109,0.6558093780741064,0.4516092736314782,0,Familiar
sub-17,4,1,Familiar,mary had a little lamb.wav,9.045986394557824,0.5620082427875616,0.46166520430352576,0,Familiar
sub-17,5,1,Familiar,another one bites the dust.wav,12.46897959183674,0.9054325955734408,0.4506376938054894,0,Familiar
sub-17,6,1,Familiar,billie jean.wav,8.305986394557824,1.4407624958439549,0.4273473780802324,0,Familiar
sub-17,7,1,Familiar,sesame street.wav,9.885986394557824,0.7680912931365543,0.528930507572971,1,Familiar
sub-17,8,1,Familiar,eight days a week.wav,12.28399092970522,0.2986746313235023,0.4698531768805211,0,Familiar
sub-17,9,1,Familiar,copacabana.wav,9.372018140589567,0.9246417013407284,0.4421704103026803,0,Familiar
sub-17,10,1,Familiar,pop goes the weasel.wav,7.075011337868481,0.8345503859795549,0.6300686029019472,1,Familiar
sub-17,11,1,Familiar,it's a small world.wav,9.291020408163265,0.5565759447876668,0.5285298901663497,1,Familiar
sub-17,12,1,Familiar,my girl.wav,10.44498866213152,0.838725137790558,0.5271811922542464,1,Familiar
sub-17,13,0,Not familiar,"hello mudduh, hello fadduh.wav",10.60199546485261,3.0152016416097873,0.5014290411294341,1,Not familiar
sub-17,14,1,Familiar,the muffin man.wav,9.051020408163266,0.5263434917627237,0.497699911819175,0,Familiar
sub-17,15,1,Familiar,down in my heart.wav,8.388979591836735,1.238390092879258,0.45015889662528735,0,Familiar
sub-17,16,1,Familiar,heigh-ho.wav,10.50299319727891,0.8657071745482051,0.5447462235287521,1,Familiar
sub-17,17,1,Familiar,home on the range.wav,13.08498866213152,1.519651861573533,0.46860134258388253,0,Familiar
sub-17,18,1,Familiar,over the rainbow.wav,17.06698412698413,0.4508566275924258,0.4422324602937288,0,Familiar
sub-17,19,1,Familiar,if you're happy and you know it.wav,9.09002267573696,1.819836214740672,0.4521127858494334,0,Familiar
sub-17,20,0,Not familiar,old king cole.wav,9.353015873015874,3.50279276720629,0.40223199750616745,0,Not familiar
sub-17,21,1,Familiar,I think we're alone now.wav,6.298004535147392,2.2866770971235937,0.39808147324841686,0,Familiar
sub-17,22,1,Familiar,hickory dickory dock.wav,7.077006802721089,1.054504712317933,0.45735665706873757,0,Familiar
sub-17,23,1,Familiar,can't help falling in love.wav,13.4990022675737,1.4516421702050455,0.40970309100370866,0,Familiar
sub-17,24,1,Familiar,daisy bell.wav,8.062993197278912,0.7432181345224864,0.4590996376580062,0,Familiar
sub-17,25,1,Familiar,old mcdonald.wav,9.046984126984126,0.7619462283661687,0.5045829725305733,1,Familiar
sub-17,26,1,Familiar,everlasting love.wav,8.305986394557824,0.75,0.532956681463525,1,Familiar
sub-17,27,1,Familiar,she'll be coming 'round the mountain.wav,8.86,1.268163804491409,0.438887119121109,0,Familiar
sub-17,28,1,Familiar,alouette.wav,5.946984126984127,0.752841978468725,0.4582151242239704,0,Familiar
sub-17,29,1,Familiar,tequila.wav,9.256009070294784,0.5873427634477009,0.4763992245206174,0,Familiar
sub-17,30,1,Familiar,jimmy crack corn.wav,9.063990929705216,1.058271049672595,0.4462552871393786,0,Familiar
sub-17,31,1,Familiar,cindy.wav,9.372018140589567,1.667075263544988,0.44562141980154407,0,Familiar
sub-17,32,1,Familiar,there's a hole in the bucket.wav,7.365986394557823,1.9443094229567457,0.5340310644402754,1,Familiar
sub-17,33,1,Familiar,do-re-mi.wav,12.94399092970522,0.6628474030585644,0.4643246564159275,0,Familiar
sub-17,34,1,Familiar,iron man.wav,10.60498866213152,1.7685699848408294,0.485513062528127,0,Familiar
sub-17,35,1,Familiar,wouldn't it be nice.wav,8.018004535147393,0.6904646827314808,0.5290888335714491,1,Familiar
sub-17,36,1,Familiar,michael row the boat ashore.wav,9.372018140589567,0.9288824383163994,0.48893779595956294,0,Familiar
sub-17,37,0,Not familiar,do wah ditty.wav,7.758004535147392,2.1269396239184015,0.5192485380650692,1,Not familiar
sub-17,38,1,Familiar,shoo fly.wav,9.372018140589567,0.8116059653038474,0.4781606590305183,0,Familiar
sub-17,39,1,Familiar,blowin' in the wind.wav,9.950022675736962,0.7386069872220998,0.4478332729245531,0,Familiar
sub-17,40,1,Familiar,oh susanna.wav,12.05800453514739,1.3048635824436523,0.40750586557670193,0,Familiar
sub-17,41,1,Familiar,great escape.wav,15.75002267573696,0.438428234778318,0.4490679300602376,0,Familiar
sub-17,42,1,Familiar,do your ears hang low.wav,9.661995464852607,0.834550385979559,0.48040902235309507,0,Familiar
sub-17,43,1,Familiar,a spoonful of sugar.wav,8.531020408163265,1.082641645615303,0.46511246021127334,0,Familiar
sub-17,44,1,Familiar,angel is my centerfold (Example).wav,8.345986394557823,0.8035893658340592,0.3996027154592077,0,Familiar
sub-17,45,1,Familiar,ob la di ob la da.wav,14.81401360544218,1.4065934065934067,0.5077905517541424,1,Familiar
sub-17,46,1,Familiar,star spangled banner.wav,12.83800453514739,0.4782114890310228,0.4919235219334227,0,Familiar
sub-17,47,1,Familiar,rock-a-bye baby.wav,13.92498866213152,0.7327541086569666,0.4461400287886029,0,Familiar
sub-17,48,1,Familiar,peter and the wolf.wav,10.82798185941043,0.426371049405742,0.5138691022186556,1,Familiar
sub-17,49,0,Not familiar,peanuts.wav,10.50399092970522,3.2740666636351254,0.5161723516118526,1,Not familiar
sub-17,50,1,Familiar,america the beautiful.wav,9.33201814058957,1.842150710955054,0.5447996048038599,1,Familiar
sub-17,51,1,Familiar,YMCA.wav,14.33501133786848,2.6448466815439193,0.5082867286865544,1,Familiar
sub-17,52,1,Familiar,camptown races.wav,8.305986394557824,0.6799086979748469,0.41662540099513523,0,Familiar
sub-17,53,1,Familiar,the farmer in the dell.wav,6.994013605442177,0.7502438292445073,0.4861631493360498,0,Familiar
sub-17,54,0,Not familiar,sugar sugar.wav,7.83501133786848,1.7669487584859969,0.4649117801237025,0,Not familiar
sub-17,55,1,Familiar,when the saints go marching in.wav,7.611020408163266,1.1343495214462942,0.4759083626480058,0,Familiar
sub-17,56,1,Familiar,get ready.wav,7.080997732426304,2.6620819699406653,0.5147235072768334,1,Familiar
sub-17,57,1,Familiar,chicken dance.wav,5.946984126984127,1.0262424864389346,0.4200902397550565,0,Familiar
sub-17,58,1,Familiar,itsy bitsy spider.wav,9.802993197278912,0.8762322015334104,0.5439322599523861,1,Familiar
sub-17,59,1,Familiar,swing low sweet chariot.wav,9.66,1.88726723704077,0.4520587434199219,0,Familiar
sub-17,60,1,Familiar,brahms lullaby.wav,12.28399092970522,0.4909421179242933,0.4505822985745286,0,Familiar
sub-17,61,1,Familiar,smooth criminal.wav,8.348979591836734,1.3049588436057031,0.45731652559593683,0,Familiar
sub-17,62,1,Familiar,bye baby bunting.wav,6.319002267573696,1.2387309889202438,0.49495058703325384,0,Familiar
sub-17,63,1,Familiar,I think I love you.wav,9.272018140589568,1.0946907498631648,0.4280866803871424,0,Familiar
sub-17,64,1,Familiar,baby love.wav,7.219002267573696,1.4525139664804396,0.4848108022073727,0,Familiar
sub-17,65,1,Familiar,louie louie.wav,8.860997732426304,1.4293006636038854,0.41863404429720585,0,Familiar
sub-17,66,1,Familiar,I feel fine.wav,10.69002267573696,1.143837575064336,0.5043535509447066,1,Familiar
sub-17,67,1,Familiar,clementine.wav,8.716009070294785,0.5713819280058782,0.24700631069638193,0,Familiar
sub-17,68,1,Familiar,skip to my lou.wav,8.863990929705215,0.7833482542524588,0.4411273482988008,0,Familiar
sub-17,69,1,Familiar,froggy went a-courtin'.wav,12.20498866213152,1.5531238969290544,0.4502957669962848,0,Familiar
sub-17,70,1,Familiar,blow the man down.wav,8.491020408163266,1.3135809676713153,0.4464152802008621,0,Familiar
sub-17,71,1,Familiar,three blind mice.wav,13.92798185941043,0.3118503118503117,0.4594836571391256,0,Familiar
sub-17,72,1,Familiar,in a gadda da vida.wav,8.306984126984126,0.9317183548515864,0.5047450645149631,1,Familiar
sub-17,73,1,Familiar,happy birthday.wav,7.078004535147392,0.792288392975045,0.5431782137772858,1,Familiar
sub-17,74,1,Familiar,polly wolly doodle.wav,9.334013605442175,1.063829787234038,0.48489893118513616,0,Familiar
sub-17,75,1,Familiar,are you sleeping brother john.wav,9.376009070294783,0.8733624454148465,0.4387944459830024,0,Familiar
sub-17,76,1,Familiar,James Bond.wav,10.52199546485261,2.63244488318527,0.5432694638914338,1,Familiar
sub-17,77,1,Familiar,smoke on the water.wav,7.838004535147392,0.8833922261484123,0.47398985116289316,0,Familiar
sub-17,78,1,Familiar,bingo.wav,8.920997732426304,1.0821925220496729,0.5678209899548229,1,Familiar
sub-17,79,1,Familiar,good night ladies.wav,6.378004535147392,1.451466586029627,0.4468449532710526,0,Familiar
sub-17,80,1,Familiar,love and marriage.wav,8.71700680272109,0.985161012252941,0.5208265630097855,1,Familiar
sub-17,81,0,Not familiar,the bare necessities.wav,8.511020408163265,2.443035001174553,0.5074214536889325,1,Not familiar
sub-17,82,0,Not familiar,happy trails.wav,9.331020408163266,2.0186264164793295,0.4984825102186759,0,Not familiar
sub-17,83,1,Familiar,love me tender.wav,9.331020408163266,0.9459459459459344,0.49534721722541697,0,Familiar
sub-17,84,1,Familiar,you're a grand old flag.wav,9.33201814058957,0.6413134098634066,0.5037815825404811,1,Familiar
sub-17,85,1,Familiar,john jacob jingleheimerschmidt.wav,9.928979591836734,1.296176279974071,0.5163253999987826,1,Familiar
sub-17,86,1,Familiar,eye of the tiger.wav,8.305986394557824,1.6938898971566876,0.49341927234091104,0,Familiar
sub-17,87,1,Familiar,this old man.wav,9.393015873015871,0.5898834980091411,0.5029863754239131,1,Familiar
sub-17,88,1,Familiar,teddy bear picnic.wav,8.161995464852607,1.3678954927843636,0.43125432521624263,0,Familiar
sub-17,89,1,Familiar,over the river and through the woods.wav,13.91301587301587,2.3889511011571516,0.5007045816229582,1,Familiar
sub-17,90,1,Familiar,london bridge.wav,6.706984126984127,0.6237006237006234,0.4986870574019987,0,Familiar
sub-17,91,1,Familiar,ring of fire.wav,9.04498866213152,1.6142050040354967,0.550673747640863,1,Familiar
sub-17,92,0,Not familiar,all my loving.wav,11.52498866213152,1.869238285398701,0.4908697978300252,0,Not familiar
sub-17,93,1,Familiar,a whole new world.wav,12.98798185941043,0.6900120752113131,0.581893889279293,1,Familiar
sub-17,94,1,Familiar,muppet show.wav,8.53201814058957,1.0951188986232896,0.519817615909372,1,Familiar
sub-17,95,1,Familiar,little jack horner.wav,6.793015873015873,0.6310001352143111,0.503590424530758,1,Familiar
sub-17,96,0,Not familiar,rubber duckie.wav,10.64399092970521,2.065859604181302,0.4846789924671739,0,Not familiar
sub-17,97,1,Familiar,puff the magic dragon.wav,9.333015873015873,2.18125162295509,0.4564240201404732,0,Familiar
sub-17,98,1,Familiar,hush little baby.wav,9.372018140589567,0.9196341899555468,0.42842181449507777,0,Familiar
sub-18,0,0,Not familiar,a whole new world.wav,12.98798185941043,0.8187276366062222,0.5165396183949972,1,Not familiar
sub-18,1,0,Not familiar,shoo fly.wav,9.372018140589567,1.463229053876094,0.5062468661820739,1,Not familiar
sub-18,2,0,Not familiar,do wah ditty.wav,7.758004535147392,1.478941884306411,0.4401859133320401,0,Not familiar
sub-18,3,0,Not familiar,love me do.wav,12.46798185941043,1.9874905009645176,0.570421741728758,1,Not familiar
sub-18,4,0,Not familiar,alouette.wav,5.946984126984127,0.9202082576583118,0.6066632270969161,1,Not familiar
sub-18,5,0,Not familiar,let it snow.wav,9.334013605442175,2.438033319788701,0.5174642312107995,1,Not familiar
sub-18,6,0,Not familiar,home on the range.wav,13.08498866213152,2.5709419288491806,0.4826202170019779,0,Not familiar
sub-18,7,0,Not familiar,old gray mare.wav,9.33201814058957,2.2010675177461065,0.6192928714816743,1,Not familiar
sub-18,8,0,Not familiar,when the saints go marching in.wav,7.611020408163266,1.6345711804668746,0.5018314315781528,1,Not familiar
sub-18,9,0,Not familiar,happy trails.wav,9.331020408163266,1.5855284494252473,0.4858288239487835,0,Not familiar
sub-18,10,0,Not familiar,peter and the wolf.wav,10.82798185941043,1.4223831382944347,0.573674112666388,1,Not familiar
sub-18,11,0,Not familiar,you're a grand old flag.wav,9.33201814058957,2.3244856290246556,0.7114533509058574,1,Not familiar
sub-18,12,0,Not familiar,itsy bitsy spider.wav,9.802993197278912,3.3804437731506436,0.5847969984297247,1,Not familiar
sub-18,13,0,Not familiar,super mario world.wav,12.28598639455782,3.789032105280968,0.5283802359361187,1,Not familiar
sub-18,14,0,Not familiar,over the rainbow.wav,17.06698412698413,1.309422146313692,0.6169144355909328,1,Not familiar
sub-18,15,0,Not familiar,heigh-ho.wav,10.50299319727891,1.47987933291593,0.5894107834790802,1,Not familiar
sub-18,16,0,Not familiar,hickory dickory dock.wav,7.077006802721089,2.7659784648819548,0.4307826606656391,0,Not familiar
sub-18,17,0,Not familiar,muppet show.wav,8.53201814058957,2.6519988213338617,0.5337861514436215,1,Not familiar
sub-18,18,0,Not familiar,down in my heart.wav,8.388979591836735,1.9291298608995855,0.5264540849694994,1,Not familiar
sub-18,19,0,Not familiar,smooth criminal.wav,8.348979591836734,3.0490460841536606,0.47250080383998233,0,Not familiar
sub-18,20,0,Not familiar,my bonnie lies over the ocean.wav,6.788979591836735,1.5577037613964355,0.5942548596837239,1,Not familiar
sub-18,21,0,Not familiar,bingo.wav,8.920997732426304,2.859903381642512,0.6158664586841728,1,Not familiar
sub-18,22,0,Not familiar,america the beautiful.wav,9.33201814058957,2.125398512221045,0.5328341448137812,1,Not familiar
sub-18,23,0,Not familiar,do your ears hang low.wav,9.661995464852607,4.3488318297478585,0.6065946657564256,1,Not familiar
sub-18,24,0,Not familiar,my girl.wav,10.44498866213152,1.8133023863059432,0.5225999561855198,1,Not familiar
sub-18,25,0,Not familiar,baby love.wav,7.219002267573696,1.4649152790663578,0.5344987666638417,1,Not familiar
sub-18,26,0,Not familiar,eight days a week.wav,12.28399092970522,1.5234402049719515,0.546466609451628,1,Not familiar
sub-18,27,0,Not familiar,oh susanna.wav,12.05800453514739,4.883029253784338,0.5052844296669113,1,Not familiar
sub-18,28,0,Not familiar,tequila.wav,9.256009070294784,2.8702640642939157,0.5042800497671881,1,Not familiar
sub-18,29,0,Not familiar,love me tender.wav,9.331020408163266,2.120890774125148,0.5093163948735774,1,Not familiar
sub-18,30,0,Not familiar,the farmer in the dell.wav,6.994013605442177,1.8447224895732963,0.5207321570947964,1,Not familiar
sub-18,31,0,Not familiar,a-tisket a-tasket.wav,10.41800453514739,3.755868544600947,0.2366620111730327,0,Not familiar
sub-18,32,0,Not familiar,camptown races.wav,8.305986394557824,1.5017577391719863,0.4615985431057204,0,Not familiar
sub-18,33,0,Not familiar,I feel fine.wav,10.69002267573696,3.7320395596193454,0.4826141849902444,0,Not familiar
sub-18,34,0,Not familiar,mickey mouse march.wav,4.778004535147392,3.211991434689516,0.6045977329962786,1,Not familiar
sub-18,35,0,Not familiar,the brady bunch.wav,9.331020408163266,1.5179442697603764,0.48256747567467273,0,Not familiar
sub-18,36,0,Not familiar,pop goes the weasel.wav,7.075011337868481,2.878554766985938,0.5208361651427971,1,Not familiar
sub-18,37,0,Not familiar,three blind mice.wav,13.92798185941043,3.294214535721659,0.3990808394303351,0,Not familiar
sub-18,38,0,Not familiar,the bare necessities.wav,8.511020408163265,1.9563581640330965,0.6847094610405844,1,Not familiar
sub-18,39,0,Not familiar,YMCA.wav,14.33501133786848,2.5464048783756614,0.5954637849069137,1,Not familiar
sub-18,40,0,Not familiar,bye baby bunting.wav,6.319002267573696,1.4170481796381111,0.5338404978550232,1,Not familiar
sub-18,41,0,Not familiar,I think I love you.wav,9.272018140589568,1.0293739200764669,0.6139889440920249,1,Not familiar
sub-18,42,0,Not familiar,over the river and through the woods.wav,13.91301587301587,4.270082732852965,0.4529606794015648,0,Not familiar
sub-18,43,0,Not familiar,michael row the boat ashore.wav,9.372018140589567,1.412338704500225,0.4682763131753585,0,Not familiar
sub-18,44,0,Not familiar,on top of old smokey.wav,12.79700680272109,1.7733354828308794,0.5718797466407808,1,Not familiar
sub-18,45,0,Not familiar,there's a hole in the bucket.wav,7.365986394557823,2.5197802751600253,0.5608465884055619,1,Not familiar
sub-18,46,0,Not familiar,she'll be coming 'round the mountain.wav,8.86,2.1419828641370864,0.5174751172957591,1,Not familiar
sub-18,47,0,Not familiar,clementine.wav,8.716009070294785,1.7986689849511268,0.4888944964836482,0,Not familiar
sub-18,48,0,Not familiar,oh where has my little dog gone.wav,8.02,3.821298117448755,0.5337425008506852,1,Not familiar
sub-18,49,0,Not familiar,can't help falling in love.wav,13.4990022675737,1.5483870967741935,0.6565731925585888,1,Not familiar
sub-18,50,0,Not familiar,blowin' in the wind.wav,9.950022675736962,1.703287344575019,0.5111180193408669,1,Not familiar
sub-18,51,0,Not familiar,billie jean.wav,8.305986394557824,2.0596312279325404,0.1878334761242553,0,Not familiar
sub-18,52,0,Not familiar,puff the magic dragon.wav,9.333015873015873,2.6005096999011688,0.4444377291653428,0,Not familiar
sub-18,53,0,Not familiar,do-re-mi.wav,12.94399092970522,1.98898952228734,0.6117153987630793,1,Not familiar
sub-18,54,0,Not familiar,louie louie.wav,8.860997732426304,1.6947784682430846,0.638855204691546,1,Not familiar
sub-18,55,0,Not familiar,do as I'm doing.wav,11.67102040816327,4.339092004821196,0.4886845812335371,0,Not familiar
sub-18,56,0,Not familiar,ring around the rosie.wav,7.034013605442177,2.151308712800297,0.43977138500529034,0,Not familiar
sub-18,57,0,Not familiar,teddy bear picnic.wav,8.161995464852607,2.9907939623346724,0.5084318148226333,1,Not familiar
sub-18,58,0,Not familiar,skip to my lou.wav,8.863990929705215,2.041899783558616,0.4759702210520502,0,Not familiar
sub-18,59,0,Not familiar,"hello mudduh, hello fadduh.wav",10.60199546485261,3.2532080245798185,0.4570111512808729,0,Not familiar
sub-18,60,0,Not familiar,popeye the sailorman.wav,7.546984126984127,2.088475412948542,0.6484017391718998,1,Not familiar
sub-18,61,0,Not familiar,rock-a-bye baby.wav,13.92498866213152,2.498058940687975,0.4291805065346781,0,Not familiar
sub-18,62,0,Not familiar,get ready.wav,7.080997732426304,2.169491525423729,0.7262368143146627,1,Not familiar
sub-18,63,0,Not familiar,hot cross buns.wav,6.46,1.5539305301645423,0.43838146448081067,0,Not familiar
sub-18,64,0,Not familiar,this old man.wav,9.393015873015871,3.0265771304265643,0.506308238322772,1,Not familiar
sub-18,65,0,Not familiar,wouldn't it be nice.wav,8.018004535147393,1.5250632098567156,0.41148305124128637,0,Not familiar
sub-18,66,0,Not familiar,chicken dance.wav,5.946984126984127,2.473410833539461,0.41814905782865625,0,Not familiar
sub-18,67,0,Not familiar,daisy bell.wav,8.062993197278912,2.0016012810248274,0.4275394415817287,0,Not familiar
sub-19,0,1,Familiar,skip to my lou.wav,8.863990929705215,0.4596050269299818,0.5005691023337877,1,Familiar
sub-19,1,1,Familiar,if you're happy and you know it.wav,9.09002267573696,1.5585532326543774,0.5734482601393789,1,Familiar
sub-19,2,1,Familiar,all my loving.wav,11.52498866213152,0.7678615057066084,0.5673424565456066,1,Familiar
sub-19,3,0,Not familiar,a spoonful of sugar.wav,8.531020408163265,0.9625507595127084,0.5766262260539526,1,Not familiar
sub-19,4,0,Not familiar,louie louie.wav,8.860997732426304,1.2949773378965872,0.4982435226232442,0,Not familiar
sub-19,5,0,Not familiar,muppet show.wav,8.53201814058957,1.5522593997930316,0.473024845326162,0,Not familiar
sub-19,6,1,Familiar,can't help falling in love.wav,13.4990022675737,0.7416897039983809,0.5473342277500896,1,Familiar
sub-19,7,1,Familiar,pop goes the weasel.wav,7.075011337868481,0.8149959250203759,0.4759904487489432,0,Familiar
sub-19,8,1,Familiar,smooth criminal.wav,8.348979591836734,1.9575457270447132,0.5518210581705689,1,Familiar
sub-19,9,0,Not familiar,america the beautiful.wav,9.33201814058957,1.609843040303573,0.5149878533077611,1,Not familiar
sub-19,10,0,Not familiar,copacabana.wav,9.372018140589567,1.6740904606738205,0.5545758648394706,1,Not familiar
sub-19,11,1,Familiar,do-re-mi.wav,12.94399092970522,0.4661732999242468,0.48673521927421703,0,Familiar
sub-19,12,0,Not familiar,shoo fly.wav,9.372018140589567,1.5557906528097565,0.5331759072539077,1,Not familiar
sub-19,13,0,Not familiar,I think I love you.wav,9.272018140589568,0.9048019130097616,0.49373883361693843,0,Not familiar
sub-19,14,0,Not familiar,love me do.wav,12.46798185941043,1.5219337511190667,0.5390013012916927,1,Not familiar
sub-19,15,1,Familiar,this old man.wav,9.393015873015871,0.4868104785955523,0.5518018536534663,1,Familiar
sub-19,16,0,Not familiar,get ready.wav,7.080997732426304,1.7471699486768857,0.4970523404695466,0,Not familiar
sub-19,17,1,Familiar,the muffin man.wav,9.051020408163266,0.9875846501128636,0.5324657044443462,1,Familiar
sub-19,18,0,Not familiar,billie jean.wav,8.305986394557824,1.1571841851494709,0.5344767913463466,1,Not familiar
sub-19,19,1,Familiar,do wah ditty.wav,7.758004535147392,1.5489140000704031,0.4896171066041358,0,Familiar
sub-19,20,0,Not familiar,James Bond.wav,10.52199546485261,2.291802161726905,0.4959393231902508,0,Not familiar
sub-19,21,1,Familiar,be kind to your web-footed friend.wav,6.993015873015873,0.8174943797261387,0.5231943083832986,1,Familiar
sub-19,22,0,Not familiar,oh where has my little dog gone.wav,8.02,2.6093630084420623,0.5647825117553272,1,Not familiar
sub-19,23,1,Familiar,sugar sugar.wav,7.83501133786848,1.7932987258140587,0.4828216358260432,0,Familiar
sub-19,24,0,Not familiar,cindy.wav,9.372018140589567,1.8895348837209316,0.4521755863786813,0,Not familiar
sub-19,25,0,Not familiar,bye baby bunting.wav,6.319002267573696,1.1234984011753495,0.5050594498308811,1,Not familiar
sub-19,26,1,Familiar,jimmy crack corn.wav,9.063990929705216,1.1921040636723834,0.5293781314170359,1,Familiar
sub-19,27,0,Not familiar,love and marriage.wav,8.71700680272109,1.5046393045222817,0.4974480750149318,0,Not familiar
sub-19,28,0,Not familiar,my girl.wav,10.44498866213152,1.649348507339598,0.4607526301812651,0,Not familiar
sub-19,29,1,Familiar,it's a small world.wav,9.291020408163265,0.4522986463347659,0.4691246590095663,0,Familiar
sub-19,30,1,Familiar,daisy bell.wav,8.062993197278912,1.4078558355624369,0.5055945019040062,1,Familiar
sub-19,31,1,Familiar,hot cross buns.wav,6.46,0.5460601758313803,0.49089667505238854,0,Familiar
sub-19,32,0,Not familiar,you're a grand old flag.wav,9.33201814058957,2.626721567513841,0.46654949540744084,0,Not familiar
sub-19,33,1,Familiar,swing low sweet chariot.wav,9.66,2.230631348336983,0.5036375751144941,1,Familiar
sub-19,34,1,Familiar,tequila.wav,9.256009070294784,1.1180679785330856,0.4865671605496446,0,Familiar
sub-19,35,0,Not familiar,YMCA.wav,14.33501133786848,2.559525814164956,0.46960271335005543,0,Not familiar
sub-19,36,0,Not familiar,blow the man down.wav,8.491020408163266,1.751046821469358,0.49583672083996333,0,Not familiar
sub-19,37,1,Familiar,super mario world.wav,12.28598639455782,1.728608470181508,0.5643843400971006,1,Familiar
sub-19,38,1,Familiar,are you sleeping brother john.wav,9.376009070294783,1.094854185328951,0.48469044613864576,0,Familiar
sub-19,39,1,Familiar,teddy bear picnic.wav,8.161995464852607,1.6034634811192232,0.5173587990306775,1,Familiar
sub-19,40,1,Familiar,amazing grace.wav,8.674013605442177,0.5925340707090672,0.5050634847340442,1,Familiar
sub-19,41,0,Not familiar,great escape.wav,15.75002267573696,1.79503916449086,0.5299471167680377,1,Not familiar
sub-19,42,0,Not familiar,there's a hole in the bucket.wav,7.365986394557823,1.766971763791213,0.5556112008349577,1,Not familiar
sub-19,43,0,Not familiar,my country 'tis of thee.wav,14.21201814058957,2.4012416176169062,0.5244739976629903,1,Not familiar
sub-19,44,0,Not familiar,old king cole.wav,9.353015873015874,3.012170798225261,0.4851175126646899,0,Not familiar
sub-19,45,0,Not familiar,good night ladies.wav,6.378004535147392,1.438389004315166,0.47932373011197477,0,Not familiar
sub-19,46,1,Familiar,london bridge.wav,6.706984126984127,0.4802414928649866,0.5736153475758188,1,Familiar
sub-19,47,0,Not familiar,let it be.wav,12.88199546485261,2.3209036051369254,0.45410239603768165,0,Not familiar
sub-19,48,1,Familiar,smoke on the water.wav,7.838004535147392,0.5526388505111924,0.5173322716018611,1,Familiar
sub-19,49,1,Familiar,mary had a little lamb.wav,9.045986394557824,0.3071017274472165,0.5000845246826527,1,Familiar
sub-19,50,0,Not familiar,hickory dickory dock.wav,7.077006802721089,2.5846949136896593,0.4782751269314394,0,Not familiar
sub-19,51,1,Familiar,down in my heart.wav,8.388979591836735,1.325536062378163,0.4793708312613442,0,Familiar
sub-19,52,1,Familiar,three blind mice.wav,13.92798185941043,0.4552697473252919,0.4379759442857738,0,Familiar
sub-19,53,0,Not familiar,rubber duckie.wav,10.64399092970521,1.7411289480098835,0.5097912630026097,1,Not familiar
sub-19,54,1,Familiar,iron man.wav,10.60498866213152,1.7718715393134052,0.48859031587662866,0,Familiar
sub-19,55,1,Familiar,yankee doodle.wav,8.572018140589568,0.857298729639154,0.4297944880503809,0,Familiar
sub-19,56,1,Familiar,ring around the rosie.wav,7.034013605442177,0.923218956762582,0.4230771682302854,0,Familiar
sub-19,57,1,Familiar,oh susanna.wav,12.05800453514739,2.791833885883793,0.4834479463505433,0,Familiar
sub-19,58,0,Not familiar,do as I'm doing.wav,11.67102040816327,3.468208092485538,0.44556791802881807,0,Not familiar
sub-19,59,1,Familiar,the farmer in the dell.wav,6.994013605442177,1.5694480774261044,0.4980578621774857,0,Familiar
sub-19,60,1,Familiar,I've been working on the railroad.wav,9.311020408163266,1.4526762766789658,0.4199497192536953,0,Familiar
sub-19,61,1,Familiar,brahms lullaby.wav,12.28399092970522,0.895054822107853,0.46544382270525636,0,Familiar
sub-20,0,0,Not familiar,smoke on the water.wav,7.838004535147392,0.5714285714285714,0.5058307734422727,1,Not familiar
sub-20,1,0,Not familiar,let it be.wav,12.88199546485261,1.9866234024236809,0.45690898943233565,0,Not familiar
sub-20,2,0,Not familiar,iron man.wav,10.60498866213152,2.115581255950073,0.09870497888044188,0,Not familiar
sub-20,3,0,Not familiar,london bridge.wav,6.706984126984127,2.305364775947358,0.5184822696678468,1,Not familiar
sub-20,4,0,Not familiar,john jacob jingleheimerschmidt.wav,9.928979591836734,3.442199729541455,0.5147247774374022,1,Not familiar
sub-20,5,0,Not familiar,down in my heart.wav,8.388979591836735,1.6845465023494997,0.5292101067273266,1,Not familiar
sub-20,6,0,Not familiar,michael row the boat ashore.wav,9.372018140589567,2.0233606180446944,0.5612864356615697,1,Not familiar
sub-20,7,0,Not familiar,copacabana.wav,9.372018140589567,2.7200310860695596,0.5607131007266912,1,Not familiar
sub-20,8,0,Not familiar,a spoonful of sugar.wav,8.531020408163265,1.4919806042521422,0.5732315912258309,1,Not familiar
sub-20,9,0,Not familiar,oh susanna.wav,12.05800453514739,4.379852677682668,0.5540730285266183,1,Not familiar
sub-20,10,0,Not familiar,another one bites the dust.wav,12.46897959183674,3.054341831756666,0.520715413564718,1,Not familiar
sub-20,11,0,Not familiar,peter and the wolf.wav,10.82798185941043,1.9629712246263644,0.5508457280645459,1,Not familiar
sub-20,12,0,Not familiar,eye of the tiger.wav,8.305986394557824,2.544124662108449,0.5533432661045153,1,Not familiar
sub-20,13,0,Not familiar,chicken dance.wav,5.946984126984127,3.1277367696734664,0.5970891711979817,1,Not familiar
sub-20,14,0,Not familiar,heigh-ho.wav,10.50299319727891,2.258807176056637,0.5444246314270931,1,Not familiar
sub-20,15,0,Not familiar,shoo fly.wav,9.372018140589567,1.9249278152069365,0.44367398399032876,0,Not familiar
sub-20,16,0,Not familiar,hush little baby.wav,9.372018140589567,3.4306907742234505,0.3858258164974416,0,Not familiar
sub-20,17,0,Not familiar,there's a hole in the bucket.wav,7.365986394557823,2.336666978222261,0.4960394225957433,0,Not familiar
sub-20,18,0,Not familiar,baby love.wav,7.219002267573696,1.354952350842331,0.5991499216459634,1,Not familiar
sub-20,19,1,Familiar,muppet show.wav,8.53201814058957,1.3111447302067547,0.60076324763551,1,Familiar
sub-20,20,0,Not familiar,hot cross buns.wav,6.46,1.905509163257304,0.568656879054227,1,Not familiar
sub-20,21,0,Not familiar,my bonnie lies over the ocean.wav,6.788979591836735,1.9988242210464444,0.5812110739522409,1,Not familiar
sub-20,22,0,Not familiar,little jack horner.wav,6.793015873015873,3.4755134281200615,0.4614815187277128,0,Not familiar
sub-20,23,0,Not familiar,sugar sugar.wav,7.83501133786848,1.8021436023902104,0.547596609900116,1,Not familiar
sub-20,24,1,Familiar,buffalo gals.wav,9.331020408163266,2.577630996012732,0.6074579166218161,1,Familiar
sub-20,25,1,Familiar,clementine.wav,8.716009070294785,1.6274128656028222,0.5354782133836128,1,Familiar
sub-20,26,0,Not familiar,smooth criminal.wav,8.348979591836734,3.447936163924733,0.5160805655562573,1,Not familiar
sub-20,27,0,Not familiar,do wah ditty.wav,7.758004535147392,2.2702646922243335,0.4751771734394021,0,Not familiar
sub-20,28,1,Familiar,old mcdonald.wav,9.046984126984126,1.0535095035336488,0.620760707888483,1,Familiar
sub-20,29,0,Not familiar,star spangled banner.wav,12.83800453514739,2.1398613369853647,0.5162924396809278,1,Not familiar
sub-20,30,0,Not familiar,alouette.wav,5.946984126984127,2.129567361578115,0.47783954311313603,0,Not familiar
sub-20,31,0,Not familiar,in a gadda da vida.wav,8.306984126984126,2.1541950113378703,0.48647478052250354,0,Not familiar
sub-20,32,0,Not familiar,swing low sweet chariot.wav,9.66,3.0135121998639125,0.5358921903913946,1,Not familiar
sub-20,33,0,Not familiar,america the beautiful.wav,9.33201814058957,3.055767761650111,0.5696372688780689,1,Not familiar
sub-20,34,0,Not familiar,teddy bear picnic.wav,8.161995464852607,3.634092328658227,0.5344805642014464,1,Not familiar
sub-20,35,0,Not familiar,yankee doodle.wav,8.572018140589568,2.467069033878149,0.5807655355810964,1,Not familiar
sub-20,36,0,Not familiar,a-tisket a-tasket.wav,10.41800453514739,5.524861878452994,0.5736734685222789,1,Not familiar
sub-20,37,0,Not familiar,a whole new world.wav,12.98798185941043,2.462604888726755,0.5853269269142936,1,Not familiar
sub-20,38,0,Not familiar,rubber duckie.wav,10.64399092970521,2.30701794859964,0.46803495271481244,0,Not familiar
sub-20,39,1,Familiar,if you're happy and you know it.wav,9.09002267573696,2.621231979030135,0.5889696984337445,1,Familiar
sub-20,40,0,Not familiar,my favorite things.wav,13.92698412698413,3.5124398912816277,0.5409700644757974,1,Not familiar
sub-20,41,0,Not familiar,blow the man down.wav,8.491020408163266,2.47245364149422,0.5948679440159556,1,Not familiar
sub-20,42,1,Familiar,do-re-mi.wav,12.94399092970522,1.3131976362442603,0.4077877338312437,0,Familiar
sub-20,43,0,Not familiar,love and marriage.wav,8.71700680272109,1.8789144050104305,0.5870914799917116,1,Not familiar
sub-20,44,1,Familiar,I've been working on the railroad.wav,9.311020408163266,2.3665638338334096,0.5776004260522389,1,Familiar
sub-20,45,0,Not familiar,James Bond.wav,10.52199546485261,3.2201914708442096,0.4862161149440924,0,Not familiar
sub-20,46,1,Familiar,are you sleeping brother john.wav,9.376009070294783,2.4004993038552076,0.579969930099005,1,Familiar
sub-20,47,1,Familiar,row your boat.wav,7.035011337868481,1.0494681104803718,0.5695986419173212,1,Familiar
sub-20,48,0,Not familiar,over the rainbow.wav,17.06698412698413,1.7115005394947382,0.6030473820507757,1,Not familiar
sub-20,49,0,Not familiar,"hello mudduh, hello fadduh.wav",10.60199546485261,3.6757198284664145,0.5603137149719548,1,Not familiar
sub-20,50,1,Familiar,you're a grand old flag.wav,9.33201814058957,2.8550280215713246,0.48330803969136216,0,Familiar
sub-20,51,0,Not familiar,bye baby bunting.wav,6.319002267573696,1.6438009736359604,0.5357730810746973,1,Not familiar
sub-20,52,0,Not familiar,happy trails.wav,9.331020408163266,2.3948184836444724,0.573512926928416,1,Not familiar
sub-20,53,0,Not familiar,puff the magic dragon.wav,9.333015873015873,2.510670348983183,0.5112117745539956,1,Not familiar
sub-20,54,0,Not familiar,oh where has my little dog gone.wav,8.02,4.005183178230636,0.5774794434734475,1,Not familiar
sub-20,55,0,Not familiar,rudolph.wav,9.33201814058957,2.420208743004074,0.45787181953230954,0,Not familiar
sub-20,56,1,Familiar,when the saints go marching in.wav,7.611020408163266,1.5873015873015988,0.5456664936151027,1,Familiar
sub-20,57,0,Not familiar,be kind to your web-footed friend.wav,6.993015873015873,2.086472701982133,0.6042916068421872,1,Not familiar
sub-20,58,0,Not familiar,take me out to the ballgame.wav,6.194013605442177,1.2185405633406765,0.5745576174689674,1,Not familiar
sub-20,59,1,Familiar,polly wolly doodle.wav,9.334013605442175,2.680801803448484,0.6127154248941232,1,Familiar
sub-20,60,1,Familiar,super mario world.wav,12.28598639455782,3.824487053594514,0.5651620857777574,1,Familiar
sub-20,61,0,Not familiar,on top of old smokey.wav,12.79700680272109,2.002822158496058,0.6052637448433357,1,Not familiar
sub-20,62,0,Not familiar,peanuts.wav,10.50399092970522,3.591380686352753,0.5031756105133229,1,Not familiar
sub-20,63,0,Not familiar,hickory dickory dock.wav,7.077006802721089,2.7744748315497465,0.5738660479310206,1,Not familiar
sub-20,64,0,Not familiar,sesame street.wav,9.885986394557824,1.722570457916656,0.6053462526336113,1,Not familiar
sub-20,65,0,Not familiar,home on the range.wav,13.08498866213152,3.492077349513276,0.5216899822486438,1,Not familiar
sub-20,66,0,Not familiar,the brady bunch.wav,9.331020408163266,2.2154235678868983,0.5736180356789443,1,Not familiar
sub-20,67,1,Familiar,my country 'tis of thee.wav,14.21201814058957,3.1318030783332707,0.46938639977680685,0,Familiar
sub-20,68,0,Not familiar,do as I'm doing.wav,11.67102040816327,5.041075429424949,0.497357698904822,0,Not familiar
sub-20,69,1,Familiar,do your ears hang low.wav,9.661995464852607,2.7827248441674324,0.6140702395815376,1,Familiar
sub-20,70,0,Not familiar,it's a small world.wav,9.291020408163265,1.0994188785927406,0.5229328428042057,1,Not familiar
sub-20,71,0,Not familiar,for he's a jolly good fellow.wav,7.117006802721089,3.3571583279185484,0.5707697473613786,1,Not familiar
sub-20,72,0,Not familiar,ob la di ob la da.wav,14.81401360544218,2.8378265587179716,0.5526077923983918,1,Not familiar
sub-20,73,1,Familiar,over the river and through the woods.wav,13.91301587301587,3.4724166900027966,0.6567044629004533,1,Familiar
sub-20,74,0,Not familiar,daisy bell.wav,8.062993197278912,2.312673450508812,0.6103680921741583,1,Not familiar
sub-20,75,0,Not familiar,louie louie.wav,8.860997732426304,2.084367245657559,0.5831074501861644,1,Not familiar
sub-20,76,0,Not familiar,good night ladies.wav,6.378004535147392,2.3130300693908903,0.5580983783493577,1,Not familiar
sub-20,77,0,Not familiar,rock-a-bye baby.wav,13.92498866213152,3.1306849430976933,0.4939951717899688,0,Not familiar
sub-20,78,0,Not familiar,love me tender.wav,9.331020408163266,2.1907804655408407,0.5748016189634111,1,Not familiar
sub-20,79,0,Not familiar,everlasting love.wav,8.305986394557824,2.3052339288520995,0.6109228679186001,1,Not familiar
sub-20,80,0,Not familiar,tequila.wav,9.256009070294784,2.836208934058146,0.5787973056189786,1,Not familiar
sub-20,81,0,Not familiar,all my loving.wav,11.52498866213152,2.1618434628801824,0.5434632704345642,1,Not familiar
sub-20,82,0,Not familiar,YMCA.wav,14.33501133786848,2.9967272583888525,0.6277281130553262,1,Not familiar
sub-20,83,0,Not familiar,brahms lullaby.wav,12.28399092970522,2.3736263736263736,0.5895525428241106,1,Not familiar
sub-20,84,0,Not familiar,I think I love you.wav,9.272018140589568,1.4854899464162608,0.5987348616639621,1,Not familiar
sub-20,85,1,Familiar,mary had a little lamb.wav,9.045986394557824,2.418623400181396,0.5556165209737339,1,Familiar
sub-21,0,1,Familiar,over the rainbow.wav,17.06698412698413,0.6084684491212998,0.6091545021152648,1,Familiar
sub-21,1,0,Not familiar,do wah ditty.wav,7.758004535147392,1.4147455065753514,0.6050296456539721,1,Not familiar
sub-21,2,0,Not familiar,all my loving.wav,11.52498866213152,1.397446484151687,0.5892414313654775,1,Not familiar
sub-21,3,0,Not familiar,oh where has my little dog gone.wav,8.02,2.671695741002672,0.5446308997028521,1,Not familiar
sub-21,4,0,Not familiar,eight days a week.wav,12.28399092970522,1.3939048343154012,0.5689610090169157,1,Not familiar
sub-21,5,0,Not familiar,I've been working on the railroad.wav,9.311020408163266,1.7304780445598102,0.5180516636022522,1,Not familiar
sub-21,6,0,Not familiar,the muffin man.wav,9.051020408163266,2.478863264131733,0.5874196055962808,1,Not familiar
sub-21,7,0,Not familiar,louie louie.wav,8.860997732426304,1.7822286344733955,0.595045651180189,1,Not familiar
sub-21,8,0,Not familiar,everlasting love.wav,8.305986394557824,1.707080504364696,0.4018876725356401,0,Not familiar
sub-21,9,0,Not familiar,the farmer in the dell.wav,6.994013605442177,1.889970828711122,0.5852890074469523,1,Not familiar
sub-21,10,0,Not familiar,do as I'm doing.wav,11.67102040816327,4.5067601402103055,0.6152530547880639,1,Not familiar
sub-21,11,0,Not familiar,there's a hole in the bucket.wav,7.365986394557823,2.2353361945636627,0.5116713974879884,1,Not familiar
sub-21,12,0,Not familiar,good night ladies.wav,6.378004535147392,1.6948354597241242,0.5662147391518323,1,Not familiar
sub-21,13,0,Not familiar,hickory dickory dock.wav,7.077006802721089,2.684049079754597,0.5671191554293168,1,Not familiar
sub-21,14,0,Not familiar,buffalo gals.wav,9.331020408163266,2.155825782328965,0.5441754892038521,1,Not familiar
sub-21,15,0,Not familiar,get ready.wav,7.080997732426304,2.4477307496175404,0.27400170453470174,0,Not familiar
sub-21,16,0,Not familiar,camptown races.wav,8.305986394557824,1.3438397165719886,0.21092177293840209,0,Not familiar
sub-21,17,0,Not familiar,blow the man down.wav,8.491020408163266,2.1176687229536895,0.4159225583749819,0,Not familiar
sub-21,18,0,Not familiar,let it be.wav,12.88199546485261,2.1133457785918015,0.5455340613595455,1,Not familiar
sub-21,19,0,Not familiar,little jack horner.wav,6.793015873015873,3.112767061264919,0.49425988670290877,0,Not familiar
sub-21,20,0,Not familiar,it's a small world.wav,9.291020408163265,1.1288046764765192,0.510897773250736,1,Not familiar
sub-21,21,0,Not familiar,take me out to the ballgame.wav,6.194013605442177,1.415967759503316,0.5700287954766129,1,Not familiar
sub-21,22,0,Not familiar,polly wolly doodle.wav,9.334013605442175,3.5861103822268894,0.5152808366351999,1,Not familiar
sub-21,23,1,Familiar,happy trails.wav,9.331020408163266,1.3540961408260015,0.5047678489311722,1,Familiar
sub-21,24,1,Familiar,london bridge.wav,6.706984126984127,2.3937138991517948,0.5399957858423009,1,Familiar
sub-21,25,1,Familiar,James Bond.wav,10.52199546485261,2.210921954454996,0.4349600442415324,0,Familiar
sub-21,26,1,Familiar,another one bites the dust.wav,12.46897959183674,1.050420168067229,0.5335736908265426,1,Familiar
sub-21,27,0,Not familiar,blowin' in the wind.wav,9.950022675736962,1.5585427625170487,0.5719705506833341,1,Not familiar
sub-21,28,0,Not familiar,home on the range.wav,13.08498866213152,2.910149145143688,0.545578231041473,1,Not familiar
sub-21,29,0,Not familiar,if you're happy and you know it.wav,9.09002267573696,4.190003847962716,0.6113066572417015,1,Not familiar
sub-21,30,0,Not familiar,sugar sugar.wav,7.83501133786848,1.5038189085440656,0.46830914232668025,0,Not familiar
sub-21,31,0,Not familiar,rock-a-bye baby.wav,13.92498866213152,2.7607819728398773,0.6181128550222449,1,Not familiar
sub-21,32,0,Not familiar,are you sleeping brother john.wav,9.376009070294783,2.576904493477209,0.48808961394128486,0,Not familiar
sub-21,33,1,Familiar,row your boat.wav,7.035011337868481,1.2542814414588233,0.5186772949036527,1,Familiar
sub-21,34,0,Not familiar,smoke on the water.wav,7.838004535147392,0.9349799368888548,0.46462220928066905,0,Not familiar
sub-21,35,0,Not familiar,the brady bunch.wav,9.331020408163266,1.903380766790535,0.48342915335191666,0,Not familiar
sub-21,36,0,Not familiar,yankee doodle.wav,8.572018140589568,2.9236712958128854,0.3980511099447514,0,Not familiar
sub-21,37,0,Not familiar,in a gadda da vida.wav,8.306984126984126,1.754062038404728,0.6023125798946515,1,Not familiar
sub-21,38,0,Not familiar,I think we're alone now.wav,6.298004535147392,1.754547973035376,0.5863611043183077,1,Not familiar
sub-21,39,0,Not familiar,michael row the boat ashore.wav,9.372018140589567,1.8662255588073124,0.350979643783726,0,Not familiar
sub-21,40,1,Familiar,brahms lullaby.wav,12.28399092970522,1.3942140118508193,0.5176200751967035,1,Familiar
sub-21,41,0,Not familiar,heigh-ho.wav,10.50299319727891,2.0279229389283167,0.5244588253570757,1,Not familiar
sub-21,42,0,Not familiar,my bonnie lies over the ocean.wav,6.788979591836735,1.4352653130144746,0.5832172179467424,1,Not familiar
sub-21,43,0,Not familiar,my country 'tis of thee.wav,14.21201814058957,2.946672416271384,0.5542036967856488,1,Not familiar
sub-21,44,0,Not familiar,cindy.wav,9.372018140589567,2.250692520775619,0.5517825170349422,1,Not familiar
sub-21,45,1,Familiar,hot cross buns.wav,6.46,0.6765899864682016,0.4678050076179484,0,Familiar
sub-21,46,0,Not familiar,down in my heart.wav,8.388979591836735,1.5732383870166435,0.567808866682308,1,Not familiar
sub-21,47,0,Not familiar,alouette.wav,5.946984126984127,1.5435232950160498,0.5389016504702256,1,Not familiar
sub-21,48,0,Not familiar,puff the magic dragon.wav,9.333015873015873,2.0776198786669964,0.5511477234707202,1,Not familiar
sub-21,49,0,Not familiar,a spoonful of sugar.wav,8.531020408163265,1.4300397729811891,0.5462264518565635,1,Not familiar
sub-21,50,1,Familiar,happy birthday.wav,7.078004535147392,1.9069412662089769,0.49514863702914563,0,Familiar
sub-21,51,0,Not familiar,teddy bear picnic.wav,8.161995464852607,2.6081995272638587,0.5664196704440971,1,Not familiar
sub-21,52,1,Familiar,peanuts.wav,10.50399092970522,1.0122921185827798,0.41053845085098245,0,Familiar
sub-21,53,0,Not familiar,copacabana.wav,9.372018140589567,2.511661284535337,0.5611812669233573,1,Not familiar
sub-21,54,0,Not familiar,shoo fly.wav,9.372018140589567,2.278111900856584,0.6200545342013971,1,Not familiar
sub-21,55,0,Not familiar,popeye the sailorman.wav,7.546984126984127,3.2983508245877076,0.5106313715094066,1,Not familiar
sub-21,56,0,Not familiar,love and marriage.wav,8.71700680272109,1.433235130185528,0.2958840521123511,0,Not familiar
sub-21,57,0,Not familiar,america the beautiful.wav,9.33201814058957,2.182725288431541,0.2533820736969553,0,Not familiar
sub-21,58,0,Not familiar,great escape.wav,15.75002267573696,2.276882740538874,0.23551994798540357,0,Not familiar
sub-21,59,0,Not familiar,itsy bitsy spider.wav,9.802993197278912,3.5406229989830154,0.5297200186453368,1,Not familiar
sub-21,60,0,Not familiar,you're a grand old flag.wav,9.33201814058957,2.8821811100291908,0.4876020009370979,0,Not familiar
sub-21,61,0,Not familiar,love me tender.wav,9.331020408163266,2.246454813497454,0.4467038029679613,0,Not familiar
sub-21,62,0,Not familiar,muppet show.wav,8.53201814058957,2.5524673851389736,0.5026043312645282,1,Not familiar
sub-21,63,0,Not familiar,smooth criminal.wav,8.348979591836734,3.003905076599565,0.5314812412078239,1,Not familiar
sub-21,64,1,Familiar,old mcdonald.wav,9.046984126984126,1.3291244392756427,0.48603998649826596,0,Familiar
sub-21,65,1,Familiar,rudolph.wav,9.33201814058957,0.8320411482167835,0.5564107536590905,1,Familiar
sub-21,66,0,Not familiar,baby love.wav,7.219002267573696,1.4007564084605593,0.553513932801398,1,Not familiar
sub-21,67,0,Not familiar,oh susanna.wav,12.05800453514739,4.18967815654163,0.43042165076844174,0,Not familiar
sub-21,68,0,Not familiar,jimmy crack corn.wav,9.063990929705216,2.4298056155507384,0.4366506545377789,0,Not familiar
sub-21,69,0,Not familiar,super mario world.wav,12.28598639455782,4.265691651432077,0.49552965764502604,0,Not familiar
sub-21,70,0,Not familiar,mickey mouse march.wav,4.778004535147392,2.740195238910764,0.5392719187166624,1,Not familiar
sub-21,71,0,Not familiar,I feel fine.wav,10.69002267573696,3.585514521333828,0.5665059388627063,1,Not familiar
sub-21,72,1,Familiar,YMCA.wav,14.33501133786848,1.7658245042107932,0.5245144571269179,1,Familiar
sub-21,73,1,Familiar,do your ears hang low.wav,9.661995464852607,2.5544415352193823,0.5113417588840068,1,Familiar
sub-21,74,0,Not familiar,john jacob jingleheimerschmidt.wav,9.928979591836734,3.805726712577001,0.6489164407799284,1,Not familiar
sub-21,75,0,Not familiar,swing low sweet chariot.wav,9.66,3.533166172783223,0.47139456426147586,0,Not familiar
sub-22,0,1,Familiar,peter and the wolf.wav,10.82798185941043,0.276250031392049,0.5135861556442328,1,Familiar
sub-22,1,1,Familiar,star spangled banner.wav,12.83800453514739,0.2608582235554978,0.529698189639753,1,Familiar
sub-22,2,1,Familiar,little jack horner.wav,6.793015873015873,1.6851329148586578,0.37894807582093204,0,Familiar
sub-22,3,1,Familiar,amazing grace.wav,8.674013605442177,0.4725029531434568,0.5500969468269943,1,Familiar
sub-22,4,1,Familiar,do-re-mi.wav,12.94399092970522,0.4663712981778215,0.403965806001038,0,Familiar
sub-22,5,1,Familiar,old mcdonald.wav,9.046984126984126,0.591515970931215,0.49384710625821626,0,Familiar
sub-22,6,1,Familiar,polly wolly doodle.wav,9.334013605442175,1.7521171415460346,0.5192998826867542,1,Familiar
sub-22,7,1,Familiar,chicken dance.wav,5.946984126984127,0.4442329049658886,0.47106541191267787,0,Familiar
sub-22,8,0,Not familiar,all my loving.wav,11.52498866213152,1.3346680013346686,0.4628733956630715,0,Not familiar
sub-22,9,1,Familiar,hush little baby.wav,9.372018140589567,0.5971634735008701,0.7594186881799095,1,Familiar
sub-22,10,1,Familiar,row your boat.wav,7.035011337868481,0.6610633676456701,0.5154887992824899,1,Familiar
sub-22,11,0,Not familiar,old king cole.wav,9.353015873015874,2.2902417133484008,0.47560970497588073,0,Not familiar
sub-22,12,0,Not familiar,happy trails.wav,9.331020408163266,1.3613018996349235,0.5358468624122323,1,Not familiar
sub-22,13,1,Familiar,shoo fly.wav,9.372018140589567,0.9435742592942036,0.4101336245270931,0,Familiar
sub-22,14,1,Familiar,clementine.wav,8.716009070294785,0.4655029093931848,0.46953669248996804,0,Familiar
sub-22,15,1,Familiar,puff the magic dragon.wav,9.333015873015873,0.8259343382201104,0.39216050447054657,0,Familiar
sub-22,16,1,Familiar,rock-a-bye baby.wav,13.92498866213152,0.31640563202025,0.548828988673657,1,Familiar
sub-22,17,1,Familiar,my bonnie lies over the ocean.wav,6.788979591836735,1.1330950928266352,0.347327371558242,0,Familiar
sub-22,18,1,Familiar,happy birthday.wav,7.078004535147392,0.5466223295221616,0.5532803165114409,1,Familiar
sub-22,19,0,Not familiar,baby love.wav,7.219002267573696,1.237164419151304,0.5758668866613276,1,Not familiar
sub-22,20,1,Familiar,get ready.wav,7.080997732426304,0.8113590263691672,0.519497264368544,1,Familiar
sub-22,21,1,Familiar,this old man.wav,9.393015873015871,0.2079693869062476,0.5260205882851606,1,Familiar
sub-22,22,0,Not familiar,good night ladies.wav,6.378004535147392,1.4293087703974263,0.45244096328738126,0,Not familiar
sub-22,23,1,Familiar,pop goes the weasel.wav,7.075011337868481,0.7628007500874051,0.5764296635557692,1,Familiar
sub-22,24,0,Not familiar,over the river and through the woods.wav,13.91301587301587,4.343547456649353,0.34673383878507225,0,Not familiar
sub-22,25,0,Not familiar,a-tisket a-tasket.wav,10.41800453514739,3.417864445054777,0.5888184121354129,1,Not familiar
sub-22,26,1,Familiar,my country 'tis of thee.wav,14.21201814058957,2.16297159020008,0.5578968870732027,1,Familiar
sub-22,27,1,Familiar,do as I'm doing.wav,11.67102040816327,0.6640736173038577,0.5291866031754016,1,Familiar
sub-22,28,1,Familiar,copacabana.wav,9.372018140589567,0.8371703641691128,0.5930068179076534,1,Familiar
sub-22,29,1,Familiar,there's a hole in the bucket.wav,7.365986394557823,0.5525052660658161,0.5453077980565041,1,Familiar
sub-22,30,0,Not familiar,popeye the sailorman.wav,7.546984126984127,2.6144826493424267,0.5565113712112209,1,Not familiar
sub-22,31,0,Not familiar,eight days a week.wav,12.28399092970522,1.5764958796130373,0.5890736536253162,1,Not familiar
sub-22,32,1,Familiar,mickey mouse march.wav,4.778004535147392,1.6470588235294117,0.5412413764335359,1,Familiar
sub-22,33,1,Familiar,london bridge.wav,6.706984126984127,0.595010412682222,0.47224757859142147,0,Familiar
sub-22,34,1,Familiar,she'll be coming 'round the mountain.wav,8.86,2.521686503933834,0.5378543918815979,1,Familiar
sub-22,35,0,Not familiar,hickory dickory dock.wav,7.077006802721089,1.7055491259060698,0.6013135554741573,1,Not familiar
sub-22,36,1,Familiar,for he's a jolly good fellow.wav,7.117006802721089,1.1368804001819093,0.5238508258180283,1,Familiar
sub-22,37,0,Not familiar,home on the range.wav,13.08498866213152,2.176337767621534,0.5651720757290787,1,Not familiar
sub-22,38,1,Familiar,tequila.wav,9.256009070294784,0.581733566026757,0.5643853071981859,1,Familiar
sub-22,39,0,Not familiar,love me tender.wav,9.331020408163266,2.0475195154203827,0.5248027870920817,1,Not familiar
sub-22,40,1,Familiar,peanuts.wav,10.50399092970522,0.5350931953982002,0.5181747597067667,1,Familiar
sub-22,41,1,Familiar,do your ears hang low.wav,9.661995464852607,0.8273351534706718,0.5510696729490272,1,Familiar
sub-22,42,0,Not familiar,you're a grand old flag.wav,9.33201814058957,2.8156152499809592,0.5280352712931823,1,Not familiar
sub-22,43,1,Familiar,sugar sugar.wav,7.83501133786848,1.1245782831438311,0.5620395101683282,1,Familiar
sub-22,44,0,Not familiar,I think I love you.wav,9.272018140589568,1.0747735298633447,0.5111382142048115,1,Not familiar
sub-22,45,0,Not familiar,the bare necessities.wav,8.511020408163265,1.8913217429257352,0.49173408556251336,0,Not familiar
sub-22,46,1,Familiar,down in my heart.wav,8.388979591836735,1.121453403611081,0.5105888971807261,1,Familiar
sub-22,47,0,Not familiar,oh where has my little dog gone.wav,8.02,2.9041212897715183,0.5843017289525961,1,Not familiar
sub-22,48,0,Not familiar,camptown races.wav,8.305986394557824,1.990409843481408,0.6103761848190048,1,Not familiar
sub-22,49,1,Familiar,angel is my centerfold (Example).wav,8.345986394557823,0.4003336113427838,0.414395420345708,0,Familiar
sub-22,50,0,Not familiar,the brady bunch.wav,9.331020408163266,1.961700140121452,0.49841359225704696,0,Not familiar
sub-22,51,1,Familiar,it's a small world.wav,9.291020408163265,0.9979486610855444,0.4668048431629087,0,Familiar
sub-22,52,0,Not familiar,america the beautiful.wav,9.33201814058957,2.120810452565804,0.5256090761478491,1,Not familiar
sub-22,53,0,Not familiar,James Bond.wav,10.52199546485261,3.0390143737166153,0.5664247652254034,1,Not familiar
sub-22,54,1,Familiar,hot cross buns.wav,6.46,0.3846523704202327,0.5609260422534066,1,Familiar
sub-22,55,1,Familiar,bingo.wav,8.920997732426304,0.7702511874705835,0.5039968604961937,1,Familiar
sub-22,56,0,Not familiar,ob la di ob la da.wav,14.81401360544218,2.5385448165154707,0.5796109407804794,1,Not familiar
sub-22,57,1,Familiar,are you sleeping brother john.wav,9.376009070294783,1.192199608277278,0.5602294911793224,1,Familiar
sub-22,58,1,Familiar,the farmer in the dell.wav,6.994013605442177,2.0776277268863805,0.4914361197991737,0,Familiar
sub-22,59,1,Familiar,daisy bell.wav,8.062993197278912,0.9386586567794616,0.5428618366422543,1,Familiar
sub-22,60,0,Not familiar,great escape.wav,15.75002267573696,1.9800198001980105,0.5569111785949424,1,Not familiar
sub-22,61,1,Familiar,in a gadda da vida.wav,8.306984126984126,0.6737895851381263,0.5921358343029492,1,Familiar
sub-22,62,1,Familiar,a spoonful of sugar.wav,8.531020408163265,0.9332711152589784,0.5675619835444607,1,Familiar
sub-22,63,1,Familiar,ring of fire.wav,9.04498866213152,1.0714981492304734,0.5452438596978744,1,Familiar
sub-22,64,1,Familiar,brahms lullaby.wav,12.28399092970522,0.6326444538169523,0.5829049787511356,1,Familiar
sub-22,65,0,Not familiar,muppet show.wav,8.53201814058957,2.3652052034514575,0.5598443430362832,1,Not familiar
sub-22,66,1,Familiar,a whole new world.wav,12.98798185941043,0.7326454606508376,0.6116837976652231,1,Familiar
sub-23,0,1,Familiar,are you sleeping brother john.wav,9.376009070294783,0.4947433518862089,0.19460500860657004,0,Familiar
sub-23,1,0,Not familiar,I think I love you.wav,9.272018140589568,0.8521516829995738,0.22731041640304292,0,Not familiar
sub-23,2,0,Not familiar,cindy.wav,9.372018140589567,1.6110043992812433,0.3578519768277543,0,Not familiar
sub-23,3,1,Familiar,the bare necessities.wav,8.511020408163265,1.6186770428015564,0.26357813123156965,0,Familiar
sub-23,4,0,Not familiar,america the beautiful.wav,9.33201814058957,1.7772135829895277,0.26100343002098964,0,Not familiar
sub-23,5,0,Not familiar,ring of fire.wav,9.04498866213152,1.183837502725942,0.2968648722957143,0,Not familiar
sub-23,6,0,Not familiar,over the river and through the woods.wav,13.91301587301587,1.2404783594673698,0.30402980593365625,0,Not familiar
sub-23,7,0,Not familiar,bingo.wav,8.920997732426304,2.181603773584901,0.35961900468787905,0,Not familiar
sub-23,8,1,Familiar,rubber duckie.wav,10.64399092970521,1.3243980610812411,0.3709577828529818,0,Familiar
sub-23,9,0,Not familiar,let it be.wav,12.88199546485261,1.9912385503783312,0.3558791166875421,0,Not familiar
sub-23,10,1,Familiar,sesame street.wav,9.885986394557824,0.5572582892170533,0.37931376923508403,0,Familiar
sub-23,11,1,Familiar,wouldn't it be nice.wav,8.018004535147393,1.1779950524207805,0.3039087237198157,0,Familiar
sub-23,12,0,Not familiar,all my loving.wav,11.52498866213152,1.6099524332235615,0.37543943962108167,0,Not familiar
sub-23,13,0,Not familiar,do as I'm doing.wav,11.67102040816327,3.8115404976177825,0.3949580628134289,0,Not familiar
sub-23,14,0,Not familiar,James Bond.wav,10.52199546485261,1.5318056676809717,0.41831057039432407,0,Not familiar
sub-23,15,1,Familiar,let it snow.wav,9.334013605442175,1.5520490743135855,0.3609477671535385,0,Familiar
sub-23,16,1,Familiar,rock-a-bye baby.wav,13.92498866213152,0.866753342000868,0.3694323770164433,0,Familiar
sub-23,17,1,Familiar,puff the magic dragon.wav,9.333015873015873,1.293226081783617,0.3548647608824113,0,Familiar
sub-23,18,1,Familiar,tequila.wav,9.256009070294784,1.1511122622233725,0.3897366952889602,0,Familiar
sub-23,19,0,Not familiar,everlasting love.wav,8.305986394557824,1.8255746411086236,0.3503255772896243,0,Not familiar
sub-23,20,0,Not familiar,there's a hole in the bucket.wav,7.365986394557823,1.6335598536330338,0.4069468224752273,0,Not familiar
sub-23,21,0,Not familiar,itsy bitsy spider.wav,9.802993197278912,2.909135924733854,0.37671411964462026,0,Not familiar
sub-23,22,0,Not familiar,I think we're alone now.wav,6.298004535147392,1.0824052183325272,0.4204930935082233,0,Not familiar
sub-23,23,1,Familiar,sugar sugar.wav,7.83501133786848,1.2679181488395015,0.3179092292157815,0,Familiar
sub-23,24,1,Familiar,YMCA.wav,14.33501133786848,0.6963503051652805,0.42419297343617396,0,Familiar
sub-23,25,0,Not familiar,oh susanna.wav,12.05800453514739,3.0971956301385224,0.33535575059554223,0,Not familiar
sub-23,26,1,Familiar,take me out to the ballgame.wav,6.194013605442177,0.7980356046654407,0.3942584127232804,0,Familiar
sub-23,27,0,Not familiar,my bonnie lies over the ocean.wav,6.788979591836735,1.29027361390459,0.3955335579312529,0,Not familiar
sub-23,28,0,Not familiar,froggy went a-courtin'.wav,12.20498866213152,2.2946744430633936,0.38482678677392396,0,Not familiar
sub-23,29,1,Familiar,happy birthday.wav,7.078004535147392,0.849136711010478,0.3498323023499653,0,Familiar
sub-23,30,0,Not familiar,love me do.wav,12.46798185941043,1.769681197137272,0.36442493342256654,0,Not familiar
sub-23,31,1,Familiar,a whole new world.wav,12.98798185941043,1.0208488751030735,0.4087422317460677,0,Familiar
sub-23,32,1,Familiar,ring around the rosie.wav,7.034013605442177,1.119857712196564,0.36223250141597474,0,Familiar
sub-23,33,0,Not familiar,muppet show.wav,8.53201814058957,2.3137238099318793,0.3632620419665239,0,Not familiar
sub-23,34,0,Not familiar,louie louie.wav,8.860997732426304,1.3240022697181777,0.3921118311225901,0,Not familiar
sub-23,35,1,Familiar,another one bites the dust.wav,12.46897959183674,0.8700696055684436,0.33888781840900944,0,Familiar
sub-23,36,1,Familiar,little jack horner.wav,6.793015873015873,1.966955153422508,0.3666048302595966,0,Familiar
sub-23,37,0,Not familiar,billie jean.wav,8.305986394557824,1.3474494706448477,0.352818631081096,0,Not familiar
sub-23,38,0,Not familiar,hickory dickory dock.wav,7.077006802721089,2.13243973953772,0.33135977889105217,0,Not familiar
sub-23,39,0,Not familiar,eye of the tiger.wav,8.305986394557824,0.8669424025141336,0.3658321471148188,0,Not familiar
sub-23,40,0,Not familiar,john jacob jingleheimerschmidt.wav,9.928979591836734,1.559801682357527,0.39480591178717567,0,Not familiar
sub-23,41,1,Familiar,oh where has my little dog gone.wav,8.02,0.8736874464057467,0.3287807833127133,0,Familiar
sub-23,42,0,Not familiar,old gray mare.wav,9.33201814058957,2.0080321285140603,0.39273511104360825,0,Not familiar
sub-23,43,1,Familiar,do wah ditty.wav,7.758004535147392,1.2562398756983693,0.34898829194106684,0,Familiar
sub-23,44,0,Not familiar,love me tender.wav,9.331020408163266,1.3082227249189164,0.37517444459707533,0,Not familiar
sub-23,45,1,Familiar,hot cross buns.wav,6.46,0.7519739315703726,0.3585576478402622,0,Familiar
sub-23,46,0,Not familiar,daisy bell.wav,8.062993197278912,1.2181380759509095,0.31876575128151907,0,Not familiar
sub-23,47,0,Not familiar,heigh-ho.wav,10.50299319727891,1.455889352409213,0.4034077156858185,0,Not familiar
sub-23,48,1,Familiar,london bridge.wav,6.706984126984127,0.5806189397898174,0.3487847904115395,0,Familiar
sub-23,49,0,Not familiar,I feel fine.wav,10.69002267573696,1.3813585661498031,0.3718990902041848,0,Not familiar
sub-23,50,0,Not familiar,alouette.wav,5.946984126984127,1.3693693693693694,0.2667378687335139,0,Not familiar
sub-24,0,1,Familiar,smooth criminal.wav,8.348979591836734,0.3383118239982488,0.3693118541777942,0,Familiar
sub-24,1,0,Not familiar,do-re-mi.wav,12.94399092970522,1.3280212483399731,0.4191693251781917,0,Not familiar
sub-24,2,0,Not familiar,clementine.wav,8.716009070294785,1.7597372125762551,0.4207358582043931,0,Not familiar
sub-24,3,1,Familiar,london bridge.wav,6.706984126984127,1.1362146571690783,0.4037261970720731,0,Familiar
sub-24,4,0,Not familiar,James Bond.wav,10.52199546485261,2.970336771966442,0.3543208211403416,0,Not familiar
sub-24,5,0,Not familiar,muppet show.wav,8.53201814058957,1.7559262510974514,0.41126684841514327,0,Not familiar
sub-24,6,0,Not familiar,love me do.wav,12.46798185941043,1.9006093129856323,0.3659735355289014,0,Not familiar
sub-24,7,0,Not familiar,rudolph.wav,9.33201814058957,1.7937890055682266,0.3247747857205164,0,Not familiar
sub-24,8,1,Familiar,super mario world.wav,12.28598639455782,1.4210601108426817,0.3493619572404741,0,Familiar
sub-24,9,0,Not familiar,oh where has my little dog gone.wav,8.02,2.574782279439609,0.42288338843396905,0,Not familiar
sub-24,10,1,Familiar,iron man.wav,10.60498866213152,1.2901144976616687,0.3898495189607411,0,Familiar
sub-24,11,0,Not familiar,america the beautiful.wav,9.33201814058957,1.8915084780112144,0.42524627284669714,0,Not familiar
sub-24,12,0,Not familiar,love and marriage.wav,8.71700680272109,1.1223344556677883,0.409115971486615,0,Not familiar
sub-24,13,0,Not familiar,I think I love you.wav,9.272018140589568,0.809880542619964,0.3768052952974357,0,Not familiar
sub-24,14,0,Not familiar,my country 'tis of thee.wav,14.21201814058957,2.003665241295054,0.3970463508216407,0,Not familiar
sub-24,15,0,Not familiar,old gray mare.wav,9.33201814058957,2.4970347712091883,0.22907693160726703,0,Not familiar
sub-24,16,0,Not familiar,"hello mudduh, hello fadduh.wav",10.60199546485261,1.9685039370078727,0.4170607996194617,0,Not familiar
sub-24,17,0,Not familiar,old king cole.wav,9.353015873015874,2.313801513351262,0.4689425316810459,0,Not familiar
sub-24,18,0,Not familiar,eight days a week.wav,12.28399092970522,1.28918839730442,0.4224334758156419,0,Not familiar
sub-24,19,0,Not familiar,copacabana.wav,9.372018140589567,1.7297297297297298,0.42919156969421884,0,Not familiar
sub-24,20,1,Familiar,hot cross buns.wav,6.46,0.6835269993164759,0.39539026153976375,0,Familiar
sub-24,21,0,Not familiar,do wah ditty.wav,7.758004535147392,1.3757308570177882,0.42235507791647986,0,Not familiar
sub-24,22,0,Not familiar,get ready.wav,7.080997732426304,1.6871111735967088,0.4685036571548694,0,Not familiar
sub-24,23,0,Not familiar,in a gadda da vida.wav,8.306984126984126,1.2567799973541478,0.43881915507877556,0,Not familiar
sub-24,24,1,Familiar,if you're happy and you know it.wav,9.09002267573696,2.768278781957327,0.4599786017117495,0,Familiar
sub-24,25,1,Familiar,amazing grace.wav,8.674013605442177,0.8826612235891235,0.4448831025595722,0,Familiar
sub-24,26,0,Not familiar,YMCA.wav,14.33501133786848,2.4490058969484174,0.48464155984815366,0,Not familiar
sub-24,27,1,Familiar,daisy bell.wav,8.062993197278912,1.301175705190761,0.4275314691414769,0,Familiar
sub-24,28,0,Not familiar,camptown races.wav,8.305986394557824,1.7790716480672832,0.4720736108196884,0,Not familiar
sub-24,29,0,Not familiar,love me tender.wav,9.331020408163266,1.7035775127768218,0.46893741705693676,0,Not familiar
sub-24,30,1,Familiar,are you sleeping brother john.wav,9.376009070294783,2.303232467635632,0.5086074116406444,1,Familiar
sub-24,31,0,Not familiar,can't help falling in love.wav,13.4990022675737,1.0917030567685553,0.5197679160940444,1,Not familiar
sub-24,32,0,Not familiar,blow the man down.wav,8.491020408163266,1.4302148431427413,0.471716205346971,0,Not familiar
sub-24,33,0,Not familiar,peter and the wolf.wav,10.82798185941043,1.4093078376733608,0.38310341139482784,0,Not familiar
sub-24,34,0,Not familiar,ring of fire.wav,9.04498866213152,1.3910242331063776,0.5208856891352722,1,Not familiar
sub-24,35,1,Familiar,chicken dance.wav,5.946984126984127,1.7618040873854806,0.19899012916120545,0,Familiar
sub-24,36,0,Not familiar,tequila.wav,9.256009070294784,2.463863337713526,0.4531443728764366,0,Not familiar
sub-24,37,0,Not familiar,down in my heart.wav,8.388979591836735,1.637084266758574,0.49470657561342185,0,Not familiar
sub-24,38,0,Not familiar,a-tisket a-tasket.wav,10.41800453514739,4.271059756702138,0.33723670284404605,0,Not familiar
sub-24,39,1,Familiar,my favorite things.wav,13.92698412698413,2.5392499922583927,0.47623209926502735,0,Familiar
sub-24,40,1,Familiar,a whole new world.wav,12.98798185941043,1.8734485504191745,0.4994295447044078,0,Familiar
sub-24,41,0,Not familiar,oh susanna.wav,12.05800453514739,4.101416853094715,0.5024567660125915,1,Not familiar
sub-24,42,0,Not familiar,popeye the sailorman.wav,7.546984126984127,3.055131231773355,0.4823449937372756,0,Not familiar
sub-24,43,0,Not familiar,alouette.wav,5.946984126984127,2.107949187330111,0.43795679358187933,0,Not familiar
sub-24,44,0,Not familiar,yankee doodle.wav,8.572018140589568,2.551485328959374,0.43618819632408856,0,Not familiar
sub-24,45,1,Familiar,eye of the tiger.wav,8.305986394557824,1.1511046177004478,0.4605078919238165,0,Familiar
sub-24,46,0,Not familiar,little jack horner.wav,6.793015873015873,2.660539363889223,0.48523293662719486,0,Not familiar
sub-24,47,1,Familiar,skip to my lou.wav,8.863990929705215,1.706242001990621,0.4629614197435493,0,Familiar
sub-24,48,0,Not familiar,ob la di ob la da.wav,14.81401360544218,2.3572641869171855,0.4797480992560951,0,Not familiar
sub-24,49,1,Familiar,there's a hole in the bucket.wav,7.365986394557823,1.6617569302817392,0.3393991026719078,0,Familiar
sub-24,50,0,Not familiar,happy trails.wav,9.331020408163266,1.535026514094335,0.4673737672960826,0,Not familiar
sub-24,51,0,Not familiar,take me out to the ballgame.wav,6.194013605442177,1.3337437160151744,0.46482311184966374,0,Not familiar
sub-24,52,0,Not familiar,sesame street.wav,9.885986394557824,1.5893338042470644,0.44483452799398,0,Not familiar
sub-24,53,1,Familiar,ring around the rosie.wav,7.034013605442177,1.109467455621299,0.4660665414847155,0,Familiar
sub-24,54,1,Familiar,rock-a-bye baby.wav,13.92498866213152,0.8412394260877719,0.4125175334137928,0,Familiar
sub-24,55,0,Not familiar,another one bites the dust.wav,12.46897959183674,2.995382119232845,0.37787790435540497,0,Not familiar
sub-24,56,0,Not familiar,wouldn't it be nice.wav,8.018004535147393,1.458509250019186,0.3556907907263438,0,Not familiar
sub-24,57,0,Not familiar,the bare necessities.wav,8.511020408163265,2.3848835076132975,0.5177414782507461,1,Not familiar
sub-24,58,0,Not familiar,puff the magic dragon.wav,9.333015873015873,1.836749687752539,0.5376136066192029,1,Not familiar
sub-24,59,0,Not familiar,bingo.wav,8.920997732426304,2.870219533007533,0.5018229437986998,1,Not familiar
sub-24,60,0,Not familiar,itsy bitsy spider.wav,9.802993197278912,4.34320565540821,0.47680366789860656,0,Not familiar
sub-24,61,0,Not familiar,home on the range.wav,13.08498866213152,2.9336266960029356,0.3232353996189704,0,Not familiar
sub-24,62,1,Familiar,pop goes the weasel.wav,7.075011337868481,1.4863258026159356,0.4226689370020222,0,Familiar
sub-24,63,0,Not familiar,sugar sugar.wav,7.83501133786848,1.90619513418611,0.46834232236530016,0,Not familiar
sub-24,64,0,Not familiar,my bonnie lies over the ocean.wav,6.788979591836735,2.2386094284961664,0.5064768516097371,1,Not familiar
sub-25,0,0,Not familiar,good night ladies.wav,6.378004535147392,0.7202737040075229,0.42900815101346984,0,Not familiar
sub-25,1,0,Not familiar,over the rainbow.wav,17.06698412698413,1.101374323612508,0.421808472462626,0,Not familiar
sub-25,2,1,Familiar,ring around the rosie.wav,7.034013605442177,1.0823347506764591,0.35751078520364504,0,Familiar
sub-25,3,1,Familiar,angel is my centerfold (Example).wav,8.345986394557823,1.5536121482446674,0.3993090472775167,0,Familiar
sub-25,4,0,Not familiar,love and marriage.wav,8.71700680272109,1.236136387048038,0.3893234779886548,0,Not familiar
sub-25,5,0,Not familiar,billie jean.wav,8.305986394557824,1.251340722202361,0.42190580453658394,0,Not familiar
sub-25,6,1,Familiar,pop goes the weasel.wav,7.075011337868481,0.5675905779964053,0.45179108767550635,0,Familiar
sub-25,7,0,Not familiar,froggy went a-courtin'.wav,12.20498866213152,1.6364380199099942,0.42398426693739183,0,Not familiar
sub-25,8,0,Not familiar,YMCA.wav,14.33501133786848,2.2761987480906916,0.5339841554149845,1,Not familiar
sub-25,9,0,Not familiar,swing low sweet chariot.wav,9.66,2.244181416730005,0.34788322235266256,0,Not familiar
sub-25,10,1,Familiar,alouette.wav,5.946984126984127,0.7231703789412799,0.3663836084219574,0,Familiar
sub-25,11,0,Not familiar,home on the range.wav,13.08498866213152,0.4492791877032286,0.49219213369230647,0,Not familiar
sub-25,12,1,Familiar,hush little baby.wav,9.372018140589567,1.135257865715213,0.45133237426437395,0,Familiar
sub-25,13,0,Not familiar,everlasting love.wav,8.305986394557824,2.175095160413264,0.48825019429503114,0,Not familiar
sub-25,14,1,Familiar,old mcdonald.wav,9.046984126984126,0.6171206911751731,0.5316777922315868,1,Familiar
sub-25,15,1,Familiar,this old man.wav,9.393015873015871,0.5864027854132314,0.47871295017554155,0,Familiar
sub-25,16,1,Familiar,star spangled banner.wav,12.83800453514739,0.4904765797433179,0.4816244710094026,0,Familiar
sub-25,17,0,Not familiar,love me do.wav,12.46798185941043,2.2383146807109946,0.5284909353229863,1,Not familiar
sub-25,18,1,Familiar,she'll be coming 'round the mountain.wav,8.86,1.024590163934422,0.5402833033299547,1,Familiar
sub-25,19,0,Not familiar,it's a small world.wav,9.291020408163265,0.9204168173301356,0.4835317905587581,0,Not familiar
sub-25,20,1,Familiar,brahms lullaby.wav,12.28399092970522,0.6525995214270178,0.4705649885012221,0,Familiar
sub-25,21,1,Familiar,happy birthday.wav,7.078004535147392,0.2297046381194842,0.5347206112487528,1,Familiar
sub-25,22,0,Not familiar,get ready.wav,7.080997732426304,2.260844990815318,0.4624526712942813,0,Not familiar
sub-25,23,0,Not familiar,the brady bunch.wav,9.331020408163266,1.3559322033898344,0.5140829652240111,1,Not familiar
sub-25,24,0,Not familiar,let it be.wav,12.88199546485261,2.4388261116982273,0.4788357327448405,0,Not familiar
sub-25,25,1,Familiar,mary had a little lamb.wav,9.045986394557824,0.4409726596951014,0.5253478900714597,1,Familiar
sub-25,26,1,Familiar,over the river and through the woods.wav,13.91301587301587,2.2813471354835024,0.398470757121773,0,Familiar
sub-25,27,0,Not familiar,be kind to your web-footed friend.wav,6.993015873015873,1.448284185541285,0.4785791097122483,0,Not familiar
sub-25,28,1,Familiar,shoo fly.wav,9.372018140589567,0.6373486297004486,0.3906514308971093,0,Familiar
sub-25,29,1,Familiar,for he's a jolly good fellow.wav,7.117006802721089,1.4241069662565768,0.48316666188808793,0,Familiar
sub-25,30,0,Not familiar,"hello mudduh, hello fadduh.wav",10.60199546485261,2.401280683030956,0.4935011149044694,0,Not familiar
sub-25,31,1,Familiar,bingo.wav,8.920997732426304,1.63302632438434,0.49626429275024714,0,Familiar
sub-25,32,1,Familiar,amazing grace.wav,8.674013605442177,0.4677876244185134,0.34477142408188066,0,Familiar
sub-25,33,1,Familiar,jimmy crack corn.wav,9.063990929705216,1.3609254292919213,0.5380340342484768,1,Familiar
sub-25,34,0,Not familiar,I feel fine.wav,10.69002267573696,2.654456168292528,0.49384137578821086,0,Not familiar
sub-25,35,0,Not familiar,iron man.wav,10.60498866213152,1.8624864193698636,0.3572287624881924,0,Not familiar
sub-25,36,0,Not familiar,mickey mouse march.wav,4.778004535147392,2.446358493450883,0.4974857098388697,0,Not familiar
sub-25,37,1,Familiar,the farmer in the dell.wav,6.994013605442177,0.8799186075288045,0.5012990411933657,1,Familiar
sub-25,38,0,Not familiar,wouldn't it be nice.wav,8.018004535147393,1.5707671957671954,0.3358107020659397,0,Not familiar
sub-25,39,0,Not familiar,daisy bell.wav,8.062993197278912,2.08420175072947,0.479772873016144,0,Not familiar
sub-25,40,0,Not familiar,all my loving.wav,11.52498866213152,1.510522160046682,0.4040655446939675,0,Not familiar
sub-25,41,0,Not familiar,old gray mare.wav,9.33201814058957,3.4103504135050087,0.0441761629908362,0,Not familiar
sub-25,42,1,Familiar,super mario world.wav,12.28598639455782,3.8239612141076873,0.5655832191499008,1,Familiar
sub-25,43,0,Not familiar,ring of fire.wav,9.04498866213152,1.922006979920089,0.46561830316655245,0,Not familiar
sub-25,44,1,Familiar,are you sleeping brother john.wav,9.376009070294783,0.4664420834413043,0.47181560428996144,0,Familiar
sub-25,45,0,Not familiar,john jacob jingleheimerschmidt.wav,9.928979591836734,3.2659409020217693,0.3213957005075583,0,Not familiar
sub-25,46,1,Familiar,oh susanna.wav,12.05800453514739,1.183198580161709,0.6384860567238062,1,Familiar
sub-25,47,0,Not familiar,blow the man down.wav,8.491020408163266,2.329703722461369,0.5099030138095489,1,Not familiar
sub-25,48,0,Not familiar,baby love.wav,7.219002267573696,1.5494267121165104,0.4548879523253344,0,Not familiar
sub-25,49,1,Familiar,old king cole.wav,9.353015873015874,2.015342608243408,0.4762945996773826,0,Familiar
sub-25,50,0,Not familiar,on top of old smokey.wav,12.79700680272109,1.8298261665141775,0.49907516470402663,0,Not familiar
sub-25,51,0,Not familiar,take me out to the ballgame.wav,6.194013605442177,1.2588360608114653,0.45822116349783387,0,Not familiar
sub-25,52,1,Familiar,do your ears hang low.wav,9.661995464852607,1.0799822120576847,0.07442553121694978,0,Familiar
sub-25,53,1,Familiar,clementine.wav,8.716009070294785,0.5871677164513707,0.5277157222280614,1,Familiar
sub-25,54,1,Familiar,chicken dance.wav,5.946984126984127,1.2310397889646134,0.49102473383155915,0,Familiar
sub-25,55,1,Familiar,a-tisket a-tasket.wav,10.41800453514739,1.225956457408583,0.47646205790556817,0,Familiar
sub-26,0,0,Not familiar,sesame street.wav,9.885986394557824,0.6952759859399742,0.45933355170172774,0,Not familiar
sub-26,1,0,Not familiar,rudolph.wav,9.33201814058957,1.2534273403838634,0.4852197498226242,0,Not familiar
sub-26,2,0,Not familiar,jimmy crack corn.wav,9.063990929705216,1.2067308766676343,0.4001565707428243,0,Not familiar
sub-26,3,1,Familiar,my favorite things.wav,13.92698412698413,1.257430269775948,0.44504211781245134,0,Familiar
sub-26,4,0,Not familiar,great escape.wav,15.75002267573696,1.81593066446554,0.43111777435811016,0,Not familiar
sub-26,5,1,Familiar,the muffin man.wav,9.051020408163266,0.9050518347869017,0.46561769206423076,0,Familiar
sub-26,6,1,Familiar,skip to my lou.wav,8.863990929705215,0.5489478499542549,0.4616675516240915,0,Familiar
sub-26,7,1,Familiar,for he's a jolly good fellow.wav,7.117006802721089,1.8515661163400643,0.45381869330435426,0,Familiar
sub-26,8,0,Not familiar,love me do.wav,12.46798185941043,2.368430218383197,0.46839998817666334,0,Not familiar
sub-26,9,0,Not familiar,mickey mouse march.wav,4.778004535147392,2.252357937215531,0.4460649825900264,0,Not familiar
sub-26,10,0,Not familiar,peanuts.wav,10.50399092970522,2.488679962669797,0.46984775876040363,0,Not familiar
sub-26,11,0,Not familiar,another one bites the dust.wav,12.46897959183674,2.3337979319957216,0.5091529657191041,1,Not familiar
sub-26,12,1,Familiar,this old man.wav,9.393015873015871,0.8811543121489144,0.4702969043909526,0,Familiar
sub-26,13,0,Not familiar,a-tisket a-tasket.wav,10.41800453514739,3.89307935625152,0.46113821020073537,0,Not familiar
sub-26,14,1,Familiar,angel is my centerfold (Example).wav,8.345986394557823,1.0882520599056866,0.3340964112154356,0,Familiar
sub-26,15,0,Not familiar,iron man.wav,10.60498866213152,2.489006886252386,0.4774453007983187,0,Not familiar
sub-26,16,0,Not familiar,hot cross buns.wav,6.46,1.3655715318499464,0.49620705450942265,0,Not familiar
sub-26,17,1,Familiar,itsy bitsy spider.wav,9.802993197278912,2.052373531982818,0.4373783300456087,0,Familiar
sub-26,18,1,Familiar,brahms lullaby.wav,12.28399092970522,0.8219382799073462,0.45013136409013155,0,Familiar
sub-26,19,0,Not familiar,blowin' in the wind.wav,9.950022675736962,1.5428527347064696,0.5001094974162158,1,Not familiar
sub-26,20,1,Familiar,row your boat.wav,7.035011337868481,1.3782410198983548,0.5069830770668148,1,Familiar
sub-26,21,0,Not familiar,baby love.wav,7.219002267573696,1.5126304643775548,0.49513651160148864,0,Not familiar
sub-26,22,0,Not familiar,peter and the wolf.wav,10.82798185941043,2.0726364878232677,0.5030562014564767,1,Not familiar
sub-26,23,0,Not familiar,there's a hole in the bucket.wav,7.365986394557823,2.0021623353221423,0.46329964922913375,0,Not familiar
sub-26,24,0,Not familiar,get ready.wav,7.080997732426304,1.9971706748772673,0.513041078816539,1,Not familiar
sub-26,25,0,Not familiar,be kind to your web-footed friend.wav,6.993015873015873,1.3761993960013708,0.4981004715138024,0,Not familiar
sub-26,26,1,Familiar,she'll be coming 'round the mountain.wav,8.86,0.7018980493083383,0.5481017050841072,1,Familiar
sub-26,27,1,Familiar,camptown races.wav,8.305986394557824,0.5211198286094795,0.4532066536418562,0,Familiar
sub-26,28,0,Not familiar,home on the range.wav,13.08498866213152,2.839295854628036,0.5106107369686009,1,Not familiar
sub-26,29,0,Not familiar,YMCA.wav,14.33501133786848,2.593591099887394,0.4533289963451956,0,Not familiar
sub-26,30,0,Not familiar,my girl.wav,10.44498866213152,1.787054576646768,0.5432328689872952,1,Not familiar
sub-26,31,0,Not familiar,ring of fire.wav,9.04498866213152,1.5155140783281444,0.543834845657208,1,Not familiar
sub-26,32,1,Familiar,london bridge.wav,6.706984126984127,0.6682481873767949,0.48577247232311127,0,Familiar
sub-26,33,1,Familiar,good night ladies.wav,6.378004535147392,0.820186230520578,0.5445458483640316,1,Familiar
sub-26,34,1,Familiar,yankee doodle.wav,8.572018140589568,0.594159412970499,0.527608015701583,1,Familiar
sub-26,35,1,Familiar,daisy bell.wav,8.062993197278912,1.148380305277758,0.4670442969463219,0,Familiar
sub-26,36,0,Not familiar,swing low sweet chariot.wav,9.66,2.901263453439416,0.528159777663477,1,Not familiar
sub-26,37,1,Familiar,smoke on the water.wav,7.838004535147392,0.9251050379678531,0.5667201216752302,1,Familiar
sub-26,38,1,Familiar,happy birthday.wav,7.078004535147392,0.9428032683846588,0.5246144801899157,1,Familiar
sub-26,39,0,Not familiar,eye of the tiger.wav,8.305986394557824,1.8461538461538465,0.4671782161907549,0,Not familiar
sub-26,40,0,Not familiar,happy trails.wav,9.331020408163266,1.8834003938019124,0.45247244412756776,0,Not familiar
sub-26,41,1,Familiar,cindy.wav,9.372018140589567,1.4496255134090326,0.11377951166638968,0,Familiar
sub-26,42,1,Familiar,rock-a-bye baby.wav,13.92498866213152,0.5591798695246961,0.5177761296933466,1,Familiar
sub-26,43,0,Not familiar,I think we're alone now.wav,6.298004535147392,2.053388090349092,0.5165529661540165,1,Not familiar
sub-26,44,0,Not familiar,america the beautiful.wav,9.33201814058957,2.3805475259309525,0.5127393690356578,1,Not familiar
sub-26,45,0,Not familiar,eight days a week.wav,12.28399092970522,1.6178849830857531,0.4400297289123317,0,Not familiar
sub-26,46,1,Familiar,it's a small world.wav,9.291020408163265,0.735790054571092,0.5154980618933723,1,Familiar
sub-26,47,0,Not familiar,tequila.wav,9.256009070294784,2.747126963051155,0.32564262564313157,0,Not familiar
sub-26,48,1,Familiar,mary had a little lamb.wav,9.045986394557824,0.6098676587180564,0.453949014679913,0,Familiar
sub-26,49,1,Familiar,hickory dickory dock.wav,7.077006802721089,0.9486058881322684,0.41657245022969447,0,Familiar
sub-26,50,1,Familiar,oh susanna.wav,12.05800453514739,1.4426952942674074,0.5051064584549239,1,Familiar
sub-26,51,0,Not familiar,can't help falling in love.wav,13.4990022675737,1.3270910900578672,0.4639839498394176,0,Not familiar
sub-26,52,0,Not familiar,sugar sugar.wav,7.83501133786848,1.5809618904975982,0.4901741428106649,0,Not familiar
sub-26,53,0,Not familiar,you're a grand old flag.wav,9.33201814058957,3.369763205828774,0.42795121005876563,0,Not familiar
sub-26,54,0,Not familiar,everlasting love.wav,8.305986394557824,2.1498021204866267,0.3773194496723627,0,Not familiar
sub-26,55,1,Familiar,I've been working on the railroad.wav,9.311020408163266,0.7970570202329885,0.4776146911853063,0,Familiar
sub-26,56,0,Not familiar,when the saints go marching in.wav,7.611020408163266,1.328903654485054,0.49505762577892154,0,Not familiar
sub-26,57,0,Not familiar,star spangled banner.wav,12.83800453514739,1.720755755928003,0.5687481435462158,1,Not familiar
sub-26,58,1,Familiar,polly wolly doodle.wav,9.334013605442175,1.5491345052872536,0.47355255504015686,0,Familiar
sub-26,59,0,Not familiar,let it be.wav,12.88199546485261,2.142168588667927,0.4666587724820644,0,Not familiar
sub-26,60,0,Not familiar,the bare necessities.wav,8.511020408163265,2.5045756670841026,0.4858634659185552,0,Not familiar
sub-26,61,0,Not familiar,my country 'tis of thee.wav,14.21201814058957,2.3589655073214413,0.4293163003538468,0,Not familiar
sub-26,62,0,Not familiar,puff the magic dragon.wav,9.333015873015873,2.2986392055902476,0.531689976510228,1,Not familiar
sub-27,0,1,Familiar,yankee doodle.wav,8.572018140589568,0.9673908662179048,0.3959989874432564,0,Familiar
sub-27,1,1,Familiar,old mcdonald.wav,9.046984126984126,0.7562996321633607,0.4520394776385698,0,Familiar
sub-27,2,1,Familiar,she'll be coming 'round the mountain.wav,8.86,1.6934149251433628,0.5167043531682505,1,Familiar
sub-27,3,0,Not familiar,puff the magic dragon.wav,9.333015873015873,1.8267509407767355,0.5052626274021745,1,Not familiar
sub-27,4,0,Not familiar,"hello mudduh, hello fadduh.wav",10.60199546485261,2.850469139712576,0.541838228369141,1,Not familiar
sub-27,5,1,Familiar,star spangled banner.wav,12.83800453514739,0.4648460197559561,0.5419161793470036,1,Familiar
sub-27,6,1,Familiar,if you're happy and you know it.wav,9.09002267573696,0.9970993473531536,0.5289992609943922,1,Familiar
sub-27,7,0,Not familiar,happy trails.wav,9.331020408163266,1.9307560665233237,0.47544333141355194,0,Not familiar
sub-27,8,1,Familiar,polly wolly doodle.wav,9.334013605442175,1.5815959741193355,0.5523768476283891,1,Familiar
sub-27,9,1,Familiar,this old man.wav,9.393015873015871,1.5324138850023363,0.43984166797342766,0,Familiar
sub-27,10,1,Familiar,amazing grace.wav,8.674013605442177,0.7627500606732983,0.4994370373102018,0,Familiar
sub-27,11,1,Familiar,tequila.wav,9.256009070294784,1.2791540527864254,0.5405625560291131,1,Familiar
sub-27,12,0,Not familiar,hickory dickory dock.wav,7.077006802721089,2.614012976707277,0.5406587649364785,1,Not familiar
sub-27,13,0,Not familiar,my bonnie lies over the ocean.wav,6.788979591836735,0.9989129476745884,0.4940098242103239,0,Not familiar
sub-27,14,0,Not familiar,all my loving.wav,11.52498866213152,1.6084810820690971,0.47894354835059305,0,Not familiar
sub-27,15,0,Not familiar,michael row the boat ashore.wav,9.372018140589567,1.663264534663941,0.492032286098288,0,Not familiar
sub-27,16,0,Not familiar,when the saints go marching in.wav,7.611020408163266,1.6635475150759005,0.5093229016853813,1,Not familiar
sub-27,17,0,Not familiar,my country 'tis of thee.wav,14.21201814058957,3.0876981586775596,0.5468894775438502,1,Not familiar
sub-27,18,1,Familiar,on top of old smokey.wav,12.79700680272109,0.9908040994519608,0.4828165841070188,0,Familiar
sub-27,19,1,Familiar,over the river and through the woods.wav,13.91301587301587,1.8773639601336296,0.42877430103586484,0,Familiar
sub-27,20,1,Familiar,for he's a jolly good fellow.wav,7.117006802721089,0.9715517503111998,0.45335690292664066,0,Familiar
sub-27,21,1,Familiar,rock-a-bye baby.wav,13.92498866213152,1.1071472505843252,0.5395995744067181,1,Familiar
sub-27,22,0,Not familiar,home on the range.wav,13.08498866213152,3.0081973377453504,0.5326301359890373,1,Not familiar
sub-27,23,1,Familiar,my girl.wav,10.44498866213152,1.0048568079048767,0.4517179595658317,0,Familiar
sub-27,24,1,Familiar,the bare necessities.wav,8.511020408163265,1.489203276247206,0.4703154571785709,0,Familiar
sub-27,25,1,Familiar,america the beautiful.wav,9.33201814058957,1.9698888419867735,0.553312751672824,1,Familiar
sub-27,26,1,Familiar,can't help falling in love.wav,13.4990022675737,0.858154253227018,0.5347515358572554,1,Familiar
sub-27,27,0,Not familiar,do wah ditty.wav,7.758004535147392,1.968239767389844,0.4853332713885578,0,Not familiar
sub-27,28,1,Familiar,do your ears hang low.wav,9.661995464852607,1.0324964677752393,0.5197008663979517,1,Familiar
sub-27,29,0,Not familiar,jimmy crack corn.wav,9.063990929705216,2.136413989555323,0.5462954332388466,1,Not familiar
sub-27,30,1,Familiar,great escape.wav,15.75002267573696,2.197500343359427,0.4973629282324317,0,Familiar
sub-27,31,0,Not familiar,bye baby bunting.wav,6.319002267573696,1.4055573575521645,0.5383497429585028,1,Not familiar
sub-27,32,1,Familiar,pop goes the weasel.wav,7.075011337868481,1.4392187098432334,0.4702005084060403,0,Familiar
sub-27,33,0,Not familiar,James Bond.wav,10.52199546485261,3.1800601633003582,0.4551891695843271,0,Not familiar
sub-27,34,0,Not familiar,down in my heart.wav,8.388979591836735,1.145337271686061,0.5128867127086733,1,Not familiar
sub-27,35,0,Not familiar,blow the man down.wav,8.491020408163266,1.7781213761113177,0.4633660689585257,0,Not familiar
sub-27,36,0,Not familiar,old king cole.wav,9.353015873015874,3.056588186699735,0.5136557507990694,1,Not familiar
sub-27,37,1,Familiar,it's a small world.wav,9.291020408163265,0.5933757686913363,0.5196777751620621,1,Familiar
sub-27,38,1,Familiar,happy birthday.wav,7.078004535147392,1.006204930404152,0.4956834230922418,0,Familiar
sub-27,39,1,Familiar,smooth criminal.wav,8.348979591836734,1.3356583682706946,0.5157470877250574,1,Familiar
sub-27,40,1,Familiar,three blind mice.wav,13.92798185941043,0.4779200917606581,0.5038366361703009,1,Familiar
sub-27,41,1,Familiar,another one bites the dust.wav,12.46897959183674,1.4422894447185648,0.5678194620817885,1,Familiar
sub-27,42,0,Not familiar,muppet show.wav,8.53201814058957,2.561062366611331,0.5480159085592031,1,Not familiar
sub-27,43,1,Familiar,love me do.wav,12.46798185941043,1.501931054212562,0.557082486079027,1,Familiar
sub-27,44,1,Familiar,in a gadda da vida.wav,8.306984126984126,1.3366162504396737,0.5695796827665675,1,Familiar
sub-27,45,0,Not familiar,peanuts.wav,10.50399092970522,3.237410071942445,0.550337685567498,1,Not familiar
sub-27,46,1,Familiar,do-re-mi.wav,12.94399092970522,1.0454783063251467,0.5301886253654127,1,Familiar
sub-27,47,1,Familiar,are you sleeping brother john.wav,9.376009070294783,1.2015104703055224,0.494978906880056,0,Familiar
sub-27,48,1,Familiar,wouldn't it be nice.wav,8.018004535147393,1.3806634451186326,0.4773445822079079,0,Familiar
sub-27,49,1,Familiar,brahms lullaby.wav,12.28399092970522,0.7216308858019066,0.5406929308553289,1,Familiar
sub-27,50,1,Familiar,chicken dance.wav,5.946984126984127,1.811266074986429,0.49321165668535677,0,Familiar
sub-27,51,1,Familiar,the muffin man.wav,9.051020408163266,1.9119240328850895,0.5099837799503705,1,Familiar
sub-27,52,0,Not familiar,blowin' in the wind.wav,9.950022675736962,1.9767729182110303,0.5571175265622064,1,Not familiar
sub-27,53,0,Not familiar,you're a grand old flag.wav,9.33201814058957,3.3525121188782534,0.5346160899874824,1,Not familiar
sub-27,54,0,Not familiar,the brady bunch.wav,9.331020408163266,2.0605406466172753,0.5475379504435766,1,Not familiar
sub-27,55,0,Not familiar,oh where has my little dog gone.wav,8.02,3.1310433741597055,0.4428791754697905,0,Not familiar
sub-27,56,1,Familiar,oh susanna.wav,12.05800453514739,1.85559133329694,0.524149434943914,1,Familiar
sub-27,57,0,Not familiar,little jack horner.wav,6.793015873015873,3.361858190709036,0.4925202229563396,0,Not familiar
sub-27,58,1,Familiar,ring around the rosie.wav,7.034013605442177,1.0359116022099435,0.49631453996728536,0,Familiar
sub-27,59,1,Familiar,ring of fire.wav,9.04498866213152,1.4872798434442296,0.5643147536748966,1,Familiar
sub-27,60,0,Not familiar,eight days a week.wav,12.28399092970522,1.716336401934781,0.5377139748628158,1,Not familiar
sub-27,61,1,Familiar,YMCA.wav,14.33501133786848,1.8677042801556332,0.5556468567108269,1,Familiar
sub-27,62,0,Not familiar,mickey mouse march.wav,4.778004535147392,2.850187043524749,0.5843320916582289,1,Not familiar
sub-27,63,0,Not familiar,super mario world.wav,12.28598639455782,4.84010371650819,0.5177109446591159,1,Not familiar
sub-27,64,0,Not familiar,I think we're alone now.wav,6.298004535147392,1.633916670249829,0.48438718803354963,0,Not familiar
sub-27,65,1,Familiar,sugar sugar.wav,7.83501133786848,1.0805700006753551,0.49177697572070356,0,Familiar
sub-27,66,0,Not familiar,froggy went a-courtin'.wav,12.20498866213152,3.295496155254492,0.5306578822154143,1,Not familiar
sub-27,67,1,Familiar,a whole new world.wav,12.98798185941043,0.6451150455164494,0.5655164856563794,1,Familiar
sub-27,68,1,Familiar,angel is my centerfold (Example).wav,8.345986394557823,1.467822576946001,0.5128504266514904,1,Familiar
sub-28,0,1,Familiar,I've been working on the railroad.wav,9.311020408163266,1.1132043158075011,0.44631094318368036,0,Familiar
sub-28,1,1,Familiar,on top of old smokey.wav,12.79700680272109,1.1497143678367403,0.3644881041389691,0,Familiar
sub-28,2,1,Familiar,ring around the rosie.wav,7.034013605442177,1.1589276056555669,0.4851616015165495,0,Familiar
sub-28,3,1,Familiar,three blind mice.wav,13.92798185941043,0.752190755575614,0.474623074979161,0,Familiar
sub-28,4,0,Not familiar,I think we're alone now.wav,6.298004535147392,1.9173520359251224,0.46543786864019254,0,Not familiar
sub-28,5,1,Familiar,down in my heart.wav,8.388979591836735,1.1944101604490986,0.34362404394547713,0,Familiar
sub-28,6,1,Familiar,bye baby bunting.wav,6.319002267573696,1.156682249746976,0.48215855363940346,0,Familiar
sub-28,7,1,Familiar,take me out to the ballgame.wav,6.194013605442177,0.7733952049497287,0.4816101651907429,0,Familiar
sub-28,8,1,Familiar,the muffin man.wav,9.051020408163266,1.2606933813597474,0.4947289370954071,0,Familiar
sub-28,9,1,Familiar,ring of fire.wav,9.04498866213152,1.1460159093973312,0.5141688391574417,1,Familiar
sub-28,10,0,Not familiar,James Bond.wav,10.52199546485261,2.8417818740399365,0.44788540100012736,0,Not familiar
sub-28,11,0,Not familiar,billie jean.wav,8.305986394557824,1.8298261665141833,0.5380354303674305,1,Not familiar
sub-28,12,1,Familiar,a-tisket a-tasket.wav,10.41800453514739,2.3658639628221363,0.4128247195353687,0,Familiar
sub-28,13,0,Not familiar,I think I love you.wav,9.272018140589568,1.1999142918362984,0.42110613034950556,0,Not familiar
sub-28,14,1,Familiar,chicken dance.wav,5.946984126984127,1.8084091023258115,0.46326362863724935,0,Familiar
sub-28,15,1,Familiar,hot cross buns.wav,6.46,1.533574323584184,0.47468449356386966,0,Familiar
sub-28,16,1,Familiar,a whole new world.wav,12.98798185941043,0.8965320510208244,0.4073520729975698,0,Familiar
sub-28,17,0,Not familiar,can't help falling in love.wav,13.4990022675737,1.2424503882657454,0.4538346037581344,0,Not familiar
sub-28,18,0,Not familiar,do as I'm doing.wav,11.67102040816327,4.159765820590846,0.5056659463004838,1,Not familiar
sub-28,19,1,Familiar,yankee doodle.wav,8.572018140589568,1.2838147638697843,0.4359413579369783,0,Familiar
sub-28,20,1,Familiar,star spangled banner.wav,12.83800453514739,0.6475285991797958,0.47484866986182983,0,Familiar
sub-28,21,1,Familiar,eye of the tiger.wav,8.305986394557824,1.574059499449077,0.4990559107628202,0,Familiar
sub-28,22,0,Not familiar,america the beautiful.wav,9.33201814058957,2.552183027982863,0.5219782640054629,1,Not familiar
sub-28,23,0,Not familiar,old king cole.wav,9.353015873015874,2.8610090856369728,0.45936638834544513,0,Not familiar
sub-28,24,1,Familiar,old gray mare.wav,9.33201814058957,2.8662681189091774,0.4893133682655458,0,Familiar
sub-28,25,0,Not familiar,home on the range.wav,13.08498866213152,2.858674289798105,0.4691219077270482,0,Not familiar
sub-28,26,1,Familiar,amazing grace.wav,8.674013605442177,0.9401441554371636,0.4495905385331114,0,Familiar
sub-28,27,1,Familiar,daisy bell.wav,8.062993197278912,1.2923474568448297,0.4249783178768846,0,Familiar
sub-28,28,1,Familiar,happy birthday.wav,7.078004535147392,1.2939400474444682,0.46595910132634577,0,Familiar
sub-28,29,0,Not familiar,cindy.wav,9.372018140589567,2.0027730704051723,0.4862483939784594,0,Not familiar
sub-28,30,1,Familiar,be kind to your web-footed friend.wav,6.993015873015873,1.200960768614892,0.4534407247872931,0,Familiar
sub-28,31,1,Familiar,rudolph.wav,9.33201814058957,0.6171478950848593,0.48877535960211116,0,Familiar
sub-28,32,0,Not familiar,louie louie.wav,8.860997732426304,1.814254859611233,0.48796837452850833,0,Not familiar
sub-28,33,0,Not familiar,tequila.wav,9.256009070294784,2.5769875016106156,0.5149770884542664,1,Not familiar
sub-28,34,0,Not familiar,baby love.wav,7.219002267573696,1.4544749345486296,0.5041114213898471,1,Not familiar
sub-28,35,0,Not familiar,I feel fine.wav,10.69002267573696,3.214271364859977,0.47862972141882076,0,Not familiar
sub-28,36,1,Familiar,over the river and through the woods.wav,13.91301587301587,4.635167464114821,0.4360469172148701,0,Familiar
sub-28,37,1,Familiar,peanuts.wav,10.50399092970522,1.5136226034308784,0.3817933745532607,0,Familiar
sub-28,38,1,Familiar,a spoonful of sugar.wav,8.531020408163265,1.1884423976825405,0.5135578620714738,1,Familiar
sub-28,39,0,Not familiar,there's a hole in the bucket.wav,7.365986394557823,2.5445292620865168,0.460872772175162,0,Not familiar
sub-28,40,0,Not familiar,muppet show.wav,8.53201814058957,2.5220680958385806,0.4012475536202873,0,Not familiar
sub-28,41,0,Not familiar,get ready.wav,7.080997732426304,2.417527071266681,0.49516269937583346,0,Not familiar
sub-28,42,0,Not familiar,iron man.wav,10.60498866213152,2.5116162250408127,0.4998190574997867,0,Not familiar
sub-28,43,1,Familiar,row your boat.wav,7.035011337868481,1.2567748016652327,0.4944994008811858,0,Familiar
sub-28,44,0,Not familiar,"hello mudduh, hello fadduh.wav",10.60199546485261,2.765932926126523,0.44973253741781677,0,Not familiar
sub-28,45,0,Not familiar,ob la di ob la da.wav,14.81401360544218,2.4584237165582197,0.5442284911234924,1,Not familiar
sub-28,46,0,Not familiar,john jacob jingleheimerschmidt.wav,9.928979591836734,3.492723492723499,0.5096604369372719,1,Not familiar
sub-28,47,1,Familiar,do-re-mi.wav,12.94399092970522,0.5565715194402482,0.5250469918754423,1,Familiar
sub-28,48,1,Familiar,good night ladies.wav,6.378004535147392,1.0440229685053046,0.5445348424299093,1,Familiar
sub-28,49,1,Familiar,alouette.wav,5.946984126984127,1.6648411829134688,0.4914050103669543,0,Familiar
sub-28,50,0,Not familiar,my country 'tis of thee.wav,14.21201814058957,2.801503245644006,0.5121191957480983,1,Not familiar
sub-28,51,1,Familiar,itsy bitsy spider.wav,9.802993197278912,2.1984786527722875,0.5274170101419361,1,Familiar
sub-28,52,1,Familiar,teddy bear picnic.wav,8.161995464852607,1.9436975606595523,0.44786835689956317,0,Familiar
sub-28,53,1,Familiar,mary had a little lamb.wav,9.045986394557824,1.491563344830804,0.46600319620342584,0,Familiar
sub-28,54,1,Familiar,another one bites the dust.wav,12.46897959183674,1.102080176332826,0.43767747912488814,0,Familiar
sub-28,55,1,Familiar,shoo fly.wav,9.372018140589567,1.1017115876450931,0.4894478523903724,0,Familiar
sub-28,56,1,Familiar,buffalo gals.wav,9.331020408163266,1.9806882891804964,0.49176793031164334,0,Familiar
sub-28,57,0,Not familiar,it's a small world.wav,9.291020408163265,1.1733154542406956,0.5488903428695536,1,Not familiar
sub-28,58,0,Not familiar,blow the man down.wav,8.491020408163266,2.120890774125125,0.4973279330011818,0,Not familiar
sub-28,59,0,Not familiar,the bare necessities.wav,8.511020408163265,2.507716049382731,0.4846473544300919,0,Not familiar
sub-28,60,1,Familiar,smoke on the water.wav,7.838004535147392,0.9202595131827102,0.5427968952688194,1,Familiar
sub-28,61,1,Familiar,she'll be coming 'round the mountain.wav,8.86,2.045070200967483,0.4741615245521596,0,Familiar
sub-28,62,1,Familiar,the farmer in the dell.wav,6.994013605442177,1.7811704834605653,0.4718671012419852,0,Familiar
sub-28,63,1,Familiar,froggy went a-courtin'.wav,12.20498866213152,2.058054281181658,0.4879413904370294,0,Familiar
sub-28,64,1,Familiar,pop goes the weasel.wav,7.075011337868481,2.645356847616426,0.4367391639811248,0,Familiar
sub-28,65,1,Familiar,polly wolly doodle.wav,9.334013605442175,2.3363436222312015,0.545372300213917,1,Familiar
sub-28,66,1,Familiar,copacabana.wav,9.372018140589567,1.711962336828589,0.5121694783880826,1,Familiar
sub-28,67,1,Familiar,london bridge.wav,6.706984126984127,2.0501806111490897,0.5227523809964919,1,Familiar
sub-28,68,0,Not familiar,YMCA.wav,14.33501133786848,2.594830823858788,0.5238126961733223,1,Not familiar
sub-28,69,0,Not familiar,love me do.wav,12.46798185941043,2.712405265257262,0.47701421761461477,0,Not familiar
sub-28,70,1,Familiar,michael row the boat ashore.wav,9.372018140589567,1.5698587127158612,0.5154378593010475,1,Familiar
sub-28,71,1,Familiar,my girl.wav,10.44498866213152,0.7065750736015727,0.5202226800590497,1,Familiar
sub-28,72,1,Familiar,heigh-ho.wav,10.50299319727891,1.6667361140047483,0.5502455097589547,1,Familiar
sub-28,73,1,Familiar,over the rainbow.wav,17.06698412698413,0.7002801120448192,0.5148175731864956,1,Familiar
sub-28,74,1,Familiar,blowin' in the wind.wav,9.950022675736962,1.3218770654329102,0.5321562197627725,1,Familiar
sub-28,75,1,Familiar,jimmy crack corn.wav,9.063990929705216,1.5423329815731843,0.4326287333036513,0,Familiar
sub-28,76,1,Familiar,do your ears hang low.wav,9.661995464852607,2.7266530334014933,0.4815701816924092,0,Familiar
sub-29,0,0,Not familiar,let it be.wav,12.88199546485261,0.9070980421800592,0.4876405368290502,0,Not familiar
sub-29,1,1,Familiar,alouette.wav,5.946984126984127,0.7985094490284806,0.46937868740049626,0,Familiar
sub-29,2,1,Familiar,shoo fly.wav,9.372018140589567,1.3052700277369864,0.5151755356800695,1,Familiar
sub-29,3,1,Familiar,skip to my lou.wav,8.863990929705215,1.3855021059632024,0.4388606217149211,0,Familiar
sub-29,4,1,Familiar,puff the magic dragon.wav,9.333015873015873,1.414947505447546,0.5029737121975958,1,Familiar
sub-29,5,1,Familiar,london bridge.wav,6.706984126984127,0.6682258603407952,0.4697914316782712,0,Familiar
sub-29,6,1,Familiar,a whole new world.wav,12.98798185941043,0.415504244079065,0.5339019598452787,1,Familiar
sub-29,7,0,Not familiar,YMCA.wav,14.33501133786848,1.929178829800737,0.4612404590932522,0,Not familiar
sub-29,8,0,Not familiar,billie jean.wav,8.305986394557824,1.1800073048071225,0.5483614359896828,1,Not familiar
sub-29,9,0,Not familiar,rubber duckie.wav,10.64399092970521,1.6416048328846296,0.5189674642271271,1,Not familiar
sub-29,10,0,Not familiar,blow the man down.wav,8.491020408163266,1.6521208203139053,0.5164016586308493,1,Not familiar
sub-29,11,0,Not familiar,the farmer in the dell.wav,6.994013605442177,1.170721775425022,0.499431737565509,0,Not familiar
sub-29,12,1,Familiar,I've been working on the railroad.wav,9.311020408163266,1.8536499249713112,0.536321755787435,1,Familiar
sub-29,13,1,Familiar,ob la di ob la da.wav,14.81401360544218,1.4417350968469904,0.5975398998385842,1,Familiar
sub-29,14,0,Not familiar,blowin' in the wind.wav,9.950022675736962,1.3921275188807265,0.419450624731887,0,Not familiar
sub-29,15,0,Not familiar,eye of the tiger.wav,8.305986394557824,1.930113796292571,0.5208190982696177,1,Not familiar
sub-29,16,1,Familiar,over the rainbow.wav,17.06698412698413,0.648004147226544,0.4968430227952713,0,Familiar
sub-29,17,0,Not familiar,baby love.wav,7.219002267573696,1.1218727796267909,0.5148533733108432,1,Not familiar
sub-29,18,1,Familiar,buffalo gals.wav,9.331020408163266,2.1330587326688955,0.5043618619700895,1,Familiar
sub-29,19,1,Familiar,three blind mice.wav,13.92798185941043,2.08340567380812,0.49229881299640227,0,Familiar
sub-29,20,0,Not familiar,everlasting love.wav,8.305986394557824,1.5821077990723076,0.5627481776762506,1,Not familiar
sub-29,21,1,Familiar,chicken dance.wav,5.946984126984127,1.2257906349595469,0.533848361924706,1,Familiar
sub-29,22,0,Not familiar,old king cole.wav,9.353015873015874,3.1595576619273387,0.521182754241105,1,Not familiar
sub-29,23,1,Familiar,if you're happy and you know it.wav,9.09002267573696,1.6417910447761153,0.4354782802803555,0,Familiar
sub-29,24,0,Not familiar,a spoonful of sugar.wav,8.531020408163265,1.242139585435916,0.5124059945387145,1,Not familiar
sub-29,25,1,Familiar,for he's a jolly good fellow.wav,7.117006802721089,1.2201073694485076,0.5325372427824888,1,Familiar
sub-29,26,1,Familiar,ring of fire.wav,9.04498866213152,1.591689704280806,0.5190396331962773,1,Familiar
sub-29,27,1,Familiar,angel is my centerfold (Example).wav,8.345986394557823,1.061641563267208,0.5284062207050049,1,Familiar
sub-29,28,0,Not familiar,my bonnie lies over the ocean.wav,6.788979591836735,1.5968438850272295,0.5076274449379171,1,Not familiar
sub-29,29,1,Familiar,heigh-ho.wav,10.50299319727891,1.220318299689841,0.6123862438254787,1,Familiar
sub-29,30,1,Familiar,this old man.wav,9.393015873015871,1.3134851138353811,0.5577499317052514,1,Familiar
sub-29,31,1,Familiar,pop goes the weasel.wav,7.075011337868481,1.3178124313639366,0.549500746300518,1,Familiar
sub-29,32,0,Not familiar,john jacob jingleheimerschmidt.wav,9.928979591836734,3.5611327793793164,0.5495349840900847,1,Not familiar
sub-29,33,1,Familiar,in a gadda da vida.wav,8.306984126984126,1.7841213202497788,0.5691997756158602,1,Familiar
sub-29,34,1,Familiar,ring around the rosie.wav,7.034013605442177,1.3432585212962471,0.5267094876141938,1,Familiar
sub-29,35,1,Familiar,hush little baby.wav,9.372018140589567,1.6130214825133795,0.503990904343281,1,Familiar
sub-29,36,1,Familiar,tequila.wav,9.256009070294784,2.041540919581047,0.4924746546511764,0,Familiar
sub-29,37,0,Not familiar,old gray mare.wav,9.33201814058957,3.1896654838323664,0.5881019757538969,1,Not familiar
sub-29,38,1,Familiar,little jack horner.wav,6.793015873015873,2.465483234714007,0.5659039648865332,1,Familiar
sub-29,39,1,Familiar,froggy went a-courtin'.wav,12.20498866213152,2.302107313617854,0.5043348836342411,1,Familiar
sub-29,40,0,Not familiar,you're a grand old flag.wav,9.33201814058957,2.75379577255137,0.4965859382654494,0,Not familiar
sub-29,41,0,Not familiar,bye baby bunting.wav,6.319002267573696,1.134875600174592,0.6182618768947324,1,Not familiar
sub-29,42,1,Familiar,rudolph.wav,9.33201814058957,1.344763825853086,0.5932806419001753,1,Familiar
sub-29,43,0,Not familiar,america the beautiful.wav,9.33201814058957,2.619637928614872,0.572392982169833,1,Not familiar
sub-29,44,1,Familiar,mary had a little lamb.wav,9.045986394557824,0.7523888345496923,0.6410426599860178,1,Familiar
sub-29,45,0,Not familiar,smooth criminal.wav,8.348979591836734,3.5108837395927597,0.5432220968981823,1,Not familiar
sub-29,46,1,Familiar,my favorite things.wav,13.92698412698413,1.685203909673063,0.5303310314470779,1,Familiar
sub-29,47,0,Not familiar,swing low sweet chariot.wav,9.66,2.6843312984370287,0.6015044970196226,1,Not familiar
sub-29,48,0,Not familiar,do wah ditty.wav,7.758004535147392,2.1698392346385225,0.5588144618578009,1,Not familiar
sub-29,49,0,Not familiar,great escape.wav,15.75002267573696,1.916209389426009,0.5885680506392377,1,Not familiar
sub-29,50,1,Familiar,star spangled banner.wav,12.83800453514739,1.28,0.5128664923775809,1,Familiar
sub-29,51,1,Familiar,amazing grace.wav,8.674013605442177,1.0587612493382756,0.5613013816099791,1,Familiar
sub-29,52,0,Not familiar,louie louie.wav,8.860997732426304,1.8790264853256904,0.5438844091973513,1,Not familiar
sub-29,53,0,Not familiar,iron man.wav,10.60498866213152,2.645036148827371,0.5217406938202702,1,Not familiar
sub-29,54,0,Not familiar,copacabana.wav,9.372018140589567,2.3899961589347405,0.5164627436976581,1,Not familiar
sub-29,55,0,Not familiar,a-tisket a-tasket.wav,10.41800453514739,4.4757033248082045,0.5994808856361904,1,Not familiar
sub-29,56,1,Familiar,smoke on the water.wav,7.838004535147392,0.760649087221092,0.5909517374435925,1,Familiar
sub-29,57,1,Familiar,polly wolly doodle.wav,9.334013605442175,2.320970939509716,0.5040593466257947,1,Familiar
sub-29,58,0,Not familiar,eight days a week.wav,12.28399092970522,1.820212633930418,0.5172037341281646,1,Not familiar
sub-29,59,0,Not familiar,all my loving.wav,11.52498866213152,1.734058485063449,0.4087723118298674,0,Not familiar
sub-29,60,0,Not familiar,sesame street.wav,9.885986394557824,1.63539726525234,0.5271404287316359,1,Not familiar
sub-29,61,1,Familiar,super mario world.wav,12.28598639455782,2.0486555697823445,0.572418580651602,1,Familiar
sub-29,62,0,Not familiar,I think we're alone now.wav,6.298004535147392,1.891300019908412,0.5283932449471719,1,Not familiar
sub-29,63,1,Familiar,bingo.wav,8.920997732426304,2.1586616297895262,0.5363187867158764,1,Familiar
sub-29,64,0,Not familiar,popeye the sailorman.wav,7.546984126984127,3.1362858772096756,0.5609037901137411,1,Not familiar
sub-29,65,1,Familiar,oh where has my little dog gone.wav,8.02,1.6405307599517382,0.4646970705332145,0,Familiar
sub-29,66,0,Not familiar,peter and the wolf.wav,10.82798185941043,1.8311207291189815,0.5545183289352771,1,Not familiar
sub-29,67,1,Familiar,daisy bell.wav,8.062993197278912,1.4973422175638276,0.562937500297062,1,Familiar
sub-30,0,0,Not familiar,do wah ditty.wav,7.758004535147392,0.5815720951134725,0.3485195530378004,0,Not familiar
sub-30,1,0,Not familiar,everlasting love.wav,8.305986394557824,1.7638098292311415,0.3591684477835166,0,Not familiar
sub-30,2,0,Not familiar,america the beautiful.wav,9.33201814058957,2.212127197313841,0.4440249327948355,0,Not familiar
sub-30,3,1,Familiar,super mario world.wav,12.28598639455782,2.0063534525999014,0.44589073257510176,0,Familiar
sub-30,4,1,Familiar,three blind mice.wav,13.92798185941043,0.7774538386783291,0.4215329444408096,0,Familiar
sub-30,5,0,Not familiar,baby love.wav,7.219002267573696,1.419043564637433,0.36221914677156786,0,Not familiar
sub-30,6,1,Familiar,row your boat.wav,7.035011337868481,2.270381836945305,0.47872099992907524,0,Familiar
sub-30,7,1,Familiar,do-re-mi.wav,12.94399092970522,1.124452833219549,0.38517081074180254,0,Familiar
sub-30,8,1,Familiar,I've been working on the railroad.wav,9.311020408163266,1.1450213590522749,0.46540157405725396,0,Familiar
sub-30,9,1,Familiar,ring of fire.wav,9.04498866213152,1.681639155640131,0.43389915175246313,0,Familiar
sub-30,10,0,Not familiar,eight days a week.wav,12.28399092970522,1.6155682026803737,0.3746677361723588,0,Not familiar
sub-30,11,0,Not familiar,bye baby bunting.wav,6.319002267573696,1.179512770494034,0.4266549123756685,0,Not familiar
sub-30,12,1,Familiar,she'll be coming 'round the mountain.wav,8.86,2.8099359334607197,0.3873046739226963,0,Familiar
sub-30,13,0,Not familiar,billie jean.wav,8.305986394557824,2.179553710430723,0.428445627592499,0,Not familiar
sub-30,14,0,Not familiar,muppet show.wav,8.53201814058957,2.1887159533073905,0.45101108798544015,0,Not familiar
sub-30,15,0,Not familiar,hickory dickory dock.wav,7.077006802721089,2.37600237600238,0.4339919187644247,0,Not familiar
sub-30,16,0,Not familiar,my favorite things.wav,13.92698412698413,2.4705882352941178,0.32183481939897907,0,Not familiar
sub-30,17,1,Familiar,my country 'tis of thee.wav,14.21201814058957,1.9814405072487655,0.3968362851306878,0,Familiar
sub-30,18,1,Familiar,clementine.wav,8.716009070294785,2.301117685733069,0.3460074813811007,0,Familiar
sub-30,19,0,Not familiar,old king cole.wav,9.353015873015874,3.3176417843532913,0.42261248523825645,0,Not familiar
sub-30,20,1,Familiar,tequila.wav,9.256009070294784,1.8953752843062956,0.4091668478580053,0,Familiar
sub-30,21,0,Not familiar,old gray mare.wav,9.33201814058957,3.338898163606005,0.42105775417234376,0,Not familiar
sub-30,22,1,Familiar,if you're happy and you know it.wav,9.09002267573696,1.8627492485500208,0.4543553038662861,0,Familiar
sub-30,23,0,Not familiar,on top of old smokey.wav,12.79700680272109,1.514473548342684,0.4517580021561122,0,Not familiar
sub-30,24,1,Familiar,sugar sugar.wav,7.83501133786848,1.403301451309129,0.44194702951721526,0,Familiar
sub-30,25,0,Not familiar,a-tisket a-tasket.wav,10.41800453514739,4.725539006792958,0.4442726066352813,0,Not familiar
sub-30,26,0,Not familiar,I think we're alone now.wav,6.298004535147392,1.7006802721088483,0.4539828790469463,0,Not familiar
sub-30,27,1,Familiar,brahms lullaby.wav,12.28399092970522,1.0538922155688624,0.4276292971547957,0,Familiar
sub-30,28,1,Familiar,the muffin man.wav,9.051020408163266,2.413623564117458,0.4050150879236601,0,Familiar
sub-30,29,0,Not familiar,eye of the tiger.wav,8.305986394557824,1.552594126018893,0.4250723609751921,0,Not familiar
sub-30,30,1,Familiar,copacabana.wav,9.372018140589567,1.2137149792657025,0.4792744607790204,0,Familiar
sub-30,31,0,Not familiar,the brady bunch.wav,9.331020408163266,1.5044596482430044,0.44571955377133277,0,Not familiar
sub-30,32,1,Familiar,oh susanna.wav,12.05800453514739,2.8911482677203395,0.5119670657217397,1,Familiar
sub-30,33,0,Not familiar,little jack horner.wav,6.793015873015873,3.021978021978002,0.44368868900497693,0,Not familiar
sub-30,34,1,Familiar,buffalo gals.wav,9.331020408163266,1.598508059144797,0.41252530249405744,0,Familiar
sub-30,35,0,Not familiar,puff the magic dragon.wav,9.333015873015873,1.8771587325424264,0.3737027901676931,0,Not familiar
sub-30,36,0,Not familiar,YMCA.wav,14.33501133786848,2.8493232857196413,0.4291644768804512,0,Not familiar
sub-30,37,0,Not familiar,peter and the wolf.wav,10.82798185941043,1.7338534893801507,0.4539546949608668,0,Not familiar
sub-30,38,1,Familiar,itsy bitsy spider.wav,9.802993197278912,3.338179077155034,0.537585411257829,1,Familiar
sub-30,39,1,Familiar,hot cross buns.wav,6.46,1.2787242844785356,0.4257696839923192,0,Familiar
sub-30,40,1,Familiar,iron man.wav,10.60498866213152,1.611495333378094,0.38149247367313294,0,Familiar
sub-30,41,1,Familiar,do your ears hang low.wav,9.661995464852607,3.3009836931405703,0.46005433436862186,0,Familiar
sub-30,42,1,Familiar,camptown races.wav,8.305986394557824,1.743999265684521,0.46808716557935726,0,Familiar
sub-30,43,0,Not familiar,the bare necessities.wav,8.511020408163265,2.2418624703599974,0.414758815258467,0,Not familiar
sub-30,44,1,Familiar,let it snow.wav,9.334013605442175,2.8785607196401877,0.4111291988109952,0,Familiar
sub-30,45,0,Not familiar,a spoonful of sugar.wav,8.531020408163265,1.3347793442896383,0.4689613619150066,0,Not familiar
sub-30,46,0,Not familiar,all my loving.wav,11.52498866213152,1.5931638786298827,0.4651671969038405,0,Not familiar
sub-30,47,0,Not familiar,john jacob jingleheimerschmidt.wav,9.928979591836734,3.737818715792291,0.4064934198679342,0,Not familiar
sub-30,48,0,Not familiar,good night ladies.wav,6.378004535147392,2.033094256508713,0.4348053819206556,0,Not familiar
sub-30,49,1,Familiar,be kind to your web-footed friend.wav,6.993015873015873,1.582139404060831,0.4296905872660252,0,Familiar
sub-30,50,0,Not familiar,popeye the sailorman.wav,7.546984126984127,3.2338674114361146,0.31639567463994805,0,Not familiar
sub-30,51,1,Familiar,happy birthday.wav,7.078004535147392,1.8337623867122776,0.4959358677349867,0,Familiar
sub-30,52,1,Familiar,this old man.wav,9.393015873015871,2.148557397176194,0.4543633853869761,0,Familiar
sub-30,53,0,Not familiar,blowin' in the wind.wav,9.950022675736962,1.5728834886555754,0.4687589358038785,0,Not familiar
sub-30,54,0,Not familiar,home on the range.wav,13.08498866213152,3.0910706696031736,0.4550539174382395,0,Not familiar
sub-30,55,1,Familiar,take me out to the ballgame.wav,6.194013605442177,1.1553458816733309,0.4582647527031887,0,Familiar
sub-30,56,1,Familiar,hush little baby.wav,9.372018140589567,2.335220970284295,0.4638478459731297,0,Familiar
sub-30,57,1,Familiar,ob la di ob la da.wav,14.81401360544218,0.8990559912092322,0.46202020739786115,0,Familiar
sub-30,58,1,Familiar,it's a small world.wav,9.291020408163265,1.2379301807378102,0.3097393120439703,0,Familiar
sub-30,59,1,Familiar,blow the man down.wav,8.491020408163266,2.464769865509295,0.46050350433585713,0,Familiar
sub-30,60,1,Familiar,star spangled banner.wav,12.83800453514739,1.106126712960124,0.5098200316437811,1,Familiar
sub-30,61,0,Not familiar,louie louie.wav,8.860997732426304,1.8611246510391273,0.4774154294892862,0,Not familiar
sub-30,62,0,Not familiar,there's a hole in the bucket.wav,7.365986394557823,2.532799756851225,0.46207368012153854,0,Not familiar
sub-30,63,0,Not familiar,cindy.wav,9.372018140589567,2.5118346053521123,0.44559620812153045,0,Not familiar
sub-30,64,0,Not familiar,I think I love you.wav,9.272018140589568,0.9954493742889672,0.4628915163637109,0,Not familiar
sub-30,65,0,Not familiar,swing low sweet chariot.wav,9.66,2.6250052923493894,0.49421165959342844,0,Not familiar
sub-30,66,0,Not familiar,yankee doodle.wav,8.572018140589568,2.580645161290317,0.5063891498509162,1,Not familiar
sub-30,67,1,Familiar,sesame street.wav,9.885986394557824,1.5936254980079645,0.4869438160287392,0,Familiar
sub-30,68,1,Familiar,rudolph.wav,9.33201814058957,1.7559262510974636,0.5696289320892246,1,Familiar
sub-30,69,0,Not familiar,you're a grand old flag.wav,9.33201814058957,3.5503526363767084,0.4359223318399819,0,Not familiar
sub-30,70,1,Familiar,polly wolly doodle.wav,9.334013605442175,3.2221544892449536,0.4900635651992423,0,Familiar
sub-30,71,0,Not familiar,alouette.wav,5.946984126984127,1.949617772305168,0.4936318273859133,0,Not familiar
sub-30,72,0,Not familiar,michael row the boat ashore.wav,9.372018140589567,1.9978205593897669,0.48306567365522474,0,Not familiar
sub-30,73,1,Familiar,mary had a little lamb.wav,9.045986394557824,0.8466803076271783,0.4743971029029309,0,Familiar
sub-30,74,1,Familiar,smoke on the water.wav,7.838004535147392,0.4524886877828057,0.4686683161556588,0,Familiar
sub-30,75,1,Familiar,peanuts.wav,10.50399092970522,2.0220588235293917,0.4854562625919812,0,Familiar
sub-30,76,0,Not familiar,down in my heart.wav,8.388979591836735,2.325012236906535,0.4979585376901381,0,Not familiar
