trialNum,songNumber,songFileName,songDur,fixTime,responded,rt,postMusicTime,reply,promptRT,choicesMC,respMC,rtMC,outcomeMC,preFeedbackTime,participant_id,note_count,note_rate,rt_numeric,age,sex,handedness
1,34,do wah ditty.wav,7.758004535147392,0.4573666234043125,0,,0.4915166590409337,,11.72358050011098,7   34   31   12,2,5.467002999968827,1,1.141404923905617,sub-01,44.0,0.5815720951134725,,24,M,L
2,11,alouette.wav,5.946984126984127,0.4504003307359423,1,2.872448800131679,0.462233815651757,Frere Jaque,8.877756000030786,97   61   11   29,3,2.955956399906427,1,1.043290353635405,sub-01,44.0,1.7638098292311415,2.872448800131679,24,M,L
3,45,great escape.wav,15.75002267573696,0.4587730658685031,1,10.3068710998632,0.4886518604158389,EEG Lab,7.08060219977051,101   16    6   45,2,3.429529499728233,0,1.197642450315487,sub-01,56.0,2.212127197313841,10.3068710998632,24,M,L
4,24,buffalo gals.wav,9.331020408163266,0.4727897631539527,1,3.721228400245309,0.4813051156689929,Childhood lullaby,7.650939300190657,24   61   55   58,4,3.680033000186086,0,1.027962887099712,sub-01,60.0,2.0063534525999014,3.721228400245309,24,M,L
5,85,over the river and through the woods.wav,13.91301587301587,0.4522191981112489,0,,0.4021415806141993,,30.11990280030295,35   66   85   64,1,3.465673000086099,0,1.001730178657177,sub-01,16.0,0.7774538386783291,,24,M,L
6,54,if you're happy and you know it.wav,9.09002267573696,0.4251961149835011,1,2.744450799655169,0.4567222796836254,,3.451011400204152,69   81    8   54,3,7.228540299925953,0,1.032965627615686,sub-01,30.0,1.419043564637433,2.744450799655169,24,M,L
7,99,she'll be coming 'round the mountain.wav,8.86,0.483237072647096,1,3.987203999888152,0.4432200649708224,Childhood,6.733620599843562,29   55   99   36,3,2.880672100000083,1,1.063824026527486,sub-01,44.0,2.270381836945305,3.987203999888152,24,M,L
8,50,hickory dickory dock.wav,7.077006802721089,0.4378224041609163,0,,0.4099947611424903,,1.988633799832314,5   80   50   77,3,4.944185100030154,1,1.114755660846534,sub-01,28.0,1.124452833219549,,24,M,L
9,44,good night ladies.wav,6.378004535147392,0.4702214545650047,0,,0.4396565644765426,,1.220271999947727,41   44   42  102,2,3.727488699834794,1,1.146130388715832,sub-01,26.0,1.1450213590522749,,24,M,L
10,89,pop goes the weasel.wav,7.075011337868481,0.4010269464186392,1,1.939558399841189,0.4827305854882273,Merry-go-roud,8.376291800290346,18   89   56   16,2,2.288051099982113,1,1.082384472280376,sub-01,38.0,1.6816391556401307,1.939558399841189,24,M,L
11,79,oh where has my little dog gone.wav,8.02,0.40287446307281,1,2.408594700042158,0.4096923865301591,,4.131671499926597,8   45   79   11,3,6.934198299888521,1,1.039734846704871,sub-01,44.0,1.6155682026803737,2.408594700042158,24,M,L
12,47,happy trails.wav,9.331020408163266,0.4793426766189581,0,,0.4701070236300323,,1.559637899976224,67    9  104   47,3,5.528625400271267,0,1.049229263074563,sub-01,26.0,1.179512770494034,,24,M,L
13,88,polly wolly doodle.wav,9.334013605442175,0.4781886839431457,1,4.000041400082409,0.4921949587181207,chicken dance,5.884840399958193,118   88   55  100,1,4.148360199760646,0,1.139694481633805,sub-01,50.0,2.8099359334607197,4.000041400082409,24,M,L
14,6,YMCA.wav,14.33501133786848,0.437948235707284,1,14.01178119983524,0.4355025204014079,Betty and the jets,8.86047190008685,6   82   47   95,1,5.735100999940187,1,1.119904630429363,sub-01,42.0,2.1795537104307234,14.01178119983524,24,M,L
15,77,ob la di ob la da.wav,14.81401360544218,0.4714540760169569,0,,0.4235248555717131,,3.120553200133145,22  109   77   19,2,3.701787399593741,0,1.18774696622719,sub-01,54.0,2.1887159533073905,,24,M,L
16,72,muppet show.wav,8.53201814058957,0.4729229723496899,0,,0.4327598974151213,,3.778532900381833,109   72  100  112,2,1.74571770010516,1,1.159412076299028,sub-01,56.0,2.37600237600238,,24,M,L
17,94,rock-a-bye baby.wav,13.92498866213152,0.4890851571857957,1,3.774340699892491,0.4955615460744427,Hush little baby,7.524748800322413,5   77   94  120,3,2.995047099888325,1,1.111327414394535,sub-01,84.0,2.4705882352941178,3.774340699892491,24,M,L
18,84,over the rainbow.wav,17.06698412698413,0.4295631434925681,1,4.86830519977957,0.448194589975013,childhood movie ,9.238162599969655,67  110   43   84,4,2.499449099879712,1,1.130674471856681,sub-01,60.0,1.9814405072487657,4.86830519977957,24,M,L
19,107,swing low sweet chariot.wav,9.66,0.4497105964176795,0,,0.4191832187874762,,4.587241800036281,10  114  107   69,2,6.93182640010491,0,1.059286639035654,sub-01,56.0,2.301117685733069,,24,M,L
20,49,"hello mudduh, hello fadduh.wav",10.60199546485261,0.422513436656906,0,,0.4214607849196794,  ,2.944547599647194,51   63   18   49,3,9.760143400169907,0,1.040166382105623,sub-01,74.0,3.3176417843532913,,24,M,L
21,42,froggy went a-courtin'.wav,12.20498866213152,0.4745765144805786,1,3.304893899708986,0.4256662337281836,going around the mountain ,12.08359799999744,103   93   22   42,4,5.993958599865437,1,1.033263638491496,sub-01,30.0,1.8953752843062956,3.304893899708986,24,M,L
22,78,oh susanna.wav,12.05800453514739,0.439757685895811,1,4.449361700098962,0.4549910522375825,,5.164549099747092,5   29   72   78,2,6.172342099715024,0,1.129345495975828,sub-01,80.0,3.338898163606005,4.449361700098962,24,M,L
23,1,I feel fine.wav,10.69002267573696,0.4307738893654928,0,,0.4341502151576977,,2.437447500415146,121  115    1   14,3,4.223952200263739,1,1.128434487669277,sub-01,44.0,1.8627492485500206,,24,M,L
24,118,when the saints go marching in.wav,7.611020408163266,0.425835086590358,0,,0.4733402879228597,,2.01863760035485,73   96  118   63,3,2.97458459995687,1,1.130336573811254,sub-01,44.0,1.514473548342684,,24,M,L
25,71,mickey mouse march.wav,4.778004535147392,0.495653439026848,1,1.674189700279385,0.4679941567747128,Races,5.184060500003397,71   79  117   37,1,3.679771000053734,1,1.113018626346624,sub-01,38.0,1.403301451309129,1.674189700279385,24,M,L
26,8,a whole new world.wav,12.98798185941043,0.4597250945063658,1,4.734165300149471,0.4477507957391879,childhood,5.660073699895293,52  105   28    8,1,2.984827300067991,0,1.186892686876072,sub-01,112.0,4.725539006792958,4.734165300149471,24,M,L
27,70,michael row the boat ashore.wav,9.372018140589567,0.460134317276342,0,,0.4886977749751149,,3.278384200297296,9   70   31    1,1,3.027757700067014,0,1.179243816960558,sub-01,38.0,1.7006802721088483,,24,M,L
28,116,this old man.wav,9.393015873015871,0.4613458872469265,1,2.18503539962694,0.4920616203614446,Lullaby,4.32313170004636,103   20   77  116,3,2.864170400425792,0,1.075605738141475,sub-01,22.0,1.0538922155688624,2.18503539962694,24,M,L
29,18,be kind to your web-footed friend.wav,6.993015873015873,0.4364666077146994,0,,0.4648987178495588, ,2.909635600168258,4  101   18    5,1,2.663666399661452,0,1.098878630703107,sub-01,54.0,2.413623564117458,,24,M,L
30,63,little jack horner.wav,6.793015873015873,0.4323128589033191,0,,0.4135183447109276,,2.841554600279778,63   83   85   99,3,6.552728499751538,0,1.067883951299238,sub-01,48.0,1.552594126018893,,24,M,L
31,76,my girl.wav,10.44498866213152,0.4259221590486811,0,,0.4656533567611655,,2.575828199740499,24    1  112   76,1,1.778531100135297,0,1.137690061310188,sub-01,24.0,1.2137149792657025,,24,M,L
32,39,everlasting love.wav,8.305986394557824,0.4935772854959673,0,,0.4134038325984534,,2.126010000240058,120   39   30   10,2,2.400215100031346,1,1.120936782227374,sub-01,42.0,1.5044596482430044,,24,M,L
33,108,take me out to the ballgame.wav,6.194013605442177,0.4247005004691402,1,4.64964779978618,0.4839616414813442,Childhood,9.143129999749362,108   56    5   90,1,2.887653000187129,1,1.019671932986512,sub-01,60.0,2.8911482677203395,4.64964779978618,24,M,L
34,33,do as I'm doing.wav,11.67102040816327,0.4114586744815825,0,,0.4954824116585843,,2.27095689997077,56  114   33   57,2,2.951866899617016,0,1.034486085899519,sub-01,66.0,3.021978021978002,,24,M,L
35,112,the brady bunch.wav,9.331020408163266,0.4588523653598776,0,,0.4835901923689424,,2.264566199854016,50   30  112   61,3,4.289885899983346,1,1.149857551202275,sub-01,48.0,1.598508059144797,,24,M,L
36,111,the bare necessities.wav,8.511020408163265,0.4946161052868261,0,,0.415892097777562,,1.511408400256187,111   90   28  104,1,2.611301600001752,1,1.041508018058244,sub-01,50.0,1.8771587325424262,,24,M,L
37,27,can't help falling in love.wav,13.4990022675737,0.432855687442353,0,,0.4822771324706565,,1.861484299879521,31   27  120   55,3,4.089604200329632,0,1.049530375514146,sub-01,76.0,2.8493232857196413,,24,M,L
38,40,eye of the tiger.wav,8.305986394557824,0.4582542474935271,1,3.917686299886554,0.483364123774963,Hype up song,16.89257050026208,22   31   40   28,3,3.700335099827498,1,1.150792430278678,sub-01,44.0,1.7338534893801507,3.917686299886554,24,M,L
39,60,john jacob jingleheimerschmidt.wav,9.928979591836734,0.4455302994313681,0,,0.41640368442493,,1.195216200314462,60  105   70   72,3,4.544869100209326,0,1.196655654299319,sub-01,62.0,3.338179077155034,,24,M,L
40,86,peanuts.wav,10.50399092970522,0.4260647619359201,1,1.609359699767083,0.4303976801658495,Charlie brown,5.968021299690008,28    8  114   86,4,3.213456999976188,1,1.045972305913019,sub-01,34.0,1.2787242844785356,1.609359699767083,24,M,L
41,30,clementine.wav,8.716009070294785,0.4503029431618495,0,,0.4818001494841703,,2.046683100052178,121   34   30   91,1,2.148939999751747,0,1.024888391046225,sub-01,24.0,1.611495333378094,,24,M,L
42,119,wouldn't it be nice.wav,8.018004535147393,0.4389742854324081,0,,0.4733733527719425,  ,5.681353999767452,61   84  119   21,1,3.36999040003866,0,1.14025053384624,sub-01,50.0,3.3009836931405703,,24,M,L
43,82,old mcdonald.wav,9.046984126984126,0.433403137866599,1,3.124170199967921,0.4622014583279839,Old Mcdonald,6.255381300114095,114  120   82   78,3,2.398877099622041,1,1.076988022726092,sub-01,38.0,1.7439992656845207,3.124170199967921,24,M,L
44,67,love me do.wav,12.46798185941043,0.4677354825417461,1,3.973642400000244,0.4877854744756709,,3.032620099838823,49   67   32   66,2,5.868461000267416,1,1.067026800774326,sub-01,52.0,2.2418624703599974,3.973642400000244,24,M,L
45,83,on top of old smokey.wav,12.79700680272109,0.4136899155473741,1,6.420219900086522,0.4993836678599152,Over the rainbow,6.142289500217885,37   73   43   83,3,5.205221600364894,0,1.074585125425209,sub-01,48.0,2.8785607196401877,6.420219900086522,24,M,L
46,92,ring around the rosie.wav,7.034013605442177,0.4538594691797558,1,4.866575099993497,0.4745216208841883,,3.382191500160843,24   92   25  111,2,2.692328699864447,1,1.153783828586674,sub-01,32.0,1.3347793442896383,4.866575099993497,24,M,L
47,9,a-tisket a-tasket.wav,10.41800453514739,0.4508367510977214,1,2.795331200119108,0.4688083862588104,,1.752983799669892,9  101   98   61,2,3.196248100139201,0,1.115521978088815,sub-01,44.0,1.5931638786298827,2.795331200119108,24,M,L
48,19,billie jean.wav,8.305986394557824,0.4674113589392564,0,,0.423383941339661,Micheal Jackson,8.686842499766499,92  117   19   58,3,3.35133340023458,1,1.103043718013325,sub-01,84.0,3.7378187157922915,,24,M,L
49,61,let it be.wav,12.88199546485261,0.4600673492584403,1,5.62836749991402,0.49246580088744,,2.294749099761248,64  112   36   61,3,2.94997450010851,0,1.059578178394076,sub-01,36.0,2.033094256508713,5.62836749991402,24,M,L
50,57,it's a small world.wav,9.291020408163265,0.4194687588033504,0,,0.4372191623943927,,2.503330000210553,96   59   57   65,2,4.7447624001652,0,1.06570754360616,sub-01,36.0,1.582139404060831,,24,M,L
51,51,home on the range.wav,13.08498866213152,0.4537045835536039,0,,0.4347907532610048,,1.562134600244462,59   77   23   51,2,1.880340300034732,0,1.03930044023642,sub-01,66.0,3.2338674114361146,,24,M,L
52,105,sugar sugar.wav,7.83501133786848,0.488015450365496,1,2.773828300181776,0.4666838101593477,Sugar sugar,7.99863289995119,105   24   61  103,1,1.329625300131738,1,1.101594972332509,sub-01,52.0,1.8337623867122774,2.773828300181776,24,M,L
53,58,itsy bitsy spider.wav,9.802993197278912,0.4987691475340374,1,2.552525500301272,0.4487239185674958,Ring around the rosie,5.740098800044507,78    6   58   82,3,3.588604599703103,1,1.152333317150982,sub-01,56.0,2.148557397176194,2.552525500301272,24,M,L
54,62,let it snow.wav,9.334013605442175,0.4434808774037761,1,5.773649699985981,0.4876405650845553,Let it snow,7.081159600056708,18   10   36   62,4,3.365465399809182,1,1.162272929117418,sub-01,40.0,1.5728834886555754,5.773649699985981,24,M,L
55,64,london bridge.wav,6.706984126984127,0.4706003734405044,1,3.368471499998122,0.4883045420940246,,5.503440099768341,119   64   37   22,3,7.108754499815404,0,1.047840658973107,sub-01,80.0,3.0910706696031736,3.368471499998122,24,M,L
56,120,yankee doodle.wav,8.572018140589568,0.4320841330060881,1,4.312097299844027,0.4484168485859825,,1.787531399633735,79    8   73  120,4,8.203907900024205,1,1.133004947388118,sub-01,24.0,1.1553458816733309,4.312097299844027,24,M,L
57,81,old king cole.wav,9.353015873015874,0.4535966791473833,0,,0.4962936914356262,,4.668272899929434,70  100   75   81,1,5.877323899883777,0,1.052717167043535,sub-01,40.0,2.335220970284295,,24,M,L
58,32,daisy bell.wav,8.062993197278912,0.4358821071281218,1,4.409882199950516,0.4105601041044094,pop goes the weasel,8.164591200184077,103   58   87   32,4,6.126284400001168,1,1.116026342402352,sub-01,18.0,0.8990559912092322,4.409882199950516,24,M,L
59,104,star spangled banner.wav,12.83800453514739,0.4692840960441715,1,3.893793499562889,0.4999309252895239,American National Anthem,8.440552600193769,104   83   92   68,1,2.171082900371403,1,1.094480990752019,sub-01,20.0,1.2379301807378102,3.893793499562889,24,M,L
60,3,I think we're alone now.wav,6.298004535147392,0.4777266537018591,0,,0.4703114273772874,,1.616456899791956,3  106   63  110,3,3.002256900072098,0,1.028289611755228,sub-01,46.0,2.464769865509295,,24,M,L
61,109,teddy bear picnic.wav,8.161995464852607,0.4701765748145463,1,3.252529399935156,0.4889959260237965,,1.759551200084388,109   61    5   68,1,3.571345699951053,1,1.153141769547296,sub-01,18.0,1.106126712960124,3.252529399935156,24,M,L
62,95,row your boat.wav,7.035011337868481,0.4448950121333968,1,2.448794099967927,0.466018343699361,Childhood,10.32179629988968,95   64   37   19,1,1.44458660017699,1,1.108187103226114,sub-01,42.0,1.8611246510391273,2.448794099967927,24,M,L
63,25,bye baby bunting.wav,6.319002267573696,0.4518971595543017,0,,0.4921236934269422,,2.829299900215119,63   16   25   90,1,1.23514260025695,0,1.068568248297538,sub-01,50.0,2.532799756851225,,24,M,L
64,35,do your ears hang low.wav,9.661995464852607,0.4479260227344984,1,4.232623499818146,0.464673882326578,Childhood,6.984612700063735,55   73   35   74,4,5.739156200084835,0,1.04446345394165,sub-01,52.0,2.5118346053521123,4.232623499818146,24,M,L
65,13,america the beautiful.wav,9.33201814058957,0.4490230891767851,0,,0.4977026581790846,,1.27155529987067,54   27   13   72,1,4.560643300414085,0,1.03715313796298,sub-01,28.0,0.9954493742889673,,24,M,L
66,10,all my loving.wav,11.52498866213152,0.4030107380250868,0,,0.4182229314300023,,1.649619699921459,65   12   73   10,3,3.556828199885786,0,1.101049608261342,sub-01,62.0,2.6250052923493894,,24,M,L
67,15,another one bites the dust.wav,12.46897959183674,0.4480685477177112,1,3.683400199748576,0.4384059091458848,Another one bites the dust,8.217373499646783,15    7   67   63,1,1.796753000002354,1,1.021225449195786,sub-01,56.0,2.580645161290317,3.683400199748576,24,M,L
68,100,shoo fly.wav,9.372018140589567,0.4067268727090675,1,3.623629200272262,0.4415320869370273,,3.11489270022139,48  100   42   58,2,5.441070199944079,1,1.158346876604455,sub-01,30.0,1.5936254980079643,3.623629200272262,24,M,L
69,21,blow the man down.wav,8.491020408163266,0.4828507571048645,0,,0.4776681245477123,,9.054021300282328,63   15   21  109,3,3.320815000217408,1,1.162485423270403,sub-01,42.0,1.7559262510974636,,24,M,L
70,106,super mario world.wav,12.28598639455782,0.491772574026223,1,2.800025300122797,0.4143784792372193,Childhood,4.434168200008571,106   75   11   94,2,4.68843590002507,0,1.033707149361174,sub-01,74.0,3.5503526363767084,2.800025300122797,24,M,L
71,22,blowin' in the wind.wav,9.950022675736962,0.4138368373753444,1,8.944199999794364,0.4737383551106105,,2.228583399672061,22   20   26   78,3,3.387574300169945,0,1.106350877589381,sub-01,74.0,3.2221544892449536,8.944199999794364,24,M,L
72,2,I think I love you.wav,9.272018140589568,0.4356154618540523,0,,0.454772417797403,,1.933477099984884,11    2   69  113,4,3.128292200155556,0,1.075367425032942,sub-01,38.0,1.949617772305168,,24,M,L
73,117,three blind mice.wav,13.92798185941043,0.4276570960915154,1,4.110828999895602,0.4447158467868818,childhood,7.39148319978267,112   61  117   91,2,6.072060599923134,0,1.05954390507229,sub-01,44.0,1.9978205593897669,4.110828999895602,24,M,L
74,121,you're a grand old flag.wav,9.33201814058957,0.4308180913910227,0,,0.4137008370387588,,1.554348600097001,48   30   54  121,4,4.32236889982596,1,1.103061562676922,sub-01,24.0,0.8466803076271783,,24,M,L
1,94,rock-a-bye baby.wav,13.92498866213152,0.460674078568037,1,3.393968499993207,0.4957157303335389, ,14.1662834000017,54   71   27   94,4,4.782595700002275,1,1.108089192931268,sub-02,6.0,0.45248868778280577,3.393968499993207,27,M,R
2,58,itsy bitsy spider.wav,9.802993197278912,0.4301534895268549,1,2.135457000011229,0.4723244227894792,,7.149362500000279,18   29   95   58,4,8.41979350001202,1,1.153577711999205,sub-02,22.0,2.0220588235293917,2.135457000011229,27,M,R
3,97,rudolph.wav,9.33201814058957,0.4676137952183503,1,2.013640000004671,0.4022218753935146,rudolph,8.053591500007315,94   80   37   97,4,1.647318899995298,1,1.118758566865559,sub-02,38.0,2.325012236906535,2.013640000004671,27,M,R
4,98,sesame street.wav,9.885986394557824,0.4249543849590913,0,,0.4173547604712645, ,4.93751859999611,91   98   61   28,1,4.46640479999769,0,1.182154222027914,sub-02,74.0,3.1306849430976933,,27,M,R
5,28,chicken dance.wav,5.946984126984127,0.4265145460039566,1,2.027568899997277,0.4574900196257958,chicken,6.3690620999987,31   28   96   12,2,2.160556899994845,1,1.120851711666187,sub-02,48.0,2.1907804655408407,2.027568899997277,27,M,R
6,74,my country 'tis of thee.wav,14.21201814058957,0.4939313659889887,1,9.906851399995505,0.4199017517129031, ,2.254066200010129,48   38   74   16,4,5.015733799998998,0,1.098113384939362,sub-02,44.0,2.3052339288520995,9.906851399995505,27,M,R
7,35,do your ears hang low.wav,9.661995464852607,0.4064975223220086,1,6.249686700000893,0.4243682807890035,hei ho,5.451423400008935,23   88   35   72,3,4.065418700003647,1,1.027925384432862,sub-02,60.0,2.836208934058146,6.249686700000893,27,M,R
8,115,there's a hole in the bucket.wav,7.365986394557823,0.4510381928665781,0,,0.4857295899067259, ,2.338654999999562,48  115  102   71,4,8.169161700003315,0,1.141769537539706,sub-02,44.0,2.1618434628801824,,27,M,R
9,53,hush little baby.wav,9.372018140589567,0.4989493117507121,1,4.37752759999421,0.4534261005874913, ,3.733465299999807,87   54  106   53,4,5.110751300002448,1,1.053900291069708,sub-02,76.0,2.9967272583888525,4.37752759999421,27,M,R
10,66,love and marriage.wav,8.71700680272109,0.4536263943023958,1,3.721857399999863,0.4185490042061501,,7.049471200007247,80   23   73   66,3,6.1368899000081,0,1.081797769651913,sub-02,54.0,2.3736263736263736,3.721857399999863,27,M,R
11,95,row your boat.wav,7.035011337868481,0.4830608009806667,1,4.880425200011814,0.4100291396460792,row row your boat,9.472996800002877,1   80  114   95,4,2.721201600012137,1,1.152273962421928,sub-02,28.0,1.4854899464162608,4.880425200011814,27,M,R
12,105,sugar sugar.wav,7.83501133786848,0.4576447332357037,1,6.729385600003297,0.4001556888962044, ,1.39025440000114,105  104   75  111,1,2.377081300001009,1,1.060361617124346,sub-02,24.0,2.418623400181396,6.729385600003297,27,M,R
13,11,alouette.wav,5.946984126984127,0.465702499529718,1,2.08059620000131,0.4554384056947381,spider spout,12.92681280001125,109  107   11   99,3,5.048973700002534,1,1.029962291426626,sub-02,28.0,1.6938898971566876,2.08059620000131,27,M,R
14,6,YMCA.wav,14.33501133786848,0.4767521423191443,1,9.683248599991202,0.4752720094585748, ,2.618994899996324,29    6   57   98,3,4.315392899996368,0,1.063236120849058,sub-02,12.0,0.5898834980091411,9.683248599991202,27,M,R
15,118,when the saints go marching in.wav,7.611020408163266,0.4359375962443974,0,,0.4813916804698097, ,1.434609600008116,114  111   48  118,4,4.336423500004457,1,1.12142064901286,sub-02,20.0,1.3678954927843636,,27,M,R
16,22,blowin' in the wind.wav,9.950022675736962,0.4266806624415357,1,4.842923800009885,0.4139469494057406,,3.49395970000478,22   88   90   27,3,5.782024600004661,0,1.137495042101479,sub-02,32.0,2.3889511011571516,4.842923800009885,27,M,R
17,65,louie louie.wav,8.860997732426304,0.4525617489797,0,,0.4496018758883729,,4.913847700008773,65   87   66  120,2,0.3707055999984732,0,1.117235362043405,sub-02,12.0,0.6237006237006234,,27,M,R
18,32,daisy bell.wav,8.062993197278912,0.4366981424937184,0,,0.489234897008367, ,2.780035599993425,32   62   98   18,3,6.990033900001436,0,1.030669733914779,sub-02,22.0,1.6142050040354967,,27,M,R
19,36,do-re-mi.wav,12.94399092970522,0.454125664452401,0,,0.4790869567196167,  ,5.023656499994104,36   89   11   12,1,3.697487500001444,1,1.09101802234663,sub-02,44.0,1.869238285398701,,27,M,R
20,10,all my loving.wav,11.52498866213152,0.4214724605479594,0,,0.4874945988318085,,1.986598200004664,56   62   10   44,3,1.703076100006001,1,1.019744533948539,sub-02,12.0,0.6900120752113131,,27,M,R
21,29,cindy.wav,9.372018140589567,0.4211357903463016,0,,0.4470111852235192, ,1.584392599994317,68  105   29  113,1,1.158914100000402,0,1.125706814811998,sub-02,14.0,1.0951188986232896,,27,M,R
22,70,michael row the boat ashore.wav,9.372018140589567,0.4805510316281107,0,,0.4259460976948768,,4.678343799998402,70   18    2   48,1,5.489991399997962,1,1.153349396388687,sub-02,14.0,0.6310001352143111,,27,M,R
23,108,take me out to the ballgame.wav,6.194013605442177,0.4558480859646212,0,,0.4806160954820696,,3.683364399999846,108   79   95  100,2,1.74249430000782,0,1.104439357374431,sub-02,50.0,2.065859604181302,,27,M,R
24,15,another one bites the dust.wav,12.46897959183674,0.4120149153903269,1,7.680521899994346,0.4570985631445228,,5.168434400009573,3  106   36   15,4,3.889913699997123,1,1.151268078681159,sub-02,42.0,2.18125162295509,7.680521899994346,27,M,R
25,80,old gray mare.wav,9.33201814058957,0.4211804858324101,0,,0.4700384053126968, ,1.213185700005852,56   90   80   78,2,3.254991499998141,0,1.037889102097486,sub-02,18.0,0.9196341899555467,,27,M,R
26,75,my favorite things.wav,13.92698412698413,0.41509975887321,0,,0.4386752181307463,,5.442198599994299,115   24   12   75,4,2.294578799992451,1,1.162859451087118,sub-02,20.0,1.23839009287925,,27,M,R
27,38,eight days a week.wav,12.28399092970522,0.4957908660708755,0,,0.4369502330702751, ,1.2200359999988,45   38   62  107,4,6.605406599992421,0,1.042691817102924,sub-02,38.0,2.804635028415386,,27,M,R
28,77,ob la di ob la da.wav,14.81401360544218,0.4464923339003748,1,6.334299299996928,0.4565913563489126,,6.010578699992038,77   34   83   13,1,1.379271800004062,1,1.182223491612917,sub-02,,,6.334299299996928,27,M,R
29,78,oh susanna.wav,12.05800453514739,0.405438506559096,1,5.770910899998853,0.4443150300875467,,6.337229500000831,63   78   72   31,2,5.126553400012199,1,1.030411838238423,sub-02,,,5.770910899998853,27,M,R
30,101,skip to my lou.wav,8.863990929705215,0.4401416895059986,1,3.222932899996522,0.453211734094602,,2.718957300006878,105   61   98  101,1,4.21021400000609,0,1.127693031180768,sub-02,,,3.222932899996522,27,M,R
31,33,do as I'm doing.wav,11.67102040816327,0.4790594064274453,1,5.209341800000402,0.439592822825525,,3.496732499988866,33  118   41   19,1,8.164256700008991,1,1.092594257480826,sub-02,,,5.209341800000402,27,M,R
32,84,over the rainbow.wav,17.06698412698413,0.485222047908616,1,3.968834400002379,0.4532925249354374, ,1.29817660000117,84   73  113  118,1,4.478390100004617,1,1.109790332052818,sub-02,,,3.968834400002379,27,M,R
33,76,my girl.wav,10.44498866213152,0.428203748991469,1,8.014475500007393,0.4571600090913026,,9.041563600010704,36  101   76    8,3,0.9037710999982664,1,1.185519875139072,sub-02,,,8.014475500007393,27,M,R
34,39,everlasting love.wav,8.305986394557824,0.4526877439165099,0,,0.4912397721460752,,2.97254879999673,111   89   96   39,3,4.722343300003558,0,1.027354970048867,sub-02,,,,27,M,R
35,60,john jacob jingleheimerschmidt.wav,9.928979591836734,0.4440962138214546,0,,0.4235167745436443,,2.371832100005122,23  102   60   27,3,2.785042999996222,1,1.169079565369863,sub-02,,,,27,M,R
36,83,on top of old smokey.wav,12.79700680272109,0.4865607496594365,0,,0.4420457900275442,,2.253031300002476,69   11  121   83,3,3.385941799991997,0,1.186660534476419,sub-02,,,,27,M,R
37,88,polly wolly doodle.wav,9.334013605442175,0.4574826644942863,1,3.524036300004809,0.4620886293881987,,3.876970800003619,51   90   43   88,4,7.73454460001085,1,1.048242269902891,sub-02,,,3.524036300004809,27,M,R
38,14,angel is my centerfold (Example).wav,8.345986394557823,0.4722553837963307,1,2.584552900007111,0.4016644037126771,,5.960983700002544,60   89   14   78,3,12.21302190001006,1,1.124066922403723,sub-02,,,2.584552900007111,27,M,R
39,2,I think I love you.wav,9.272018140589568,0.4047450562606387,1,6.172994400010793,0.4338246443789266,,4.333537699989392,54   37    2  109,2,3.986452000011923,0,1.139642019239037,sub-02,,,6.172994400010793,27,M,R
40,19,billie jean.wav,8.305986394557824,0.4003328834641143,0,,0.4233658362116218,,4.311845099990023,19  102    3   95,3,2.33748000000196,0,1.160989452890127,sub-02,,,,27,M,R
41,93,ring of fire.wav,9.04498866213152,0.4964192850242394,1,6.657827900009579,0.4684217121032148,,3.013806100003421,118  101   55   93,4,3.320731899992097,1,1.088583618540653,sub-02,,,6.657827900009579,27,M,R
42,117,three blind mice.wav,13.92798185941043,0.4069980759670761,1,3.073006399994483,0.4280332294266604,do re me,4.805471100000432,85   84  111  117,4,6.545130800004699,1,1.042610575412708,sub-02,,,3.073006399994483,27,M,R
43,120,yankee doodle.wav,8.572018140589568,0.4606937567775908,1,5.32844070000283,0.4576447194519729,,3.840927099998225,120   35   48   31,1,4.163269500000752,1,1.116351951290537,sub-02,,,5.32844070000283,27,M,R
44,63,little jack horner.wav,6.793015873015873,0.403267541699156,1,2.22246420000738,0.4113742665509861,,4.465148300005239,16   75   63   74,3,5.68132049999258,1,1.140834370055185,sub-02,,,2.22246420000738,27,M,R
45,5,James Bond.wav,10.52199546485261,0.4896219102877971,1,2.700782400002936,0.4524156938761177,bond moviee,5.30338660000416,5  114   89   29,1,1.387973200005945,1,1.090430276369234,sub-02,,,2.700782400002936,27,M,R
46,85,over the river and through the woods.wav,13.91301587301587,0.4937532955575698,1,3.227057599986438,0.4912671463015617,,3.963682500005234,85   87  102  104,1,3.051666200000909,1,1.159587408113168,sub-02,,,3.227057599986438,27,M,R
47,100,shoo fly.wav,9.372018140589567,0.4209962160522361,0,,0.4246135316030316,,4.887624800001504,100   14   46   49,1,2.658800199991674,1,1.086407106841385,sub-02,,,,27,M,R
48,116,this old man.wav,9.393015873015871,0.4870677398376296,1,6.329931000000215,0.4990544061035902,saints go marching in,11.39866099999927,1  116   91   31,3,7.197929999994813,0,1.189243738117284,sub-02,,,6.329931000000215,27,M,R
49,114,the muffin man.wav,9.051020408163266,0.4025404005518047,1,6.110624499997357,0.4641489151722782,,2.205394800010254,114  111    6   99,2,8.157058500000858,0,1.017411791565972,sub-02,,,6.110624499997357,27,M,R
50,64,london bridge.wav,6.706984126984127,0.446793407952586,1,2.744960500000161,0.411539656845189,,3.007937899994431,15   64   48   79,1,2.018207000000984,0,1.022045078721827,sub-02,,,2.744960500000161,27,M,R
51,18,be kind to your web-footed friend.wav,6.993015873015873,0.4484841855058663,1,5.232986200004234,0.4430443999116862,,4.197122399986256,18    2  115   12,2,7.741169799992349,0,1.090730437144058,sub-02,,,5.232986200004234,27,M,R
52,47,happy trails.wav,9.331020408163266,0.4310310920104595,0,,0.4644757803703035,,2.077204699991853,47   25   68   52,2,2.089954700000817,0,1.019687100980077,sub-02,,,,27,M,R
53,68,love me tender.wav,9.331020408163266,0.4234969941207526,0,,0.4477467429737527,,1.339432900000247,40   68   99    2,2,0.7327598999982001,1,1.177460874310074,sub-02,,,,27,M,R
54,13,america the beautiful.wav,9.33201814058957,0.4409472980045848,0,,0.4128396996258615,,4.429759799997555,37   13   55   41,1,3.576931399991736,0,1.021060680352515,sub-02,,,,27,M,R
55,69,mary had a little lamb.wav,9.045986394557824,0.4210909389753014,1,4.511079099989729,0.420297613555983, ,0.8375309999973979,58   69   56   35,2,1.484081899994635,1,1.045704536089509,sub-02,,,4.511079099989729,27,M,R
56,26,camptown races.wav,8.305986394557824,0.4691858614116905,1,4.076348000002326,0.4703006321205551,,6.818187999990187,119   88   26   42,3,7.547252400006982,1,1.089933187868926,sub-02,,,4.076348000002326,27,M,R
57,20,bingo.wav,8.920997732426304,0.461084446552769,1,2.024224000007962,0.4299046832234893,chicken dance,4.806416500010528,115   20   59   86,3,5.976394700002857,0,1.037120092562958,sub-02,,,2.024224000007962,27,M,R
58,110,tequila.wav,9.256009070294784,0.440943917266878,1,3.089875599995139,0.4502720899310846,,3.740288600005442,74   30  113  110,2,4.86133540001174,0,1.088302897109035,sub-02,,,3.089875599995139,27,M,R
59,45,great escape.wav,15.75002267573696,0.4355535167619131,1,9.354844000001322,0.4801777930155364,,1.777279100002488,45   46   53   70,3,1.376709000003757,0,1.104590474437829,sub-02,,,9.354844000001322,27,M,R
60,87,peter and the wolf.wav,10.82798185941043,0.4403999615249666,0,,0.4201984718793045,,3.296812100001262,32  107   64   87,1,6.167532599996775,0,1.194044193539683,sub-02,,,,27,M,R
61,16,are you sleeping brother john.wav,9.376009070294783,0.461485994888619,1,5.903886799991596,0.458379169352811,,3.609353100007866,20   16   73    1,2,7.534479099995224,1,1.047467797519655,sub-02,,,5.903886799991596,27,M,R
62,106,super mario world.wav,12.28598639455782,0.4440404074138465,1,4.88697520000278,0.418900640331346,,1.225397599991993,34  106  109   65,1,3.850841300009051,0,1.139747251079321,sub-02,,,4.88697520000278,27,M,R
63,59,jimmy crack corn.wav,9.063990929705216,0.4382018958514445,1,3.650625700000091,0.4669802085074654,    ,4.486210999995819,74    6   61   59,4,2.980611400009366,1,1.178962145063959,sub-02,,,3.650625700000091,27,M,R
64,31,copacabana.wav,9.372018140589567,0.4173141129316511,0,,0.4932259404129922,,2.91160010000749,89   31  110   36,2,4.36602389998734,1,1.19528024906705,sub-02,,,,27,M,R
65,71,mickey mouse march.wav,4.778004535147392,0.4706684183053427,0,,0.44849475300807,,3.011530800009496,44   51   71  100,2,4.194983099994715,0,1.09299929429204,sub-02,,,,27,M,R
66,42,froggy went a-courtin'.wav,12.20498866213152,0.4579745521899833,0,,0.4524021788487863,,3.571525399995153,91   59  110   42,3,1.441122000003816,0,1.009604090670121,sub-02,,,,27,M,R
67,62,let it snow.wav,9.334013605442175,0.4383390987040088,0,,0.4978564303144021,,1.66346280000289,62   42    4   14,4,3.693656300005387,0,1.112393977655249,sub-02,,,,27,M,R
68,46,happy birthday.wav,7.078004535147392,0.4047910413167252,1,1.791364400007296,0.4835774386584145, ,3.219868100000895,6   31   41   46,3,2.2605179999955,0,1.15103290846312,sub-02,,,1.791364400007296,27,M,R
69,113,the farmer in the dell.wav,6.994013605442177,0.4374787496519733,1,5.42806869999913,0.4417390537814639, ,4.261346799990861,49   64   75  113,2,4.992039099990507,0,1.011682589731043,sub-02,,,5.42806869999913,27,M,R
70,67,love me do.wav,12.46798185941043,0.4095234509292912,1,8.363307399995392,0.4709493941359058,,2.630029399995692,49   90  107   67,1,5.825437100007548,0,1.002757286722906,sub-02,,,8.363307399995392,27,M,R
71,103,smooth criminal.wav,8.348979591836734,0.4814026644712399,1,3.44832630000019,0.4466919882662693,,7.962459600006696,103   41    6   95,1,1.228602200004389,1,1.184055484566886,sub-02,,,3.44832630000019,27,M,R
72,3,I think we're alone now.wav,6.298004535147392,0.4204259932210801,0,,0.4658698472804241,    ,3.989032299999963,11   66   30    3,4,3.657419800001662,1,1.136525003173235,sub-02,,,,27,M,R
73,104,star spangled banner.wav,12.83800453514739,0.4497908942838792,1,5.289467800001148,0.4770765607526875,,0.7579756000050111,104   17   73   44,1,1.731547400006093,1,1.113084306355772,sub-02,,,5.289467800001148,27,M,R
74,51,home on the range.wav,13.08498866213152,0.4169318843208921,0,,0.4518702125740935,,2.004942600004142,67   51   22   21,3,2.781534399997327,0,1.127022295494795,sub-02,,,,27,M,R
75,12,amazing grace.wav,8.674013605442177,0.4378790289208148,1,4.377511300001061,0.4122749004699017,,3.427446900008363,12   30   13    2,1,4.231931900008931,1,1.139242825435299,sub-02,,,4.377511300001061,27,M,R
1,19,billie jean.wav,8.305986394557824,0.4129984191573048,0,,0.4309992736063505,,1.829459000029601,12   19   89   61,2,10.50836640002672,1,1.166269320157023,sub-03,,,,44,M,R
2,95,row your boat.wav,7.035011337868481,0.465545497849024,1,1.967320199939422,0.4783812977591799,row your boat,4.544059799984097,95   59   10   12,1,2.384158700006083,1,1.177429345484731,sub-03,,,1.967320199939422,44,M,R
3,110,tequila.wav,9.256009070294784,0.4772180339477664,1,2.49040549993515,0.4961260168124899,tequila,2.763920399942435,68   60   81  110,4,1.736991900019348,1,1.029729773666118,sub-03,,,2.49040549993515,44,M,R
4,24,buffalo gals.wav,9.331020408163266,0.4518519665556853,1,4.490192700061016,0.4149652651537953,,1.957729399902746,4   88   24   21,3,4.913718200055882,1,1.068874805507403,sub-03,,,4.490192700061016,44,M,R
5,25,bye baby bunting.wav,6.319002267573696,0.4223626280934042,0,,0.4434383496221672,,0.7445959999458864,25   54  111   97,4,3.656117799924687,0,1.087796914660129,sub-03,,,,44,M,R
6,23,brahms lullaby.wav,12.28399092970522,0.4588984257489587,1,4.543490399955772,0.4634644860945278,lullaby,4.264778000069782,104   23   91   79,2,2.783893499989063,1,1.134280749259831,sub-03,,,4.543490399955772,44,M,R
7,38,eight days a week.wav,12.28399092970522,0.4834288604519215,1,4.601437599980272,0.4067912604233478,the beatles,7.876832799986005,39    7   38   24,3,2.36867859994527,1,1.185885438272679,sub-03,,,4.601437599980272,44,M,R
8,16,are you sleeping brother john.wav,9.376009070294783,0.450066885983617,1,3.60976850008592,0.4510137193127852,are you sleeping,3.394895000034012,18   91   66   16,4,2.536652300041169,1,1.155830795022302,sub-03,,,3.60976850008592,44,M,R
9,32,daisy bell.wav,8.062993197278912,0.4990398220803625,1,3.264270199928433,0.4259026651278693,daisy daisy,3.073887299979106,2   32   37   50,2,1.578093099989928,1,1.000257372541432,sub-03,,,3.264270199928433,44,M,R
10,60,john jacob jingleheimerschmidt.wav,9.928979591836734,0.4085405592214601,1,4.88196849997621,0.4157924789351838,john jacob,5.033854399924167,76   20   60   58,3,1.614519100054167,1,1.022994721772587,sub-03,,,4.88196849997621,44,M,R
11,63,little jack horner.wav,6.793015873015873,0.4186740306607354,0,,0.4817029649736422,,1.806646000011824,25   63   37   99,3,4.173210600041784,0,1.010269612594718,sub-03,,,,44,M,R
12,21,blow the man down.wav,8.491020408163266,0.4570239418063896,1,4.161308199982159,0.4583726433036668,blow the man down,3.162699999986216,35   63  120   21,4,2.158065999974497,1,1.077056244217064,sub-03,,,4.161308199982159,44,M,R
13,5,James Bond.wav,10.52199546485261,0.4160607198859898,1,1.392906900029629,0.4928535431154118,james bond,2.562182400026359,71   13    5   19,3,1.412368699908257,1,1.176347266142372,sub-03,,,1.392906900029629,44,M,R
14,115,there's a hole in the bucket.wav,7.365986394557823,0.4749821084942113,1,2.241634499980137,0.4916012012849502,there's a hole,6.000683499965817,115   50    3  119,1,1.320396600058302,1,1.107530429551798,sub-03,,,2.241634499980137,44,M,R
15,37,down in my heart.wav,8.388979591836735,0.4487007382476709,1,5.089350800029933,0.4467068084192426,,6.16502950002905,70   37   89   27,2,1.420141599955969,1,1.184734612175363,sub-03,,,5.089350800029933,44,M,R
16,51,home on the range.wav,13.08498866213152,0.4045698388766886,1,2.736501100007445,0.4392574083419605,home on the range,4.271578300045803,46   95    6   51,4,1.841010100091808,1,1.111287822857548,sub-03,,,2.736501100007445,44,M,R
17,20,bingo.wav,8.920997732426304,0.4625581638374704,1,3.781835899921134,0.4280936409709018,bingo,10.66848610003944,20   96   55   87,1,0.883405499975197,1,1.168006836789744,sub-03,,,3.781835899921134,44,M,R
18,34,do wah ditty.wav,7.758004535147392,0.4860689362318965,1,2.341883499990217,0.4649627855045864,do wah diddy,4.699855900020339,34   53   32   75,1,1.375053100055084,1,1.065270804965029,sub-03,,,2.341883499990217,44,M,R
19,117,three blind mice.wav,13.92798185941043,0.4799673015857013,1,3.118985000066459,0.4816820241928008,three blind mice,2.286389300017618,53  117    2   25,2,1.437516600009985,1,1.122871264790752,sub-03,,,3.118985000066459,44,M,R
20,96,rubber duckie.wav,10.64399092970521,0.444992414179194,1,5.023429700057022,0.4956028609522192,rubber ducky,6.114027500036173,96   89   41   35,1,0.8374279999407008,1,1.15605035659473,sub-03,,,5.023429700057022,44,M,R
21,99,she'll be coming 'round the mountain.wav,8.86,0.4018550983572789,1,2.832439000019804,0.4834008130942154,she'll be coming around the mountain,8.660197800025344,64   20   23   99,3,1.782122900011018,0,1.112053072019438,sub-03,,,2.832439000019804,44,M,R
22,13,america the beautiful.wav,9.33201814058957,0.4121451565714409,1,4.875082700047642,0.4405343458915683,america the beautiful,6.814353599911556,108   13   94   17,2,1.302249200060032,1,1.184587553572655,sub-03,,,4.875082700047642,44,M,R
23,105,sugar sugar.wav,7.83501133786848,0.4617431602949658,1,5.061427300097421,0.4769922401900278,sugar sugar,2.153321199933998,105   13   81   69,1,0.733519300003536,1,1.019309107979395,sub-03,,,5.061427300097421,44,M,R
24,92,ring around the rosie.wav,7.034013605442177,0.4730335347485106,0,,0.4212720539648402,ring around the rosy,5.11737270001322,78  111   92  110,3,2.482407100033015,1,1.188552468734577,sub-03,,,,44,M,R
25,18,be kind to your web-footed friend.wav,6.993015873015873,0.441709811763247,1,1.917852899990976,0.4425375328731279,be kind to your fine-feathered friends,12.56012729997747,69   86   18   19,3,2.049507200019434,1,1.051992699354788,sub-03,,,1.917852899990976,44,M,R
26,44,good night ladies.wav,6.378004535147392,0.4976580683989444,1,3.187002899940126,0.4027987865162216,,2.590105600073002,44   14   58   91,1,2.36168319999706,1,1.058702105958503,sub-03,,,3.187002899940126,44,M,R
27,47,happy trails.wav,9.331020408163266,0.4795317714367189,0,,0.4263231730230126,,1.88287470000796,36   79  106   47,4,3.708162299939431,1,1.180932119679687,sub-03,,,,44,M,R
28,22,blowin' in the wind.wav,9.950022675736962,0.4944396912657004,1,3.480589899932966,0.4712508728049548,blowin in the wind,5.094016900053248,62   55   22  112,3,1.701025000074878,1,1.188416397867122,sub-03,,,3.480589899932966,44,M,R
29,27,can't help falling in love.wav,13.4990022675737,0.4746265298836949,1,3.821475800010376,0.4227042028081555,i can't help falling in love,7.314065699931234,80   27   49   48,2,1.466886100010015,1,1.130595539975003,sub-03,,,3.821475800010376,44,M,R
30,76,my girl.wav,10.44498866213152,0.4419122411197867,1,2.331074599991553,0.4868298250937981,my girl,3.580555900000036,30   76   86   96,2,1.103751100017689,1,1.022750306122397,sub-03,,,2.331074599991553,44,M,R
31,88,polly wolly doodle.wav,9.334013605442175,0.4864842121271438,0,,0.4127894500831197,,1.28247440000996,88   15   83   65,1,2.057440900010988,1,1.196462893556073,sub-03,,,,44,M,R
32,50,hickory dickory dock.wav,7.077006802721089,0.4274520457952068,1,5.952780700055882,0.4643367439661209,,2.183660299982876,40   27   50   53,3,3.820042600040324,1,1.076691449591881,sub-03,,,5.952780700055882,44,M,R
33,33,do as I'm doing.wav,11.67102040816327,0.4444492024271939,0,,0.4451087362014966,,1.297147299977951,89   64   33   66,3,3.173808300052769,1,1.092320515973602,sub-03,,,,44,M,R
34,40,eye of the tiger.wav,8.305986394557824,0.4689245470235257,0,,0.4198711741902672,,0.9251235000556336,102   40   59   43,2,5.64715710002929,1,1.014159679856799,sub-03,,,,44,M,R
35,14,angel is my centerfold (Example).wav,8.345986394557823,0.4631123429755514,1,2.142289999988861,0.4314606073873419,centerfold,2.818232999998145,14  107   21    4,1,2.517359100049362,1,1.008628653368072,sub-03,,,2.142289999988861,44,M,R
36,62,let it snow.wav,9.334013605442175,0.4016527900275734,1,2.702670000027865,0.4277665836195826,let it snow,4.710874199983664,25   68   64   62,4,2.809427699889056,1,1.182335172635018,sub-03,,,2.702670000027865,44,M,R
37,86,peanuts.wav,10.50399092970522,0.43275630937104,1,1.104710899991915,0.4791840050138395,theme from peanuts,6.906746400054544,71   37   86   44,3,2.666660099988803,1,1.090560167314901,sub-03,,,1.104710899991915,44,M,R
38,108,take me out to the ballgame.wav,6.194013605442177,0.4680664298738076,1,1.59109870006796,0.4837098390573801,take me out to the ball game,6.345209900056943,58  108   97   15,2,5.32099139993079,1,1.199587482118004,sub-03,,,1.59109870006796,44,M,R
39,42,froggy went a-courtin'.wav,12.20498866213152,0.4325358095565967,1,2.982022800017148,0.4006954207680209,,5.593702600104734,100   56   42   88,3,3.012748799985275,1,1.155848812760683,sub-03,,,2.982022800017148,44,M,R
40,9,a-tisket a-tasket.wav,10.41800453514739,0.4641900058141996,1,4.268883800017647,0.4930775392157131,,3.140057499986142,9    7   97   79,1,1.635690299910493,1,1.018725827085738,sub-03,,,4.268883800017647,44,M,R
41,58,itsy bitsy spider.wav,9.802993197278912,0.4716010233061272,1,4.89054000005126,0.4447004430607546,itsy bitsy spider,7.000934700015932,58    3   86   62,1,1.472376700025052,1,1.143019267398021,sub-03,,,4.89054000005126,44,M,R
42,100,shoo fly.wav,9.372018140589567,0.4671726355086741,1,3.975960100069642,0.4018459064724275,,0.7855122000910342,117  100   18   26,2,1.783527899999171,1,1.190351437582388,sub-03,,,3.975960100069642,44,M,R
43,75,my favorite things.wav,13.92698412698413,0.4089053389894537,1,1.783457100042142,0.4621890268396824,these are a few of my favourite things,7.404888499993831,121  119   75   61,3,2.076276500010863,1,1.020617592433752,sub-03,,,1.783457100042142,44,M,R
44,83,on top of old smokey.wav,12.79700680272109,0.4329923204418701,1,2.269791699945927,0.4275367263510805,on top of old smoky,5.39295150001999,91   83   13   42,2,1.828452900052071,1,1.133046858387807,sub-03,,,2.269791699945927,44,M,R
45,59,jimmy crack corn.wav,9.063990929705216,0.4646777856416116,1,2.805087900022045,0.4048033279840348,jimmy crack corn,6.261547799920663,31   53   59   45,3,1.346002800040878,1,1.142386415921638,sub-03,,,2.805087900022045,44,M,R
46,79,oh where has my little dog gone.wav,8.02,0.441142368435824,1,3.187688099918887,0.454752656191907,,4.307255599997006,32   79   87   83,2,1.930612099939026,1,1.11809383372341,sub-03,,,3.187688099918887,44,M,R
47,103,smooth criminal.wav,8.348979591836734,0.4424155465750057,1,1.305131900007837,0.4568165931364938,smooth criminal,3.173876799992286,103   86   62   52,1,0.8308644000208005,1,1.104631705654628,sub-03,,,1.305131900007837,44,M,R
48,98,sesame street.wav,9.885986394557824,0.4801147831365875,1,3.367399100097828,0.441417163882182,sesame street,3.955019699991681,98  115   19   88,1,0.7206546000670642,1,1.017934242830809,sub-03,,,3.367399100097828,44,M,R
49,80,old gray mare.wav,9.33201814058957,0.4810623799047499,1,2.904402900021523,0.4990527085957249,old grey mare,4.812134900013916,51   58   25   80,4,2.401526900008321,1,1.064807432508098,sub-03,,,2.904402900021523,44,M,R
50,8,a whole new world.wav,12.98798185941043,0.4572232070231685,1,1.393661599955522,0.4301245993038865,a whole new world,5.396892200107686,98   30    8   97,3,2.251964600058272,1,1.030229509989659,sub-03,,,1.393661599955522,44,M,R
51,41,for he's a jolly good fellow.wav,7.117006802721089,0.4999825285837875,1,2.327852400019765,0.4739132267967043,for he's a jolly good fellow,8.51044029998593,104   16  121   41,4,2.569024699972942,1,1.064347341311351,sub-03,,,2.327852400019765,44,M,R
52,116,this old man.wav,9.393015873015871,0.4827639826772556,1,1.55504129990004,0.4206649218261325,this old man,2.226426800014451,38   32  116    4,3,1.538965500076301,1,1.172995734562274,sub-03,,,1.55504129990004,44,M,R
53,104,star spangled banner.wav,12.83800453514739,0.4897096082819828,1,2.016775400028564,0.4448924423163025,oh say can you see,3.120000599999912,104   77   56   47,1,2.127767400001176,1,1.180745962351627,sub-03,,,2.016775400028564,44,M,R
54,89,pop goes the weasel.wav,7.075011337868481,0.414286676200004,1,2.289130499935709,0.4567479398932017,pop goes the weasle,3.584667299990542,89   41   65   48,1,1.870719300000928,1,1.133805960786134,sub-03,,,2.289130499935709,44,M,R
55,43,get ready.wav,7.080997732426304,0.4237080262576982,0,,0.442016412707349,,1.322575700003654,20   43   90   57,2,2.546162300044671,1,1.091773209596889,sub-03,,,,44,M,R
56,45,great escape.wav,15.75002267573696,0.4191252553020782,1,1.784568200004287,0.439001014111102,,4.95260540000163,45  112   74    4,1,4.602702599950135,1,1.167308506496966,sub-03,,,1.784568200004287,44,M,R
57,31,copacabana.wav,9.372018140589567,0.4535250574564619,1,3.186430700006895,0.4152268071155051,lola,2.154908200027421,28   84   31   72,3,2.62739459995646,1,1.179089296189928,sub-03,,,3.186430700006895,44,M,R
58,84,over the rainbow.wav,17.06698412698413,0.4317306914478646,1,3.4441934999777,0.4982908065011432,somewhere over the rainbow,4.934544900082983,6   11    8   84,4,2.260904000024311,1,1.183127637191011,sub-03,,,3.4441934999777,44,M,R
59,49,"hello mudduh, hello fadduh.wav",10.60199546485261,0.4019355160064347,1,2.319995799916796,0.4533844447073208,"hellow muddah, hello fatha",8.559215200017206,103   49   13  120,2,2.477832700009458,1,1.137064166511294,sub-03,,,2.319995799916796,44,M,R
60,10,all my loving.wav,11.52498866213152,0.4478210129047533,1,2.724802200100385,0.4298007742470702,all my loving,4.204481199965812,10  105   66   30,1,1.323587100021541,1,1.177937668966076,sub-03,,,2.724802200100385,44,M,R
61,2,I think I love you.wav,9.272018140589568,0.4294900013335106,1,5.875756100052968,0.4834790866880848,,2.323538800003007,111    2   73  121,2,5.953104900079779,1,1.025230318709118,sub-03,,,5.875756100052968,44,M,R
62,64,london bridge.wav,6.706984126984127,0.448801082022023,1,2.727268100017682,0.4040035491417006,london bridge,2.761957900016569,57   66   64   73,3,1.881233699969016,1,1.101880395464556,sub-03,,,2.727268100017682,44,M,R
63,29,cindy.wav,9.372018140589567,0.4463476326537859,0,,0.4055657983986959,,3.437979100039229,43   29   58   56,2,3.478239299962297,1,1.175818711851691,sub-03,,,,44,M,R
64,73,my bonnie lies over the ocean.wav,6.788979591836735,0.4132159261727646,1,2.901017400086857,0.4135966123551361,my bonnie lies over the ocean,6.409434500033967,95   77   45   73,4,2.122116800048389,1,1.119050660128208,sub-03,,,2.901017400086857,44,M,R
65,85,over the river and through the woods.wav,13.91301587301587,0.4999398422097903,0,,0.4683585680158666,,1.267336199991405,57  113   85   16,3,3.129981699981727,1,1.025966473542916,sub-03,,,,44,M,R
66,70,michael row the boat ashore.wav,9.372018140589567,0.4946437352664238,1,2.376175199984573,0.4909144454225223,michael rowed the boat ashore,9.292263200040908,95   23   70  120,3,2.065880400012247,1,1.073409443468886,sub-03,,,2.376175199984573,44,M,R
67,15,another one bites the dust.wav,12.46897959183674,0.4782331441659596,1,3.924155200016685,0.4025909867770372,another one bites the dust,5.594532999908552,74  117   87   15,4,1.506057600025088,1,1.053585787241164,sub-03,,,3.924155200016685,44,M,R
68,53,hush little baby.wav,9.372018140589567,0.4454522291489235,1,3.339284199988469,0.4024006112387156,,5.222129000001587,6   14   53  121,3,4.073828399996273,1,1.136343928350509,sub-03,,,3.339284199988469,44,M,R
69,52,hot cross buns.wav,6.46,0.4502290448798092,1,2.111962200026028,0.4450517174739225,three blind mice,3.523083899985068,22   59   21   52,4,4.070293100085109,1,1.075896161687387,sub-03,,,2.111962200026028,44,M,R
70,36,do-re-mi.wav,12.94399092970522,0.4109083845534454,1,2.637152399984188,0.43208350266844,it's a small world,3.862871099961922,36   45  114  115,1,8.733233599923551,1,1.096734766783555,sub-03,,,2.637152399984188,44,M,R
71,118,when the saints go marching in.wav,7.611020408163266,0.444573312948368,1,3.210306499968283,0.468616760912129,,6.615063899895176,118   50   95  102,1,1.55609879991971,1,1.031599339810021,sub-03,,,3.210306499968283,44,M,R
72,7,a spoonful of sugar.wav,8.531020408163265,0.4216818499573457,1,2.629958200035617,0.4635130367529523,a spoonful of sugar,4.833137799985707,12   17   27    7,4,3.936716500087641,1,1.135421535754637,sub-03,,,2.629958200035617,44,M,R
73,107,swing low sweet chariot.wav,9.66,0.4978011245743402,1,5.672835399978794,0.4195728473172731,,1.398425300023519,81  107    3    8,2,2.195781800081022,1,1.113705874553985,sub-03,,,5.672835399978794,44,M,R
74,78,oh susanna.wav,12.05800453514739,0.4392659984795334,1,2.007227999973111,0.4251013011181917,oh susanna,3.329524900065735,78   94   16  105,1,1.780407399986871,1,1.028392650591136,sub-03,,,2.007227999973111,44,M,R
75,113,the farmer in the dell.wav,6.994013605442177,0.4867258564409206,1,2.280571200069971,0.477478259948106,the farmer in the dell,3.862449600012042,102   79  113   65,3,2.334955899976194,1,1.084542007009422,sub-03,,,2.280571200069971,44,M,R
76,1,I feel fine.wav,10.69002267573696,0.4818918224481174,1,1.511382599943317,0.4404938619316749,i feel fine,3.66293069999665,50    1   76   45,2,1.480707499897107,1,1.181682710849393,sub-03,,,1.511382599943317,44,M,R
77,111,the bare necessities.wav,8.511020408163265,0.4672727776624062,1,3.625763699994422,0.4671042023131542,the bear necessities,5.78850040002726,18  111   34    7,2,1.826516599976458,1,1.118390856360772,sub-03,,,3.625763699994422,44,M,R
78,101,skip to my lou.wav,8.863990929705215,0.4932148441193036,1,2.986618399969302,0.4134076744828359,skip to my lou,3.446347299963236,106  101   77    2,2,1.212991499924101,1,1.095826334351709,sub-03,,,2.986618399969302,44,M,R
79,3,I think we're alone now.wav,6.298004535147392,0.4185588378477771,1,1.645522799924947,0.4717102863465215,i think we're alone now,7.485551899997517,3   90   94  119,1,1.943373599904589,1,1.022416965481874,sub-03,,,1.645522799924947,44,M,R
80,82,old mcdonald.wav,9.046984126984126,0.4590166592473874,1,3.248357700067572,0.4520025652637244,old mcdonalrd,5.196607599966228,82  112   45   69,1,1.099268899997696,1,1.099536549525836,sub-03,,,3.248357700067572,44,M,R
81,114,the muffin man.wav,9.051020408163266,0.4200899138128255,1,2.950749300071038,0.4829555032591175,,1.588862199918367,114    1  118   43,1,1.769538499996997,1,1.052645577434246,sub-03,,,2.950749300071038,44,M,R
82,69,mary had a little lamb.wav,9.045986394557824,0.4585504145020809,1,1.780314000090584,0.4748690399391792,mary had a little lamb,4.011831799987704,54   55  107   69,4,2.102051900001243,1,1.068551730216415,sub-03,,,1.780314000090584,44,M,R
83,66,love and marriage.wav,8.71700680272109,0.4065575504693004,1,1.872056000051089,0.4881366427319606,love and marriage,3.056294799898751,93  105   66  114,3,1.962434899993241,1,1.196739389640257,sub-03,,,1.872056000051089,44,M,R
84,121,you're a grand old flag.wav,9.33201814058957,0.4246366368020526,0,,0.4388633410746444,,1.136049099965021,66   46  121  114,3,3.196549499989487,1,1.071150364323755,sub-03,,,,44,M,R
85,68,love me tender.wav,9.331020408163266,0.4721745657231327,1,3.486238899989985,0.4944879691601756,,5.325429400079884,6   53   68  109,3,4.486214000033215,1,1.018978457084367,sub-03,,,3.486238899989985,44,M,R
86,54,if you're happy and you know it.wav,9.09002267573696,0.4958741366957113,1,4.949726100079715,0.4212118421949168,if you're happy and you know it,5.454434100072831,56   19   54   58,3,1.477260999963619,1,1.161376560788356,sub-03,,,4.949726100079715,44,M,R
87,4,I've been working on the railroad.wav,9.311020408163266,0.419765485587532,1,1.563993999967352,0.4894903242273393,i've been working on the railroad,8.363146000076085,16   67    4  116,3,1.709901899914257,1,1.07741774194122,sub-03,,,1.563993999967352,44,M,R
88,67,love me do.wav,12.46798185941043,0.4879475446814777,1,2.211144399945624,0.4321023913280438,love me do,1.921110600000247,67   70  103   60,1,1.13063729996793,1,1.135003936657359,sub-03,,,2.211144399945624,44,M,R
89,112,the brady bunch.wav,9.331020408163266,0.4151905299404294,1,4.099659500061534,0.4885167753384943,the brady bunch,6.416388599900529,50  112   44   90,2,1.408995700068772,1,1.0185721280254,sub-03,,,4.099659500061534,44,M,R
90,97,rudolph.wav,9.33201814058957,0.4290592227650177,1,2.109947999939322,0.4190858558391639,rudolph the red-nosed reindeer,9.504808499943463,116   87   97   25,3,2.192961400025524,1,1.160752479323913,sub-03,,,2.109947999939322,44,M,R
91,65,louie louie.wav,8.860997732426304,0.4160670037984843,1,2.08037619991228,0.4676915466738373,louie louie,3.142439000075683,111   65   88   16,2,1.163983299979009,1,1.091171843826788,sub-03,,,2.08037619991228,44,M,R
92,72,muppet show.wav,8.53201814058957,0.4646835419793881,1,2.004540199995972,0.4486692460231337,muppet show,4.201910600066185,61   72   16   71,2,0.7496121000731364,1,1.093044918345425,sub-03,,,2.004540199995972,44,M,R
93,81,old king cole.wav,9.353015873015874,0.4196089791892461,0,,0.4626469983900478,,0.9884477000450717,84   46   81    7,3,2.022945199976675,1,1.025370532930111,sub-03,,,,44,M,R
94,102,smoke on the water.wav,7.838004535147392,0.4616668023639732,1,2.478331899968907,0.4311011077727656,smoke on the water,3.734132300014608,107  106  102   54,3,1.222894800012,1,1.040098692239968,sub-03,,,2.478331899968907,44,M,R
95,28,chicken dance.wav,5.946984126984127,0.4404273331426385,1,2.065321099944413,0.4366817740358002,the chicken song,3.544238699949346,28   66  101   51,1,1.366311399964616,1,1.170542334709121,sub-03,,,2.065321099944413,44,M,R
96,91,puff the magic dragon.wav,9.333015873015873,0.4388755301773028,1,2.297276499914005,0.4047617045486634,puff the magic dragon,8.215520599973388,100   91   53   67,2,0.9177253000671044,1,1.115340431904875,sub-03,,,2.297276499914005,44,M,R
97,17,baby love.wav,7.219002267573696,0.4518989740016525,1,4.955240400042385,0.4448636727143517,,4.357760300044902,116   97   20   17,4,2.820328300003894,1,1.055642956376757,sub-03,,,4.955240400042385,44,M,R
98,56,iron man.wav,10.60498866213152,0.4400751611605852,1,2.821732299984433,0.4210050868487568,iron man,2.137394299963489,6   56   92   85,2,0.9695848999544978,1,1.156372255536329,sub-03,,,2.821732299984433,44,M,R
99,90,popeye the sailorman.wav,7.546984126984127,0.4501719030334418,1,2.161594799952582,0.4201804397925897,popeye,2.522065000026487,34   90  114   68,2,1.215073500061408,1,1.011695487002224,sub-03,,,2.161594799952582,44,M,R
100,120,yankee doodle.wav,8.572018140589568,0.4701507736241524,1,2.798304800060578,0.4802980473936596,yankee doodle,5.502204099902883,81  120    9   85,2,0.7790057000238448,1,1.009394640805485,sub-03,,,2.798304800060578,44,M,R
101,119,wouldn't it be nice.wav,8.018004535147393,0.4684715666608852,0,,0.4592516240078136,,0.7330086999572814,38  119   25   83,2,2.029156400007196,1,1.160678141669251,sub-03,,,,44,M,R
1,21,blow the man down.wav,8.491020408163266,0.4291490630854778,0,,0.4682109073552134,,1.701959800004261,91   89   21   95,2,2.939250600000378,0,1.010253236219018,sub-04,,,,23,F,R
2,121,you're a grand old flag.wav,9.33201814058957,0.4166548891677379,0,,0.4898457813319191,,1.006934500008356,105  121    5   54,2,2.242268300004071,1,1.074989792895338,sub-04,,,,23,F,R
3,12,amazing grace.wav,8.674013605442177,0.42850488189983,1,4.452752800018061,0.4953782333215789,amazing grace,9.525718599994434,54   12  117   82,2,2.3918955999834,1,1.056975058145059,sub-04,,,4.452752800018061,23,F,R
4,93,ring of fire.wav,9.04498866213152,0.4945636233237293,1,8.393622199975653,0.4614281645643815, ,6.398623399989447,93   58   10  115,1,9.011710099992342,1,1.111533399209277,sub-04,,,8.393622199975653,23,F,R
5,58,itsy bitsy spider.wav,9.802993197278912,0.4116036056605452,1,6.676816499995766,0.423565953127411,,1.406711300020106,93   84   58   86,3,2.949211500003003,1,1.039479102510131,sub-04,,,6.676816499995766,23,F,R
6,76,my girl.wav,10.44498866213152,0.4089874688280782,0,,0.4713506574597292,,0.8842074999993201,76  111  119   29,3,3.390719399991212,0,1.031298713738441,sub-04,,,,23,F,R
7,67,love me do.wav,12.46798185941043,0.4072316393567942,0,,0.4922036903589042,,0.8205114000011235,15   67  103   58,2,4.660115699982271,1,1.069899015414617,sub-04,,,,23,F,R
8,43,get ready.wav,7.080997732426304,0.4632622638615681,0,,0.4620024487761582,,1.323235399991972,70   85   43   14,4,4.398514700005762,0,1.048427244640588,sub-04,,,,23,F,R
9,28,chicken dance.wav,5.946984126984127,0.4101054837904247,1,3.748250799981179,0.4084133852000021,,1.332236599992029,113  107   28   87,4,9.929155099991476,0,1.058294318644912,sub-04,,,3.748250799981179,23,F,R
10,75,my favorite things.wav,13.92698412698413,0.4704574542473726,1,4.86156559997471,0.4212878675630886,,5.352677999995649,70    8   63   75,4,6.643520200013882,1,1.12378918395712,sub-04,,,4.86156559997471,23,F,R
11,102,smoke on the water.wav,7.838004535147392,0.4146363901444681,0,,0.4374376052509723,,0.960057600022992,118  105   88  102,4,3.957660300016869,1,1.014815622812528,sub-04,,,,23,F,R
12,74,my country 'tis of thee.wav,14.21201814058957,0.409065098996677,0,,0.4498828823350636,,1.230655499995919,118   14   15   74,4,4.886695599998347,1,1.055021418641487,sub-04,,,,23,F,R
13,38,eight days a week.wav,12.28399092970522,0.4978872669745896,0,,0.4603879900473257,,1.058181699976558,101   73   38   59,2,6.043930999992881,0,1.091841834821791,sub-04,,,,23,F,R
14,101,skip to my lou.wav,8.863990929705215,0.4026483325981304,0,,0.4639817480133581,,0.85951379998005,23  101  107   24,2,3.138593899988336,1,1.042883801798176,sub-04,,,,23,F,R
15,17,baby love.wav,7.219002267573696,0.4146363306385632,0,,0.4017471116357716,,1.315048799995566,17    9   41   60,2,3.032765900017694,0,1.167790713872739,sub-04,,,,23,F,R
16,10,all my loving.wav,11.52498866213152,0.4515102366079358,0,,0.4269286758223332,,4.487372300005518,37   10   28   38,3,4.033553400018718,0,1.147123965203015,sub-04,,,,23,F,R
17,48,heigh-ho.wav,10.50299319727891,0.4424732642518769,0,,0.4409009381865721,,1.397201199986739,48   88  107   14,4,4.579569599998649,0,1.04991583719558,sub-04,,,,23,F,R
18,97,rudolph.wav,9.33201814058957,0.4602638732933811,0,,0.433745669145632,,1.013170199992601,20  118   97   98,3,2.758364999986952,1,1.001877204852664,sub-04,,,,23,F,R
19,32,daisy bell.wav,8.062993197278912,0.4395059845641067,0,,0.4937570081441011,,1.891327599994838,51   19   32   11,3,3.002943500003312,1,1.124825833161512,sub-04,,,,23,F,R
20,72,muppet show.wav,8.53201814058957,0.4931754695065155,0,,0.4619204565180682,,1.327032000001054,100   26  108   72,2,2.822011100011878,0,1.126545581554948,sub-04,,,,23,F,R
21,70,michael row the boat ashore.wav,9.372018140589567,0.4148436479247692,0,,0.4615117438465847,,1.083968199993251,70   36    1   18,2,2.495345900009852,0,1.045531661778686,sub-04,,,,23,F,R
22,31,copacabana.wav,9.372018140589567,0.4794086253103933,0,,0.4218634248724521,,1.141911400016397,31   55   66   63,3,2.702779899991583,0,1.085494967558323,sub-04,,,,23,F,R
23,40,eye of the tiger.wav,8.305986394557824,0.4692237228041185,0,,0.455516619726331,,0.8606713999761268,20  100   50   40,4,4.004858400003286,1,1.090208936006551,sub-04,,,,23,F,R
24,96,rubber duckie.wav,10.64399092970521,0.42145896649359,0,,0.4767028638579194,,1.233000999985961,74   62   96   91,3,4.523959400015883,1,1.113988550134527,sub-04,,,,23,F,R
25,41,for he's a jolly good fellow.wav,7.117006802721089,0.4038589364367411,1,4.919566600001417,0.4977121410690243,,3.307416900002863,44   41   35  106,2,6.356246500014095,1,1.069110556965375,sub-04,,,4.919566600001417,23,F,R
26,100,shoo fly.wav,9.372018140589567,0.480478073711442,0,,0.4443697422887188,,1.387190499983262,80   89  100   77,1,4.592670799989719,0,1.199655748596723,sub-04,,,,23,F,R
27,118,when the saints go marching in.wav,7.611020408163266,0.4569010195852099,0,,0.430880560040827,,1.673987600021064,82   29   25  118,4,5.998092299996642,1,1.092883986640586,sub-04,,,,23,F,R
28,71,mickey mouse march.wav,4.778004535147392,0.4990716930216585,0,,0.4875342098128183,,1.608833099977346,10   71   22   34,3,3.897286299994448,0,1.09048229100032,sub-04,,,,23,F,R
29,56,iron man.wav,10.60498866213152,0.4101568785922048,0,,0.4321231287756349,,1.032840300002135,56   31  116   57,3,1.982337199995527,0,1.064274942593906,sub-04,,,,23,F,R
30,44,good night ladies.wav,6.378004535147392,0.4420449432527969,0,,0.4583774895848231,,0.9419035000028088,44   47   39   42,3,3.580261600000085,0,1.136725702141785,sub-04,,,,23,F,R
31,62,let it snow.wav,9.334013605442175,0.4010593777269287,1,4.570594299992081,0.4648006989126751,,0.4599548999976832,39  115   62  105,3,2.150055599980988,1,1.12187865412862,sub-04,,,4.570594299992081,23,F,R
32,29,cindy.wav,9.372018140589567,0.443490071232555,1,6.682280399982119,0.4198843516404172,,0.760163900005864,111   94   29   93,2,6.352790200005984,0,1.146275707748989,sub-04,,,6.682280399982119,23,F,R
33,98,sesame street.wav,9.885986394557824,0.4473376057354815,0,,0.4324540383396979,,0.682146199978888,98    4   33   11,1,4.018271700013429,1,1.073795878630964,sub-04,,,,23,F,R
34,81,old king cole.wav,9.353015873015874,0.4274087336737165,0,,0.429656984595051,,0.7929147999966517,108   59   81   49,2,3.179081199981738,0,1.019774195107064,sub-04,,,,23,F,R
35,19,billie jean.wav,8.305986394557824,0.4541244176650266,0,,0.4590543541291902,,0.6833871999988332,109  112   19   98,3,1.537400500004878,1,1.057412950097944,sub-04,,,,23,F,R
36,87,peter and the wolf.wav,10.82798185941043,0.4997986316781422,0,,0.4947878323148379,,1.751254500006326,87   27    9   41,3,2.465300999989267,0,1.10915857883599,sub-04,,,,23,F,R
37,90,popeye the sailorman.wav,7.546984126984127,0.4212361189617095,1,7.092570400011027,0.4406176524670841,,1.084486899984768,13   90   93   69,2,6.094863199978136,1,1.039894940651847,sub-04,,,7.092570400011027,23,F,R
38,13,america the beautiful.wav,9.33201814058957,0.4101028145949371,0,,0.4935231921460655,,0.7552453000098467,10   24   83   13,1,2.73797280000872,0,1.127468638352633,sub-04,,,,23,F,R
39,20,bingo.wav,8.920997732426304,0.4925432668023455,1,2.967204299988225,0.4258908538803135,,0.4412484000204131,62  112   90   20,3,6.598637599992799,0,1.005615772084689,sub-04,,,2.967204299988225,23,F,R
40,18,be kind to your web-footed friend.wav,6.993015873015873,0.425415621100141,0,,0.4400114983539477,,1.055827800009865,26   92   18   88,2,3.75518610002473,0,1.09889774687288,sub-04,,,,23,F,R
41,25,bye baby bunting.wav,6.319002267573696,0.4860132612450954,0,,0.4828495332504952,,0.917305100010708,64   25   54  100,1,2.556876199989347,0,1.086601946842796,sub-04,,,,23,F,R
42,94,rock-a-bye baby.wav,13.92498866213152,0.4565561314323178,0,,0.4129579633283035,,0.7895496000128333,94   41  114   31,4,4.525276300002588,0,1.047299628530527,sub-04,,,,23,F,R
43,46,happy birthday.wav,7.078004535147392,0.4462011672176906,1,2.963879400020232,0.4976126444003163, happy birthday,9.402842000010423,37   79   46   18,3,2.124466400011443,1,1.097997038639326,sub-04,,,2.963879400020232,23,F,R
44,99,she'll be coming 'round the mountain.wav,8.86,0.4576199409871166,1,5.675752300012391,0.4534381649588452, standing on christ ,42.8709022999974,116   99   35  109,3,16.593112499977,0,1.031827455434117,sub-04,,,5.675752300012391,23,F,R
45,109,teddy bear picnic.wav,8.161995464852607,0.4170144074353089,0,,0.4193191302617842,,0.6038758000067901,27  109   81    8,2,1.972500499978196,1,1.022524778830553,sub-04,,,,23,F,R
46,42,froggy went a-courtin'.wav,12.20498866213152,0.4723150122190711,1,7.270364600000903,0.4312146712401704,,0.7022762999986298,40    6   98   42,2,7.192301500006579,0,1.158265236853008,sub-04,,,7.270364600000903,23,F,R
47,5,James Bond.wav,10.52199546485261,0.4439181188031253,0,,0.4085736128960972,,0.6657691999862436,85   64    5  106,3,3.110273400001461,1,1.12909235019502,sub-04,,,,23,F,R
48,22,blowin' in the wind.wav,9.950022675736962,0.4919725544827275,0,,0.4276203222318645,,1.186256799992407,22   43   87   34,3,4.916169600008288,0,1.125983485585715,sub-04,,,,23,F,R
49,4,I've been working on the railroad.wav,9.311020408163266,0.4635870270326153,0,,0.4935324103169985,,1.437801099993521,4  114   28   94,1,5.297655499976827,1,1.091033204181241,sub-04,,,,23,F,R
50,116,this old man.wav,9.393015873015871,0.4773448426877415,1,5.60878579999553,0.4339659908846251,,1.131388099980541,116  106   26   59,2,6.323581100004958,0,1.104297630731239,sub-04,,,5.60878579999553,23,F,R
51,52,hot cross buns.wav,6.46,0.4036316743029777,0,,0.4443031872726824,,0.6597439000033773,102  103   52   12,1,4.818304500018712,0,1.088469266500741,sub-04,,,,23,F,R
52,92,ring around the rosie.wav,7.034013605442177,0.4679329896843319,1,3.763038600009168,0.4694200723265264, ring around the roses,14.73120969999582,92   53   14   87,1,3.219147800002247,1,1.18564955007256,sub-04,,,3.763038600009168,23,F,R
53,91,puff the magic dragon.wav,9.333015873015873,0.4982823050219818,0,,0.4063600412938882,,1.39264030000777,121   85   91   24,2,3.990871000016341,0,1.002501591630753,sub-04,,,,23,F,R
54,9,a-tisket a-tasket.wav,10.41800453514739,0.4317892325728488,0,,0.4482370673046526,,1.605936000007205,39   14   95    9,2,2.219454600010067,0,1.005192402127953,sub-04,,,,23,F,R
55,60,john jacob jingleheimerschmidt.wav,9.928979591836734,0.4345285130859433,0,,0.4729609094149421,,1.876825700019253,84   60   95   65,1,3.984269499982474,0,1.170109611427362,sub-04,,,,23,F,R
56,108,take me out to the ballgame.wav,6.194013605442177,0.4703198217839351,1,6.165657700010343,0.4213994076860652, take me down to the river,21.74529859999893,76   51    1  108,4,5.338469000009354,1,1.117532093603988,sub-04,,,6.165657700010343,23,F,R
57,83,on top of old smokey.wav,12.79700680272109,0.430221032715411,0,,0.4111404004598591,,1.6002015999984,69   13   45   83,3,3.013306899985764,0,1.078251806773089,sub-04,,,,23,F,R
58,66,love and marriage.wav,8.71700680272109,0.4234524847425129,0,,0.4560147971861977,,1.261923399986699,104   66   19   80,2,2.260928100004094,1,1.042164451467809,sub-04,,,,23,F,R
59,95,row your boat.wav,7.035011337868481,0.4850825984325565,1,2.618233800021699,0.4358907326629788,row row your boat ,10.56376230000751,108   65   95  101,3,3.135056600003736,1,1.135770447834411,sub-04,,,2.618233800021699,23,F,R
60,88,polly wolly doodle.wav,9.334013605442175,0.4425824546213608,1,5.739417399978265,0.4291951042037553, gentle down the street,13.01258390001021,6   88   51   68,2,9.230988700001037,1,1.118707687745698,sub-04,,,5.739417399978265,23,F,R
61,117,three blind mice.wav,13.92798185941043,0.4202887099317518,0,,0.4859134361318099,,1.743467899999814,67   24  112  117,4,3.401594299997669,1,1.053840708253085,sub-04,,,,23,F,R
62,59,jimmy crack corn.wav,9.063990929705216,0.4220629924995835,1,5.774724899994908,0.4962971024153449,,0.8229044000036083,13   59   94   14,2,6.259796099999221,1,1.193254975855486,sub-04,,,5.774724899994908,23,F,R
63,73,my bonnie lies over the ocean.wav,6.788979591836735,0.4666156966881387,0,,0.4452039180896114,,1.205523199983872,61    9   73   70,3,2.658282299991697,1,1.1304768812906,sub-04,,,,23,F,R
64,39,everlasting love.wav,8.305986394557824,0.4318172385132543,0,,0.4861288688358982,,1.141172499977984,48   39   22  120,1,2.889919700013706,0,1.14475829498321,sub-04,,,,23,F,R
65,68,love me tender.wav,9.331020408163266,0.4695161661746618,0,,0.4792860752694566,,1.139633600017987,68   10   14   29,4,2.994722700008424,0,1.056673883410318,sub-04,,,,23,F,R
66,3,I think we're alone now.wav,6.298004535147392,0.4689569965654308,0,,0.4281991959695125,,1.099665199988522,29    3   15   83,3,2.109840699995402,0,1.190208589991952,sub-04,,,,23,F,R
67,53,hush little baby.wav,9.372018140589567,0.420189860257598,1,4.190755399991758,0.4448432311705058,,1.364764899975853,53  102   31   47,1,3.857065200019861,1,1.158516471420511,sub-04,,,4.190755399991758,23,F,R
68,49,"hello mudduh, hello fadduh.wav",10.60199546485261,0.4905865938485326,0,,0.4565900020697437,,1.800535899994429,49    7   14   71,3,2.821926200005691,0,1.07097739047342,sub-04,,,,23,F,R
69,114,the muffin man.wav,9.051020408163266,0.4134091666573017,1,4.274166200018954,0.4996679522049441,,2.956700399983674,114   25   94   80,1,3.165103599982103,1,1.080308969127422,sub-04,,,4.274166200018954,23,F,R
70,54,if you're happy and you know it.wav,9.09002267573696,0.4375571779345387,1,3.759602000005543,0.4749294861093451, if you're happy and you know,16.10472789997584,54   45   57    6,1,2.32878960002563,1,1.172073563151752,sub-04,,,3.759602000005543,23,F,R
71,69,mary had a little lamb.wav,9.045986394557824,0.4153335079242778,1,5.536581099993782,0.4849009535015355, mary had a little lamb,10.62433099999907,45   69  116  106,2,2.400683999992907,1,1.101431306262642,sub-04,,,5.536581099993782,23,F,R
72,34,do wah ditty.wav,7.758004535147392,0.4894164674104645,0,,0.4086376526380721,,1.232029399980092,107   37   22   34,2,3.353833500004839,0,1.159472790119447,sub-04,,,,23,F,R
73,64,london bridge.wav,6.706984126984127,0.4447083366369693,1,4.127027300011832,0.4989285145673127,,4.887155600008555,47   97   20   64,1,11.6523096000019,0,1.121212481472818,sub-04,,,4.127027300011832,23,F,R
74,33,do as I'm doing.wav,11.67102040816327,0.4161755303469911,0,,0.4205683272747724,,0.7241350999975111,78   40   33   11,2,1.711555000016233,0,1.068985058577209,sub-04,,,,23,F,R
75,85,over the river and through the woods.wav,13.91301587301587,0.4558013318149217,0,,0.4320638056373946,,0.6825561999867205,37   85  104   49,2,3.504498399997829,1,1.156325874613656,sub-04,,,,23,F,R
76,86,peanuts.wav,10.50399092970522,0.4503535616569886,0,,0.4230679875544675,,0.710798199987039,86   20   43   75,3,2.503220000013243,0,1.135693587262529,sub-04,,,,23,F,R
77,57,it's a small world.wav,9.291020408163265,0.4339185820159038,1,8.554875400004676,0.4312668069117206,,0.9320557999890298,103   50   89   57,3,4.598456700012321,0,1.000636963827938,sub-04,,,8.554875400004676,23,F,R
78,6,YMCA.wav,14.33501133786848,0.4937980233345902,0,,0.4834520320342306,,1.340224899991881,58    6   55   29,4,3.408170499984408,0,1.193291978426955,sub-04,,,,23,F,R
1,87,peter and the wolf.wav,10.82798185941043,0.4003248530973845,0,,0.4410288165237611,,17.56382760000997,83   87   95   55,2,10.4508319000015,1,1.13306175096341,sub-05,,,,18,F,R
2,105,sugar sugar.wav,7.83501133786848,0.4833321049337005,1,7.480818299984094,0.4485395985706391,,7.457425500004319,3  105   56   82,2,3.34719510001014,1,1.156216400288809,sub-05,,,7.480818299984094,18,F,R
3,98,sesame street.wav,9.885986394557824,0.4843650145056215,0,,0.4156829383951085,,1.844702700007474,58   98  115   64,4,6.167414900002768,0,1.132890855867138,sub-05,,,,18,F,R
4,95,row your boat.wav,7.035011337868481,0.4117657208778479,1,2.321522899990669,0.4018418510923312,row row row your boat,8.287404600006994,46   95   36  120,2,1.656641600013245,1,1.144143457023409,sub-05,,,2.321522899990669,18,F,R
5,60,john jacob jingleheimerschmidt.wav,9.928979591836734,0.4305069676685322,1,6.725593399984064,0.4913398122017773,,4.676535200007493,66   60   11   44,3,5.168649400002323,0,1.170579298702694,sub-05,,,6.725593399984064,18,F,R
6,45,great escape.wav,15.75002267573696,0.4232451410020118,1,6.093765700003132,0.4096802662559004,,6.482198800018523,38   45   73   65,3,4.762331500009168,0,1.065819884548492,sub-05,,,6.093765700003132,18,F,R
7,111,the bare necessities.wav,8.511020408163265,0.4861923184200371,0,,0.4112836104447137,,3.391639000008581,97  109  111   52,3,8.103834600013215,1,1.194104323536604,sub-05,,,,18,F,R
8,3,I think we're alone now.wav,6.298004535147392,0.4488865040754737,1,5.104250899981707,0.4328588736807788,,8.017076200019801,3   45   18   63,1,5.545179900014773,1,1.169324219157129,sub-05,,,5.104250899981707,18,F,R
9,99,she'll be coming 'round the mountain.wav,8.86,0.4975024292136096,1,1.374957299995003,0.4663693170749014,mountain,6.274938500020653,36   99  101  119,2,1.804616100009298,1,1.190204084300344,sub-05,,,1.374957299995003,18,F,R
10,118,when the saints go marching in.wav,7.611020408163266,0.4972309038359587,1,2.225282000028528,0.4144413919881477,,6.736300499993376,16   97   51  118,3,5.711871999985306,0,1.165805814800422,sub-05,,,2.225282000028528,18,F,R
11,102,smoke on the water.wav,7.838004535147392,0.4742915995413183,1,6.85796819999814,0.4220759736442277,pink panther,5.101066500006709,67   91   49  102,1,4.894746300007682,0,1.050989955075855,sub-05,,,6.85796819999814,18,F,R
12,55,in a gadda da vida.wav,8.306984126984126,0.4542060231166481,0,,0.4120861318409473,,1.75336529998458,55   50   40  104,1,4.783827700011898,1,1.198489860881329,sub-05,,,,18,F,R
13,34,do wah ditty.wav,7.758004535147392,0.4976149079217548,0,,0.4839294423027301,,3.283205899992026,111   58   34   25,3,10.01853479997953,1,1.098110997415066,sub-05,,,,18,F,R
14,100,shoo fly.wav,9.372018140589567,0.4060447333105359,1,4.469525699998485,0.4488850703117221,,3.623454399988987,29  117   16  100,3,6.33347660000436,0,1.029777535501603,sub-05,,,4.469525699998485,18,F,R
15,52,hot cross buns.wav,6.46,0.4609163062535575,1,3.600043999991613,0.4030804491904101,hot cross buns,6.202343000011751,78   46   52   49,3,1.747868800011929,1,1.057377253233293,sub-05,,,3.600043999991613,18,F,R
16,48,heigh-ho.wav,10.50299319727891,0.4171237325685962,1,4.181941699993331,0.4527325664999868,,10.8158936999971,48   42   62  117,1,8.07122669997625,1,1.033316740253339,sub-05,,,4.181941699993331,18,F,R
17,103,smooth criminal.wav,8.348979591836734,0.450685222050656,1,3.76956510002492,0.4986741526606234,are you okay,5.842683199996827,55  103    8   86,2,4.248557200015057,1,1.106876400417009,sub-05,,,3.76956510002492,18,F,R
18,85,over the river and through the woods.wav,13.91301587301587,0.4324885040512813,1,3.193008900008863,0.4315509848835697,,3.586468599998625,118   65   90   85,4,4.616763199999696,1,1.16133837739368,sub-05,,,3.193008900008863,18,F,R
19,78,oh susanna.wav,12.05800453514739,0.4382608518489814,1,2.432772000000114,0.4635834689323547,,13.41432760001044,78   69   62  104,4,8.132425099989632,0,1.000707807725396,sub-05,,,2.432772000000114,18,F,R
20,89,pop goes the weasel.wav,7.075011337868481,0.4541106745060006,1,1.695255500002531,0.4566444431116692,merry go round,9.291323400015244,113   89   49   25,2,3.813175399991451,1,1.115196983141759,sub-05,,,1.695255500002531,18,F,R
21,56,iron man.wav,10.60498866213152,0.4711816865795855,1,6.234368500008713,0.4451564790150205,,6.62611349998042,52   56  109  118,2,7.544443199993111,1,1.109354979509127,sub-05,,,6.234368500008713,18,F,R
22,49,"hello mudduh, hello fadduh.wav",10.60199546485261,0.4213309591261578,1,2.343881999986479,0.4705735368282384,hello muddah,4.827049399988027,108   88   49   90,3,2.343579000007594,1,1.041756630154954,sub-05,,,2.343881999986479,18,F,R
23,16,are you sleeping brother john.wav,9.376009070294783,0.4340280117634328,1,2.97736249997979,0.4831631022040546,do re mi,4.239284199982649,53   16   12   88,2,2.382312400004594,1,1.005422158528158,sub-05,,,2.97736249997979,18,F,R
24,93,ring of fire.wav,9.04498866213152,0.4477563538594846,0,,0.4946552382119948,,1.800944300019182,93   78   72  118,3,5.432910999981686,0,1.110037379237705,sub-05,,,,18,F,R
25,57,it's a small world.wav,9.291020408163265,0.4524291478351501,1,2.009950600011507,0.4257458001278439,,6.521281699999236,98   45   57   40,2,9.843718300020557,0,1.137414100831429,sub-05,,,2.009950600011507,18,F,R
26,84,over the rainbow.wav,17.06698412698413,0.4630880067274745,1,3.331435100000817,0.4229366472500635,over the rainbow,4.828437499993015,17   21   84   43,3,1.856225499999709,1,1.076314739159815,sub-05,,,3.331435100000817,18,F,R
27,67,love me do.wav,12.46798185941043,0.4636056127177777,1,4.831007300002966,0.4754809207144812, ,9.952285799983656,106   87   33   67,1,10.51375459998962,0,1.061389555410239,sub-05,,,4.831007300002966,18,F,R
28,80,old gray mare.wav,9.33201814058957,0.4170758009554572,1,8.42520080000395,0.419406206412527,,10.21170770001481,37   96   32   80,2,8.365364900004352,0,1.133515508752964,sub-05,,,8.42520080000395,18,F,R
29,77,ob la di ob la da.wav,14.81401360544218,0.4102181456277197,1,7.997705899993889,0.4686387857230588,,9.312379699986195,87   77    6   86,2,7.746530100004748,1,1.133146994075299,sub-05,,,7.997705899993889,18,F,R
30,36,do-re-mi.wav,12.94399092970522,0.4831470211383964,1,4.07666479999898,0.4226802556703119,female deer,14.07654670000193,36  116  104   69,2,15.4501098000037,0,1.155783226391839,sub-05,,,4.07666479999898,18,F,R
31,92,ring around the rosie.wav,7.034013605442177,0.4227018277163089,1,1.5262733999989,0.4184989098378437,rain rain go away,18.08300159999635,92    1   50   62,1,3.562711999984458,1,1.040483693133515,sub-05,,,1.5262733999989,18,F,R
32,69,mary had a little lamb.wav,9.045986394557824,0.4396025288602297,1,1.829882199992426,0.4470960364673189,mary had a little lamb,6.425967799994396,54   69   88   55,2,1.624558500014246,1,1.103074705564828,sub-05,,,1.829882199992426,18,F,R
33,119,wouldn't it be nice.wav,8.018004535147393,0.4087849254899167,1,2.690686000016285,0.430030825377894,wouldn't it be nice,5.097160500008613,119   46   81   10,1,1.416900999989593,1,1.16874379836782,sub-05,,,2.690686000016285,18,F,R
34,7,a spoonful of sugar.wav,8.531020408163265,0.4270949288872959,1,6.476019099995028,0.4043650853334907,,4.365875999996206,95   45   44    7,4,3.451586300012423,1,1.068562282826972,sub-05,,,6.476019099995028,18,F,R
35,14,angel is my centerfold (Example).wav,8.345986394557823,0.4345854284067058,1,3.581261599989375,0.4796560692169325,muffin man,3.780004300002474,25   79   50   14,2,10.66662720000022,0,1.039646802324418,sub-05,,,3.581261599989375,18,F,R
36,53,hush little baby.wav,9.372018140589567,0.4723234211201139,1,2.88700119999703,0.4941432449751333,this little baby,11.428309800016,114   53   22  112,2,2.1982255000039,1,1.198919226459765,sub-05,,,2.88700119999703,18,F,R
37,70,michael row the boat ashore.wav,9.372018140589567,0.4040215782713224,0,,0.435365216072794,,1.232822799996939,53   58  118   70,3,6.882068699982483,0,1.009564149326998,sub-05,,,,18,F,R
38,39,everlasting love.wav,8.305986394557824,0.4705073844188359,0,,0.4162867619260509,,1.616265399992699,20   39   59   66,3,13.41836490001879,0,1.089229806210805,sub-05,,,,18,F,R
39,40,eye of the tiger.wav,8.305986394557824,0.4843767846340492,1,4.38756000000285,0.4402999432258783,survivor,16.41401579999365,89   74   40   41,3,3.960033300012583,1,1.120257412457432,sub-05,,,4.38756000000285,18,F,R
40,9,a-tisket a-tasket.wav,10.41800453514739,0.4582273881975157,1,4.5850405000092,0.4117976612273193,,17.49575040000491,69   98   22    9,3,11.03669549999177,0,1.178038884135265,sub-05,,,4.5850405000092,18,F,R
41,72,muppet show.wav,8.53201814058957,0.4387031344902425,1,3.808455000020331,0.4206553077237729,,15.83195540000452,103   34   72   80,4,17.88249910000013,0,1.111625431202089,sub-05,,,3.808455000020331,18,F,R
42,35,do your ears hang low.wav,9.661995464852607,0.4430880755117003,1,1.630095600005006,0.4966293755414285,do your knees hang low,19.39330379999592,28   12  103   35,4,6.415303600020707,1,1.000324083838436,sub-05,,,1.630095600005006,18,F,R
43,75,my favorite things.wav,13.92698412698413,0.4901686645954443,1,4.023395700001856,0.4811138968769565,christmas day,13.21476870001061,107   75   42   23,2,12.75876759999665,1,1.193980246914748,sub-05,,,4.023395700001856,18,F,R
44,44,good night ladies.wav,6.378004535147392,0.4840394131989868,0,,0.4161104234724115,,8.870920499990461,74   37   44   19,3,4.818901099992217,1,1.12914360358467,sub-05,,,,18,F,R
45,32,daisy bell.wav,8.062993197278912,0.4726766204822332,1,4.832403099979274,0.469757380182454,,10.37494810001226,39   32   75  116,2,12.76500000001397,1,1.01188335149356,sub-05,,,4.832403099979274,18,F,R
46,104,star spangled banner.wav,12.83800453514739,0.4281227434687048,1,3.711807900021086,0.412869107240618,angel,17.45671610001591,112   86  104   18,3,2.513174500025343,1,1.182532862704619,sub-05,,,3.711807900021086,18,F,R
47,83,on top of old smokey.wav,12.79700680272109,0.4777267029679658,1,7.423757699987618,0.4901663251343259,,17.90955739998026,83  103   49   76,1,6.886111400002846,1,1.109664915691918,sub-05,,,7.423757699987618,18,F,R
48,27,can't help falling in love.wav,13.4990022675737,0.4334868046828094,1,7.620079899992561,0.4626973519787458,,10.4333890999842,52   81   27   60,3,3.67288080000435,1,1.10153619110124,sub-05,,,7.620079899992561,18,F,R
49,17,baby love.wav,7.219002267573696,0.4517968656774637,0,,0.4072446666492664,,1.49907260001055,117   28    4   17,4,3.627488800004357,1,1.072864185945786,sub-05,,,,18,F,R
50,63,little jack horner.wav,6.793015873015873,0.4069973879037962,1,5.717466500005685,0.4175203976578489,,9.976965300011216,22   63   69    3,2,3.390919800003758,1,1.120289245412909,sub-05,,,5.717466500005685,18,F,R
51,113,the farmer in the dell.wav,6.994013605442177,0.4343025940339788,1,4.734559700009413,0.4357660042271835,,8.549310800008243,113   34  117  104,1,2.138590799993835,1,1.134680174441464,sub-05,,,4.734559700009413,18,F,R
52,50,hickory dickory dock.wav,7.077006802721089,0.4230236562537706,0,,0.491638442463003,,2.77848740000627,55   11   44   50,4,5.226489900000161,1,1.154415042659898,sub-05,,,,18,F,R
53,86,peanuts.wav,10.50399092970522,0.4355813065114686,0,,0.423095113376559,,1.364408800000092,41   86   14   78,1,9.964981199998874,0,1.111861208180393,sub-05,,,,18,F,R
54,10,all my loving.wav,11.52498866213152,0.4753436926695752,0,,0.4387310610859719,,2.161115199996857,105   10   81  102,2,8.864557799999602,1,1.152246630784384,sub-05,,,,18,F,R
55,82,old mcdonald.wav,9.046984126984126,0.4593521525922802,1,2.299872500007041,0.4521619632614683,old mcdonald had a farm,6.925375899998471,94   82   62   43,2,2.127172900014557,1,1.00552995349488,sub-05,,,2.299872500007041,18,F,R
56,37,down in my heart.wav,8.388979591836735,0.4713745445008101,1,4.30995019999682,0.4171320046317165,,1.568874999997206,103    7   21   37,4,7.767679899989162,1,1.017270165520707,sub-05,,,4.30995019999682,18,F,R
57,51,home on the range.wav,13.08498866213152,0.480495309257398,1,6.881324099987978,0.4776973680337596,,4.589158399990993,73    6   51   74,1,8.69735290002427,0,1.098760887553482,sub-05,,,6.881324099987978,18,F,R
58,106,super mario world.wav,12.28598639455782,0.4344695357282457,1,3.857539999997243,0.4434160877477655,,16.14814139998634,33   54  106   25,4,13.1786156000162,0,1.177026225134115,sub-05,,,3.857539999997243,18,F,R
59,121,you're a grand old flag.wav,9.33201814058957,0.4063937263962913,0,,0.4522419765059486,,0.9702529000060168,49   45  121    9,4,11.99819080001907,0,1.01585608346011,sub-05,,,,18,F,R
60,64,london bridge.wav,6.706984126984127,0.4872846053700453,1,2.243811799999094,0.4809928152028115,london bridge is falling down,7.845856300002197,64   18   50   22,1,2.36562729999423,1,1.028407449326277,sub-05,,,2.243811799999094,18,F,R
61,43,get ready.wav,7.080997732426304,0.4610338179625306,0,,0.4701209805681041,,14.25054680000176,66   79  116   43,4,6.903526599984616,1,1.007589222819337,sub-05,,,,18,F,R
62,66,love and marriage.wav,8.71700680272109,0.4346974447404197,0,,0.4508151632527704,pink panther,4.476135300006717,66   72   40   15,1,5.308919500006596,1,1.144836272173948,sub-05,,,,18,F,R
63,47,happy trails.wav,9.331020408163266,0.4106730849083101,0,,0.4037898470941088,,1.146834400016814,47   74   15    1,1,5.70124009999563,1,1.056107385922219,sub-05,,,,18,F,R
64,74,my country 'tis of thee.wav,14.21201814058957,0.4778400583978649,0,,0.4539651197173087,,3.232712299999548,74   69  111   46,3,3.810924299992621,0,1.139962553017865,sub-05,,,,18,F,R
65,38,eight days a week.wav,12.28399092970522,0.4974902631738959,0,,0.4437228918588286,,14.95231540000532,21   38  120   62,3,5.764975100028096,0,1.150351443761326,sub-05,,,,18,F,R
66,120,yankee doodle.wav,8.572018140589568,0.4756078895279213,1,3.806161200016504,0.4637524939388881,who lives down the lane,15.77704620000441,9   76   63  120,4,8.365661699994234,1,1.097267807516713,sub-05,,,3.806161200016504,18,F,R
1,18,be kind to your web-footed friend.wav,6.993015873015873,0.4207482311550185,0,,0.429313478185258,,6.893573499983177,54   18   17   76,1,10.69074460002594,0,1.071237572030061,sub-06,,,,18,F,R
2,105,sugar sugar.wav,7.83501133786848,0.4655929004126322,0,,0.4123515091676326,,2.76851829997031,98  111  105   26,3,9.315583000017796,1,1.107157177913135,sub-06,,,,18,F,R
3,90,popeye the sailorman.wav,7.546984126984127,0.4969332390393256,0,,0.4314119345595387, ,2.485051899973769,73  103   90   42,2,9.6735323999892,0,1.067398819509688,sub-06,,,,18,F,R
4,4,I've been working on the railroad.wav,9.311020408163266,0.4382565611145808,1,4.668640899995808,0.4478458309211011,,4.555164800025523,4   23   80   57,2,8.066143600037321,0,1.149768062462314,sub-06,,,4.668640899995808,18,F,R
5,47,happy trails.wav,9.331020408163266,0.4135136030763712,0,,0.436683776915215,,2.554804200015496,14   46  101   47,3,11.69421809999039,0,1.044343925750744,sub-06,,,,18,F,R
6,46,happy birthday.wav,7.078004535147392,0.4707729224183212,1,3.184569999983069,0.4644555000972429,happy birthday,6.42675430001691,108   46    9    7,2,2.317793499969412,1,1.072176096134769,sub-06,,,3.184569999983069,18,F,R
7,89,pop goes the weasel.wav,7.075011337868481,0.4570446065243844,1,3.724757799995132,0.4333563266755416,,1.230561600008514,121   92   85   89,4,10.9993537000264,1,1.185778911969079,sub-06,,,3.724757799995132,18,F,R
8,28,chicken dance.wav,5.946984126984127,0.4451035590062234,1,4.062403800024185,0.4310262518872415,if your happy and you know it ,7.276020799996331,23   31   28   44,3,8.514402200002223,1,1.051876024264755,sub-06,,,4.062403800024185,18,F,R
9,111,the bare necessities.wav,8.511020408163265,0.4714945437694328,0,,0.4306947763500543,,1.310521900013555,91   23  111  106,4,6.497692200005986,0,1.115808955653978,sub-06,,,,18,F,R
10,70,michael row the boat ashore.wav,9.372018140589567,0.4849888259742054,0,,0.4512174776149314,,1.48857320001116,48   70   58  106,3,5.631303100031801,0,1.018102109501121,sub-06,,,,18,F,R
11,71,mickey mouse march.wav,4.778004535147392,0.4552979826245602,0,,0.4810383186566519,,2.479091299988795,8   71  116  107,2,5.484017899958417,1,1.031767520049283,sub-06,,,,18,F,R
12,1,I feel fine.wav,10.69002267573696,0.4110798835374443,0,,0.4986398191969722,,1.273338700004388,1   92  118   12,2,4.622086299990769,0,1.005417432534893,sub-06,,,,18,F,R
13,2,I think I love you.wav,9.272018140589568,0.4565388843231259,0,,0.4797829579925378,,3.254747600003611,2   67   26  110,3,6.485351000039373,0,1.156345384082208,sub-06,,,,18,F,R
14,97,rudolph.wav,9.33201814058957,0.4212977048804242,1,4.468715300026815,0.430289966656825,rudolf thered nose ,7.795183099980932,105   77   97   18,3,3.180664399988018,1,1.112109486120764,sub-06,,,4.468715300026815,18,F,R
15,22,blowin' in the wind.wav,9.950022675736962,0.4914224431965099,0,,0.4958729016348549,,1.596261999977287,13   22    1   33,2,7.091463400050998,1,1.142607983695528,sub-06,,,,18,F,R
16,72,muppet show.wav,8.53201814058957,0.4634606599197331,0,,0.4318334925972865,,0.8073118000174873,15   51   59   72,4,5.750643100007437,1,1.110511648108028,sub-06,,,,18,F,R
17,104,star spangled banner.wav,12.83800453514739,0.4842132289993924,0,,0.4495167977433024,,2.516219499986619,104  121   61   37,3,6.176946799969301,0,1.036985494759117,sub-06,,,,18,F,R
18,85,over the river and through the woods.wav,13.91301587301587,0.4968375386805569,1,6.307805599994026,0.4466080590217866,,1.962601599982008,99    2   85    7,3,5.632537900004536,1,1.150088147251166,sub-06,,,6.307805599994026,18,F,R
19,118,when the saints go marching in.wav,7.611020408163266,0.487695715612021,0,,0.4402246397081236, ,1.510651599965058,118   30    4   80,1,4.536923800013028,1,1.194635093123176,sub-06,,,,18,F,R
20,56,iron man.wav,10.60498866213152,0.4746821968467235,1,7.243270899984054,0.4789997891499185,,1.363815899996553,63   56   10    6,4,5.047246699978132,0,1.078571497768186,sub-06,,,7.243270899984054,18,F,R
21,6,YMCA.wav,14.33501133786848,0.4412123810412067,0,,0.4671262644964579,,2.350047099986114,94    6   42   52,4,5.331826400011778,0,1.151368190403349,sub-06,,,,18,F,R
22,54,if you're happy and you know it.wav,9.09002267573696,0.4992337991084576,0,,0.4643372094004443,,1.538557399995625,3   54    5   32,2,2.77972829999635,1,1.142475148815492,sub-06,,,,18,F,R
23,49,"hello mudduh, hello fadduh.wav",10.60199546485261,0.4764083885067704,0,,0.4493100198345125,,0.9456560999969952,13   49   14   79,4,5.869378799980041,0,1.189961808089144,sub-06,,,,18,F,R
24,15,another one bites the dust.wav,12.46897959183674,0.4917509644188088,0,,0.4850364528847114,,2.054025700024795,45   15   57   31,3,4.675521500001196,0,1.155381954871282,sub-06,,,,18,F,R
25,58,itsy bitsy spider.wav,9.802993197278912,0.4566477792645385,1,8.35463090002304,0.4140155342684291,,2.143503100029193,21   58   38   92,2,5.411986399965826,1,1.128797098585215,sub-06,,,8.35463090002304,18,F,R
26,27,can't help falling in love.wav,13.4990022675737,0.467578302680079,0,,0.4218517672877165,,2.36297239997657,113  115   27   76,3,7.842424599977676,1,1.163473433710408,sub-06,,,,18,F,R
27,120,yankee doodle.wav,8.572018140589568,0.4295806842238337,1,3.919144499988761,0.4686561121834831,,1.369989000027999,113   41   47  120,3,8.414386700023897,0,1.009854748124086,sub-06,,,3.919144499988761,18,F,R
28,29,cindy.wav,9.372018140589567,0.4806676957264414,0,,0.4309590123043729,,2.316537600010633,51  109  104   29,4,4.863561699981801,1,1.115610053496122,sub-06,,,,18,F,R
29,87,peter and the wolf.wav,10.82798185941043,0.4080717425924273,0,,0.4785526824161409,,1.770034299988765,38   77   86   87,1,8.45621570001822,0,1.157419620945571,sub-06,,,,18,F,R
30,55,in a gadda da vida.wav,8.306984126984126,0.4012071883202009,1,6.861187400005292,0.4777824147577968,,3.367410600010771,55  107   43  100,2,8.85284440004034,0,1.06458489852667,sub-06,,,6.861187400005292,18,F,R
31,115,there's a hole in the bucket.wav,7.365986394557823,0.4310533663563478,0,,0.4337681698510176,,3.067191099980846,27  115   50    9,3,5.461217399977613,0,1.108994510649472,sub-06,,,,18,F,R
32,102,smoke on the water.wav,7.838004535147392,0.4931508665094201,0,,0.4952495758598576,,1.977896599972155,52   51   34  102,1,5.107244499959052,0,1.103312298747787,sub-06,,,,18,F,R
33,7,a spoonful of sugar.wav,8.531020408163265,0.4839662668651744,0,,0.4291831149747181,,1.978306100005284,23    7    4   48,4,6.212296199984848,0,1.107968278569345,sub-06,,,,18,F,R
34,23,brahms lullaby.wav,12.28399092970522,0.4904198660124305,0,,0.498321418919335,,1.894777800014708,111   87   38   23,2,5.193575200042687,0,1.183662062968148,sub-06,,,,18,F,R
35,63,little jack horner.wav,6.793015873015873,0.4110882383783623,1,6.384233400051016,0.4437268135416722,,1.510461900033988,63   66   91   46,1,6.130687800003216,1,1.168993448253482,sub-06,,,6.384233400051016,18,F,R
36,34,do wah ditty.wav,7.758004535147392,0.4335702684575171,0,,0.4478413807918785,,1.656546399986837,8   34   68   97,1,4.473568100016564,0,1.177989129194325,sub-06,,,,18,F,R
37,78,oh susanna.wav,12.05800453514739,0.4295870566061848,1,6.117246200039517,0.4737852715835262,,0.9966846000170336,83    9   78  102,2,6.64156020001974,0,1.19517809653628,sub-06,,,6.117246200039517,18,F,R
38,86,peanuts.wav,10.50399092970522,0.4838607491814196,1,10.0188798000454,0.41778494140832,,3.557452900044154,90   86   84   88,3,7.730029099970125,0,1.001777227660331,sub-06,,,10.0188798000454,18,F,R
39,64,london bridge.wav,6.706984126984127,0.4024414392669149,0,,0.4667706883178205,,1.226138100028038,8   64   95   70,3,5.800505299994256,0,1.059541388976276,sub-06,,,,18,F,R
40,37,down in my heart.wav,8.388979591836735,0.40879986012354,0,,0.4262778362488089,,2.028805900015868,37   27  109  102,1,7.206451200006995,1,1.048696071146435,sub-06,,,,18,F,R
41,117,three blind mice.wav,13.92798185941043,0.4693409745572281,0,,0.423742158380918,,1.260905399976764,103  117   16   10,1,2.972750400018413,0,1.007769765004773,sub-06,,,,18,F,R
42,57,it's a small world.wav,9.291020408163265,0.494551212922933,0,,0.4054083556523633,,1.506480299984105,57   93   30  113,3,5.836965899972711,0,1.1664729708182,sub-06,,,,18,F,R
43,88,polly wolly doodle.wav,9.334013605442175,0.4925717128767596,1,3.910339299996849,0.4258152993088189,,8.497549399966374,10  113  110   88,2,3.910729800001718,0,1.059724831556216,sub-06,,,3.910339299996849,18,F,R
44,73,my bonnie lies over the ocean.wav,6.788979591836735,0.4523476697158921,0,,0.4742728255814785,,1.965846600010991,17   56   58   73,4,6.484132300014608,1,1.150689309536459,sub-06,,,,18,F,R
45,62,let it snow.wav,9.334013605442175,0.4492113563050416,0,,0.4246189817920972,,1.514231499982998,62   23   22   33,1,6.403348000021651,1,1.069808897719523,sub-06,,,,18,F,R
46,107,swing low sweet chariot.wav,9.66,0.4950904406754286,0,,0.4544863718293283,,1.669202599965502,52   19   90  107,3,5.655651100038085,0,1.008271476054012,sub-06,,,,18,F,R
47,106,super mario world.wav,12.28598639455782,0.4642764107739109,0,,0.478076804621579,,2.442395599966403,115    2   51  106,4,4.19138999999268,1,1.004969423042807,sub-06,,,,18,F,R
48,98,sesame street.wav,9.885986394557824,0.4270027507916155,0,,0.4288621753754456,,1.729078700009268,117   48   10   98,3,4.894273000012618,0,1.001343600574651,sub-06,,,,18,F,R
49,67,love me do.wav,12.46798185941043,0.4356308203889174,1,6.362805800046772,0.492853725370023,,13.88511670002481,82   67   99  106,1,7.068688099971041,0,1.16507863884605,sub-06,,,6.362805800046772,18,F,R
50,25,bye baby bunting.wav,6.319002267573696,0.4576197615575255,0,,0.4648376859913692,,3.09664070000872,25  101   23   29,2,3.013087400002405,0,1.019721198877577,sub-06,,,,18,F,R
51,103,smooth criminal.wav,8.348979591836734,0.488133026779721,0,,0.4892569137351117,,0.8996488000266254,8  106  103   70,4,4.373622100043576,0,1.127899494326978,sub-06,,,,18,F,R
52,75,my favorite things.wav,13.92698412698413,0.4287186969875725,0,,0.480376869306307,,1.289928400015924,86   11   75  101,3,3.85011110000778,1,1.054649980507107,sub-06,,,,18,F,R
53,21,blow the man down.wav,8.491020408163266,0.4207452034252918,0,,0.4452504705336214,,1.967960099980701,21   68  119   72,2,6.202390899998136,0,1.0897875938066,sub-06,,,,18,F,R
54,95,row your boat.wav,7.035011337868481,0.4937865957105772,1,5.141656100051478,0.4341508145836488,,2.462624900043011,95    4  100  107,1,3.506642899999861,1,1.005732505527749,sub-06,,,5.141656100051478,18,F,R
55,101,skip to my lou.wav,8.863990929705215,0.4219824098937934,0,,0.4712272647865361,,1.802441799954977,61   97  101  102,3,5.523407300002873,1,1.034317113185073,sub-06,,,,18,F,R
56,69,mary had a little lamb.wav,9.045986394557824,0.4441023646520505,0,,0.4740348731168433,,1.270889099978376,69   47   76  104,1,2.120139599952381,1,1.072348841921082,sub-06,,,,18,F,R
57,35,do your ears hang low.wav,9.661995464852607,0.4999683734055764,1,6.472570499987341,0.4035992777540482,,1.390222400019411,54  113   75   35,1,7.539989000011701,0,1.138679542013363,sub-06,,,6.472570499987341,18,F,R
58,32,daisy bell.wav,8.062993197278912,0.4272529788613098,0,,0.4878719441053156,,1.773577700019814,32    4  108    9,4,5.599887299991678,0,1.008765497557711,sub-06,,,,18,F,R
59,94,rock-a-bye baby.wav,13.92498866213152,0.432166137204506,0,,0.4747173512453664,,1.001463999971747,94   13    6   67,1,3.528231699950993,1,1.015423662529725,sub-06,,,,18,F,R
60,77,ob la di ob la da.wav,14.81401360544218,0.4498823383969036,1,9.445644100022037,0.4593905978750555,,1.883442900027148,110   40   77   23,2,4.691070700006094,0,1.114103833095927,sub-06,,,9.445644100022037,18,F,R
61,45,great escape.wav,15.75002267573696,0.4004937860401321,1,14.59631230001105,0.4937327466077656,,2.572938100027386,45  101  107  118,1,9.124365399999078,1,1.143783457163249,sub-06,,,14.59631230001105,18,F,R
62,92,ring around the rosie.wav,7.034013605442177,0.4072150080510534,1,5.640490200021304,0.4465558504002238,,1.441392099950463,22   92   84   37,2,2.718652300012764,1,1.102486517189359,sub-06,,,5.640490200021304,18,F,R
63,36,do-re-mi.wav,12.94399092970522,0.4510354322443788,0,,0.4669355033840183,,1.704477600054815,102   36   80   95,1,5.49928170000203,0,1.079198051998462,sub-06,,,,18,F,R
64,96,rubber duckie.wav,10.64399092970521,0.4188904165476284,0,,0.4114083988576743,,2.66266050003469,22  121   96   47,1,4.805594299978111,0,1.055679708403708,sub-06,,,,18,F,R
65,82,old mcdonald.wav,9.046984126984126,0.4665623452313019,1,8.417497299960814,0.4983306958270154,old macdonald,9.157935499970336,80   82   67   39,2,1.956181999994442,1,1.096448059194314,sub-06,,,8.417497299960814,18,F,R
66,52,hot cross buns.wav,6.46,0.4963904250536388,1,6.302574600034859,0.4474510586718022,,2.158243599988054,52   36   53  111,1,1.762375699996483,1,1.162021720782267,sub-06,,,6.302574600034859,18,F,R
67,114,the muffin man.wav,9.051020408163266,0.4512385564742583,1,8.38720860000467,0.4844262696117037,,1.457411199982744,114   21   27   95,3,9.14226090000011,0,1.147436774299605,sub-06,,,8.38720860000467,18,F,R
68,53,hush little baby.wav,9.372018140589567,0.4665844937729852,1,4.815885499992874,0.4073987316906234,mockingbird,2.872455499949865,31   86    7   53,4,3.189406000019517,1,1.106012857866177,sub-06,,,4.815885499992874,18,F,R
69,5,James Bond.wav,10.52199546485261,0.4855676018102267,0,,0.4069429196078327,,1.464007499977015,5   32   41   66,2,6.334604599978775,0,1.067261474937602,sub-06,,,,18,F,R
70,93,ring of fire.wav,9.04498866213152,0.493771330403016,0,,0.467751505446331,,2.598345000005793,18   72   17   93,4,3.890986100013833,1,1.105846438139265,sub-06,,,,18,F,R
71,68,love me tender.wav,9.331020408163266,0.4837292823962851,0,,0.4088142057891046,,1.230508900014684,79   10   68  114,4,4.358992800000124,0,1.194464638861645,sub-06,,,,18,F,R
72,48,heigh-ho.wav,10.50299319727891,0.4584696017686712,0,,0.4412171311263339,,0.999650300014764,28   48  120  106,3,5.083267499983776,0,1.098072774747769,sub-06,,,,18,F,R
1,90,popeye the sailorman.wav,7.546984126984127,0.4288470643069525,0,,0.4041859800592553,  ,5.627969699999085,55   15   58   90,2,8.78097940000589,0,1.128100429553354,sub-07,,,,23,F,R
2,120,yankee doodle.wav,8.572018140589568,0.4871961479429299,1,3.652450099994894,0.4837501820930881,,7.173952299999655,66   74   34  120,3,7.501377499997034,0,1.094859204424643,sub-07,,,3.652450099994894,23,F,R
3,75,my favorite things.wav,13.92698412698413,0.4714633274098088,0,,0.4301998966149822,,3.752960900004837,72   32   42   75,4,11.36020730000018,1,1.021175429332561,sub-07,,,,23,F,R
4,17,baby love.wav,7.219002267573696,0.4168006304652372,0,,0.4934576654289931,,2.164370799997414,58    4  112   17,2,3.677321799994388,0,1.173262630247594,sub-07,,,,23,F,R
5,121,you're a grand old flag.wav,9.33201814058957,0.4584347712241045,0,,0.4946006079930346,,1.549071099994762,95   89   21  121,3,5.813718299999891,0,1.131833817113813,sub-07,,,,23,F,R
6,8,a whole new world.wav,12.98798185941043,0.4274201448037618,0,,0.4123243018289825,,1.651240099999995,44   34   77    8,1,1.973351000000548,0,1.121075865999743,sub-07,,,,23,F,R
7,96,rubber duckie.wav,10.64399092970521,0.4953378071317477,0,,0.4660171356948497,,1.473783099994762,96  104   23   48,4,3.260899200002314,0,1.086540059732824,sub-07,,,,23,F,R
8,119,wouldn't it be nice.wav,8.018004535147393,0.413587552196366,0,,0.4709233213834417,,1.462541599998076,89  120   97  119,2,2.798949100004393,0,1.155851263137002,sub-07,,,,23,F,R
9,112,the brady bunch.wav,9.331020408163266,0.4102373659148225,0,,0.4086774883670049,,1.123042300001543,47   31   19  112,2,1.671729199995752,0,1.170619067380416,sub-07,,,,23,F,R
10,86,peanuts.wav,10.50399092970522,0.4875123763197718,0,,0.4458559461017284,,1.22913680000056,86   51   93   16,2,1.378072400002566,0,1.111485475098135,sub-07,,,,23,F,R
11,101,skip to my lou.wav,8.863990929705215,0.4836382882852834,1,5.350989200000186,0.4581069841420818,,2.849947200003953,101   39   56   49,2,5.787273499998264,0,1.103095937794756,sub-07,,,5.350989200000186,23,F,R
12,108,take me out to the ballgame.wav,6.194013605442177,0.4273562050394273,0,,0.4812519764325258,,1.363915000001725,13   74  116  108,2,2.315496700000949,0,1.067329947739051,sub-07,,,,23,F,R
13,13,america the beautiful.wav,9.33201814058957,0.4365030326072461,0,,0.4800908744275613,,1.283705299996655,13   10  113   29,1,3.252153200002795,1,1.046527591641637,sub-07,,,,23,F,R
14,116,this old man.wav,9.393015873015871,0.4504614100176281,1,8.675878800000646,0.4598831901860125,,1.335133599997789,81   29  116   79,1,4.083268899994437,0,1.174549438315522,sub-07,,,8.675878800000646,23,F,R
15,58,itsy bitsy spider.wav,9.802993197278912,0.4167857573369123,1,3.836242099998344,0.4267248022563853,,1.36328869999852,107   58   89   27,2,5.901843999999983,1,1.134257314531339,sub-07,,,3.836242099998344,23,F,R
16,51,home on the range.wav,13.08498866213152,0.4874290256606265,0,,0.4373291759991172,,1.509789600000659,41   51   63   11,2,5.399726900002861,1,1.166833250950364,sub-07,,,,23,F,R
17,15,another one bites the dust.wav,12.46897959183674,0.4179619035967096,0,,0.4945295356401777,,2.660631600003398,22   52   46   15,2,2.412256399999023,0,1.163848347064895,sub-07,,,,23,F,R
18,92,ring around the rosie.wav,7.034013605442177,0.4356997985882635,0,,0.4963886902542596,,1.244934000002104,92   45    6   91,1,3.509804100001929,1,1.1215403869787,sub-07,,,,23,F,R
19,93,ring of fire.wav,9.04498866213152,0.4844599668455453,0,,0.4742131706036802,  ,2.096325899998192,78   52   18   93,4,6.967461299995193,1,1.009633202711058,sub-07,,,,23,F,R
20,3,I think we're alone now.wav,6.298004535147392,0.4967368648793151,0,,0.417902349930162,,1.980530499997258,3   64   39   54,3,7.680217499997525,0,1.09180006828186,sub-07,,,,23,F,R
21,81,old king cole.wav,9.353015873015874,0.4201456587236589,1,7.071381200003088,0.4723110846440028,,2.582503700003144,81   74   80    6,2,5.934958100006043,0,1.00893425591151,sub-07,,,7.071381200003088,23,F,R
22,25,bye baby bunting.wav,6.319002267573696,0.4849988902346017,0,,0.4212877697724167,,1.585314199997811,13  120   25   86,3,5.780059299999266,1,1.020321783242297,sub-07,,,,23,F,R
23,89,pop goes the weasel.wav,7.075011337868481,0.4209369005027049,1,3.97961110000324,0.4140687546965228,,1.463709999996354,121   89   40   82,1,6.440157000004547,0,1.155255631923422,sub-07,,,3.97961110000324,23,F,R
24,88,polly wolly doodle.wav,9.334013605442175,0.445227242485922,1,4.261174499995832,0.4282867285119228,,1.196285600002739,9   50   27   88,2,6.516714700002922,0,1.100476799332255,sub-07,,,4.261174499995832,23,F,R
25,18,be kind to your web-footed friend.wav,6.993015873015873,0.4494155391398588,0,,0.4114982297104026,,1.951407199994719,82    9   18  119,2,1.837811599994893,0,1.036472705337979,sub-07,,,,23,F,R
26,36,do-re-mi.wav,12.94399092970522,0.4150875769841035,0,,0.4992029619599657,,0.7259869999979855,74   42    7   36,1,3.505731199998991,0,1.078212348780918,sub-07,,,,23,F,R
27,78,oh susanna.wav,12.05800453514739,0.403787572368744,1,5.801767500001006,0.450791589555989,,1.034806099996786,78   44   52   91,4,4.950310799998988,0,1.129706266731887,sub-07,,,5.801767500001006,23,F,R
28,62,let it snow.wav,9.334013605442175,0.4550537099408525,0,,0.4051634337496446,,0.68883790000109,62   57  120   75,1,6.228875599997991,1,1.104297728496421,sub-07,,,,23,F,R
29,77,ob la di ob la da.wav,14.81401360544218,0.4827373588889241,0,,0.4469287250901721,,1.078323000001546,77   78  105   67,2,1.974321200003033,0,1.088805335973052,sub-07,,,,23,F,R
30,55,in a gadda da vida.wav,8.306984126984126,0.4988223674346957,0,,0.4186641409256956,,1.237853199992969,80   55  117   89,1,2.203156199997466,0,1.103690431942621,sub-07,,,,23,F,R
31,43,get ready.wav,7.080997732426304,0.4422983624450711,0,,0.4119736012147798,,1.238407999997435,116   19  101   43,1,5.501651200000197,0,1.037493087097729,sub-07,,,,23,F,R
32,44,good night ladies.wav,6.378004535147392,0.4920204517999245,0,,0.4493277346746268,,1.154141500002879,67    2   44   74,4,4.823063800002274,0,1.191398001934709,sub-07,,,,23,F,R
33,46,happy birthday.wav,7.078004535147392,0.4434917798657414,1,2.894378900004085,0.4260831337738102,happy birthday song,22.6249403000038,97   46   59   81,2,1.719314699999813,1,1.059285082296997,sub-07,,,2.894378900004085,23,F,R
34,11,alouette.wav,5.946984126984127,0.4555643116906497,1,4.042000200002803,0.4133857732068197,,1.825157999999647,11   36   17  119,1,7.606196500004444,1,1.108225819989295,sub-07,,,4.042000200002803,23,F,R
35,27,can't help falling in love.wav,13.4990022675737,0.441906822007628,1,5.808154999998806,0.4413805006271427,,1.922077600000193,17   30   27  116,3,3.151090800005477,1,1.083309979716793,sub-07,,,5.808154999998806,23,F,R
36,20,bingo.wav,8.920997732426304,0.4005944555431361,1,3.939390500003356,0.4449873092646577,,1.101187200001732,20  117   82  108,2,4.958449300000211,0,1.022912492908066,sub-07,,,3.939390500003356,23,F,R
37,94,rock-a-bye baby.wav,13.92498866213152,0.4729100837108384,1,6.524967599994852,0.4621938317865747,,1.251564400001371,113   19   94   25,1,9.513808399999109,0,1.059181831041932,sub-07,,,6.524967599994852,23,F,R
38,64,london bridge.wav,6.706984126984127,0.443221234339033,1,2.521577100000286,0.4915013183998685,,1.134458499996981,15   64   57   36,2,2.77098329999717,1,1.158017911323082,sub-07,,,2.521577100000286,23,F,R
39,87,peter and the wolf.wav,10.82798185941043,0.4976992459114046,0,,0.4991442294301679,,1.540894300000218,103   87  116   14,2,3.837608100002399,1,1.082130116543918,sub-07,,,,23,F,R
40,82,old mcdonald.wav,9.046984126984126,0.4305530533706894,1,2.468783999996958,0.4772528359778412,,2.803954899995006,4   98   73   82,2,9.069523600002867,0,1.093907942591155,sub-07,,,2.468783999996958,23,F,R
41,83,on top of old smokey.wav,12.79700680272109,0.4814517223974926,0,,0.4647197132940545,,0.8963956000006874,10   37   21   83,2,2.527186999999685,0,1.040567116173521,sub-07,,,,23,F,R
42,102,smoke on the water.wav,7.838004535147392,0.4892763328396668,0,,0.4209665753064312,  ,3.245222000005015,32  113  102   28,2,3.307308700001158,0,1.013202534980968,sub-07,,,,23,F,R
43,107,swing low sweet chariot.wav,9.66,0.4916190240284624,1,6.797500400003628,0.4767620945038815,,1.465643400006229,107   80   95   70,2,4.437122100003762,0,1.094762706554941,sub-07,,,6.797500400003628,23,F,R
44,21,blow the man down.wav,8.491020408163266,0.4626128057048875,0,,0.4100581247735093,,1.433202000000165,21   96  119   67,1,3.3594987999968,1,1.157548691991957,sub-07,,,,23,F,R
45,106,super mario world.wav,12.28598639455782,0.4360862174669226,1,9.066683099998045,0.4780698572217072,,1.13767970000481,59   13   72  106,4,6.763491899997462,1,1.134391989408628,sub-07,,,9.066683099998045,23,F,R
46,111,the bare necessities.wav,8.511020408163265,0.4552565748404135,0,,0.4716831201147991,,1.05341480000061,108   74    3  111,2,4.453190400003223,0,1.096871963571179,sub-07,,,,23,F,R
47,48,heigh-ho.wav,10.50299319727891,0.480568805672963,0,,0.481216904029776,,1.058004000005894,48   78   46   69,4,4.120833499997389,0,1.141818514862036,sub-07,,,,23,F,R
48,104,star spangled banner.wav,12.83800453514739,0.4392583899804929,0,,0.4136553729954071,,1.068199099994672,15   35  104   24,2,8.86121319999802,0,1.186920981580506,sub-07,,,,23,F,R
49,71,mickey mouse march.wav,4.778004535147392,0.4928715656395798,1,4.360948900000949,0.4212717459631236,,0.9602056000003358,78   90   71  117,2,3.048828899998625,0,1.071863829555233,sub-07,,,4.360948900000949,23,F,R
50,30,clementine.wav,8.716009070294785,0.4732127286472148,1,5.108183199998166,0.4236908305873732,,1.38472929999989,90   30   69   75,3,7.262237599999935,0,1.185131439146582,sub-07,,,5.108183199998166,23,F,R
51,109,teddy bear picnic.wav,8.161995464852607,0.4792464473406571,0,,0.4047175236908,,1.642831800003478,78   17  109   26,3,5.346794399993087,1,1.091354036945061,sub-07,,,,23,F,R
52,26,camptown races.wav,8.305986394557824,0.4339499754836675,0,,0.4135648960080586,,0.8656162999977823,40   49   90   26,3,4.541552400005457,0,1.088757832856042,sub-07,,,,23,F,R
53,91,puff the magic dragon.wav,9.333015873015873,0.4689136823905053,0,,0.4706409965928902,,1.095867500000168,69   12   50   91,2,5.015377200004878,0,1.143507529808294,sub-07,,,,23,F,R
54,32,daisy bell.wav,8.062993197278912,0.4998963523857268,0,,0.4548936277994748,,0.8011917999974685,46   50   32    1,2,3.562719100002141,0,1.066525338964671,sub-07,,,,23,F,R
55,38,eight days a week.wav,12.28399092970522,0.4680863100831303,0,,0.4494471403478176,,0.6053109000058612,111  105   89   38,2,5.817298599999049,0,1.052018949635624,sub-07,,,,23,F,R
56,74,my country 'tis of thee.wav,14.21201814058957,0.4426668361286523,0,,0.4445626280369042,,1.111609500003397,72   74   78   10,1,2.413652299997921,0,1.104519111130537,sub-07,,,,23,F,R
57,99,she'll be coming 'round the mountain.wav,8.86,0.4306996675266619,0,,0.4276530827964558,,0.8935239999991609,8   28   99  100,1,4.351157600001898,0,1.197501750699266,sub-07,,,,23,F,R
58,69,mary had a little lamb.wav,9.045986394557824,0.4575161357196237,1,4.057124899998598,0.4954533221414487,,0.792949700000463,69   40  111   29,1,3.472348600000259,1,1.094900104499076,sub-07,,,4.057124899998598,23,F,R
59,61,let it be.wav,12.88199546485261,0.4740229201920554,0,,0.4829274454224246,,0.9327338000002784,28   61   80   15,1,3.653149199999461,0,1.014212002794354,sub-07,,,,23,F,R
60,66,love and marriage.wav,8.71700680272109,0.4005032491635677,0,,0.4630684684625631,,2.152611400000751,37   66   22  108,2,4.828976199998579,1,1.176354813982524,sub-07,,,,23,F,R
61,4,I've been working on the railroad.wav,9.311020408163266,0.4186986553138217,1,8.252394700000877,0.4901744849332273,,0.9382492000004276,4   57   73  117,1,3.527748599997722,1,1.075633426577988,sub-07,,,8.252394700000877,23,F,R
62,6,YMCA.wav,14.33501133786848,0.4684363224905133,0,,0.4547226825722608,,0.6946438000013586,6   41   51  109,2,3.743880599999102,0,1.039664272678044,sub-07,,,,23,F,R
63,42,froggy went a-courtin'.wav,12.20498866213152,0.4079068676859124,1,4.512400999999954,0.4179478631361627,,0.8711485000021639,99  110   42   31,3,4.136434500003816,1,1.069559251301032,sub-07,,,4.512400999999954,23,F,R
64,54,if you're happy and you know it.wav,9.09002267573696,0.403153091401785,1,4.484149900003104,0.4144156800516257,,0.960281700004998,54   83   86   44,1,7.071549899999809,1,1.111584205918142,sub-07,,,4.484149900003104,23,F,R
65,79,oh where has my little dog gone.wav,8.02,0.4747208536335957,1,6.190566199999012,0.464037115466321,,0.6821354000057909,79   55   72   11,3,4.59228499999881,0,1.19202642094246,sub-07,,,6.190566199999012,23,F,R
66,59,jimmy crack corn.wav,9.063990929705216,0.4208795951917987,0,,0.4055127073803894,,1.118317399996158,95    1   48   59,1,3.297832399999606,0,1.016331021816159,sub-07,,,,23,F,R
67,118,when the saints go marching in.wav,7.611020408163266,0.4910283668373493,0,,0.4464259950677847,,1.155131500003336,97   60    6  118,1,12.78132860000187,0,1.042568409741684,sub-07,,,,23,F,R
68,39,everlasting love.wav,8.305986394557824,0.4064640145657715,0,,0.497456288029928, ,3.367911899993487,31   39   44   86,2,2.152706900000339,1,1.172521146924376,sub-07,,,,23,F,R
69,57,it's a small world.wav,9.291020408163265,0.4371989541453509,0,,0.4201290508836037,,2.160585000005085,19   12   57   22,2,2.970194100002118,0,1.122433334468892,sub-07,,,,23,F,R
70,73,my bonnie lies over the ocean.wav,6.788979591836735,0.4377294254765391,0,,0.4317419551086656,,1.232904900003632,73    7   86  105,1,3.150282400005381,1,1.021843062136037,sub-07,,,,23,F,R
71,68,love me tender.wav,9.331020408163266,0.4212154705936379,0,,0.4835073519738121,,1.202931100000569,14   80   68   18,2,3.342570499997237,0,1.18199526879189,sub-07,,,,23,F,R
72,60,john jacob jingleheimerschmidt.wav,9.928979591836734,0.4682060972055888,0,,0.4802340348021028,,1.276966600002197,60   63   27   58,4,7.028504699999758,0,1.141689522310914,sub-07,,,,23,F,R
73,49,"hello mudduh, hello fadduh.wav",10.60199546485261,0.4124335527351187,0,,0.4726759186851663,,2.769390699999349,65   49   22   96,2,4.1011084999991,1,1.05880373534408,sub-07,,,,23,F,R
74,97,rudolph.wav,9.33201814058957,0.4137326572978187,0,,0.4798456165181841,,1.737001900000905,24  104   75   97,2,3.281045099996845,0,1.08516620939124,sub-07,,,,23,F,R
75,115,there's a hole in the bucket.wav,7.365986394557823,0.4620062990470786,0,,0.4673945830624474,,1.045014600000286,2  115   41  100,1,5.165323900000658,0,1.029126172043102,sub-07,,,,23,F,R
76,50,hickory dickory dock.wav,7.077006802721089,0.4249174998968844,0,,0.4438384256971496,,1.031531500004348,1   55   19   50,4,3.068477599998005,1,1.093659867278497,sub-07,,,,23,F,R
77,16,are you sleeping brother john.wav,9.376009070294783,0.491045446010577,1,2.745968399998674,0.4799460708583334,,1.040638799997396,16   18   45   31,1,5.983776399996714,1,1.166975077413282,sub-07,,,2.745968399998674,23,F,R
78,9,a-tisket a-tasket.wav,10.41800453514739,0.4053759089373147,0,,0.4328640637507508,,0.9223656000031042,46  106   63    9,3,7.189805600006366,0,1.129791961145015,sub-07,,,,23,F,R
79,5,James Bond.wav,10.52199546485261,0.4687593597044766,0,,0.4195235521471427,,0.9134454000013648,44    5   61   57,4,8.095098300000245,0,1.07739282335845,sub-07,,,,23,F,R
1,81,old king cole.wav,9.353015873015874,0.4563837367876188,0,,0.4806503441928874,,17.16377819998888,66   92   81   52,3,7.611031700012973,1,1.103029676152775,sub-09,,,,18,F,L
2,49,"hello mudduh, hello fadduh.wav",10.60199546485261,0.4045091147472737,0,,0.4268100513464766,,3.278768299991498,119  121   95   49,4,4.940064099995652,1,1.188551959727043,sub-09,,,,18,F,L
3,72,muppet show.wav,8.53201814058957,0.4476088288031951,0,,0.4360608369184982,,9.298664600006305,72   78   91   29,4,8.132974500011187,0,1.048231456498491,sub-09,,,,18,F,L
4,79,oh where has my little dog gone.wav,8.02,0.4385301628353133,0,,0.4582261077260185,,9.951527199998964,79   38   97  116,1,5.667851300007896,1,1.177718951901894,sub-09,,,,18,F,L
5,82,old mcdonald.wav,9.046984126984126,0.4068994161145086,1,1.907603800005745,0.4227865248689825, Old Macdonald,11.88224950002041,31   91   68   82,4,2.783602600015001,1,1.17187381566859,sub-09,,,1.907603800005745,18,F,L
6,95,row your boat.wav,7.035011337868481,0.4345548958706241,1,2.215127700008452,0.4479731266024735,Row Row Row your boat,8.495109699986642,95  107  116   38,1,3.062364300014451,1,1.066412460450542,sub-09,,,2.215127700008452,18,F,L
7,29,cindy.wav,9.372018140589567,0.4298282188617986,0,,0.4756841372351442,,2.480707699985942,72   29   76    2,4,10.98242679997929,0,1.171574656849211,sub-09,,,,18,F,L
8,59,jimmy crack corn.wav,9.063990929705216,0.4889267620184855,0,,0.4518851775070067,,2.074938899982953,6   59   22    1,3,5.313944800000172,0,1.043444184539504,sub-09,,,,18,F,L
9,105,sugar sugar.wav,7.83501133786848,0.450010459989497,1,3.594223899999633,0.4996937109786111, Sugar oh honey honey,19.9619838000217,55  105   18    4,2,3.348033199989004,1,1.056461916736046,sub-09,,,3.594223899999633,18,F,L
10,93,ring of fire.wav,9.04498866213152,0.4360616294200831,0,,0.4280317669481511,,2.913351099996362,112   10  105   93,2,7.055816400010372,0,1.087537516383233,sub-09,,,,18,F,L
11,23,brahms lullaby.wav,12.28399092970522,0.4973189429443873,1,1.845085800014203,0.4204723366999464,Brahms Lullaby,12.30377779999981,102  100   42   23,4,3.119726400007494,1,1.044826936724762,sub-09,,,1.845085800014203,18,F,L
12,50,hickory dickory dock.wav,7.077006802721089,0.4401068665698446,0,,0.4750817188162445,,2.422828499984462,36   50   73  119,2,6.268674999999348,1,1.174838610725424,sub-09,,,,18,F,L
13,69,mary had a little lamb.wav,9.045986394557824,0.4814316021541247,1,1.591187800018815,0.4755096711556745,Mary had a little lamb,11.08060750001459,74   43   69   72,3,1.922091099986574,1,1.156508168787626,sub-09,,,1.591187800018815,18,F,L
14,92,ring around the rosie.wav,7.034013605442177,0.4114420851755212,1,1.607499900012044,0.4665206032280332,Ring around the rosie,7.664940699993167,102   36    3   92,4,3.347153400012758,1,1.171671508859027,sub-09,,,1.607499900012044,18,F,L
15,62,let it snow.wav,9.334013605442175,0.4786734313243014,1,5.242105400015134,0.4492077373803338,Let it snow,4.620349300006637,2  107   75   62,4,1.925671400007559,1,1.056038311826115,sub-09,,,5.242105400015134,18,F,L
16,76,my girl.wav,10.44498866213152,0.4373786943055513,0,,0.487615871176487,,2.208080700016581,76    9   80   36,3,7.810948199999984,0,1.120150251291554,sub-09,,,,18,F,L
17,51,home on the range.wav,13.08498866213152,0.4893992450288339,0,,0.4290423714112267,,1.797256499994546,17   51   75   42,3,6.637971899996046,0,1.110184443150467,sub-09,,,,18,F,L
18,112,the brady bunch.wav,9.331020408163266,0.4693831219716604,0,,0.4788100862921382,,1.925382999994326,7  112   25   61,3,7.744436899985885,0,1.18939611540762,sub-09,,,,18,F,L
19,15,another one bites the dust.wav,12.46897959183674,0.4127439742929945,1,3.599026699987007,0.4573186709402262,another one bites the dust,8.169243400014238,5   15   11   53,2,2.451629200018942,1,1.036573269860573,sub-09,,,3.599026699987007,18,F,L
20,65,louie louie.wav,8.860997732426304,0.4379022614126241,0,,0.454643429435714,,1.986828599998262,65  113    3  121,4,4.115645699988818,0,1.195858197366042,sub-09,,,,18,F,L
21,107,swing low sweet chariot.wav,9.66,0.4403768054731093,0,,0.4509691498736397,,2.178885300003458,107    2   75   52,2,5.136137299996335,0,1.04234399202419,sub-09,,,,18,F,L
22,8,a whole new world.wav,12.98798185941043,0.4702616952694737,1,2.787775400007376,0.4014918780463353,Show you the world,10.41217840000172,77  118   24    8,4,4.172847999987425,1,1.04880336705988,sub-09,,,2.787775400007376,18,F,L
23,27,can't help falling in love.wav,13.4990022675737,0.4083712077067648,1,8.55270840000594,0.4904461061235439,I can't help falling in love with you,11.71380149998004,117   50   42   27,4,2.937686599994777,1,1.01821934063157,sub-09,,,8.55270840000594,18,F,L
24,78,oh susanna.wav,12.05800453514739,0.4430703588619411,1,4.866449599998305,0.4803195542364986,,13.41034800000489,78   13   85   86,3,15.17424799999571,0,1.113126310491387,sub-09,,,4.866449599998305,18,F,L
25,77,ob la di ob la da.wav,14.81401360544218,0.4420824387522816,0,,0.4269495150216628,,1.692806900013238,39  104   52   77,3,8.80986129998928,0,1.049753513791639,sub-09,,,,18,F,L
26,11,alouette.wav,5.946984126984127,0.4108759588039378,1,4.727035199990496,0.4404409562805116,Nursury rhyme ,46.11622490000445,4   17   11  109,3,3.257934900000691,1,1.144687856692303,sub-09,,,4.727035199990496,18,F,L
27,25,bye baby bunting.wav,6.319002267573696,0.4589562277872059,0,,0.4631737608825079,,2.000196499982849,116   49  111   25,1,4.306890100007877,0,1.014169777074536,sub-09,,,,18,F,L
28,31,copacabana.wav,9.372018140589567,0.4318970296987603,1,8.917199299990898,0.4002344840357835,her name was lola,19.24341689998982,78   31   66   53,2,5.281449400004931,1,1.095848332755869,sub-09,,,8.917199299990898,18,F,L
29,36,do-re-mi.wav,12.94399092970522,0.4310713199244589,1,2.677318300004117,0.4301710869727527,"the sound of music, doe a deer",23.57263090001652,31   36   94  106,2,7.218585099995835,1,1.106298524435451,sub-09,,,2.677318300004117,18,F,L
30,61,let it be.wav,12.88199546485261,0.4388193133036828,0,,0.4114451465611464,,1.578021199995419,117   61   71   28,1,4.508785399986664,0,1.025541829703932,sub-09,,,,18,F,L
31,20,bingo.wav,8.920997732426304,0.4627844304219041,1,5.332982199994149,0.4112377261488012,,4.293145900010131,76  115   68   20,4,5.685534899996128,1,1.100652787201324,sub-09,,,5.332982199994149,18,F,L
32,33,do as I'm doing.wav,11.67102040816327,0.4163287069224831,0,,0.4114520316060428,,1.772507699992275,33   32  102   14,2,5.050528799998574,0,1.147625254149857,sub-09,,,,18,F,L
33,44,good night ladies.wav,6.378004535147392,0.4143769645865389,0,,0.4501246008118307,,1.594916799978819,34   44  114    2,2,3.691944299993338,1,1.153803758038784,sub-09,,,,18,F,L
34,26,camptown races.wav,8.305986394557824,0.4183577779587265,1,1.966789500002051,0.484039694233671,"do dah do dah, oh dah do dah day",45.64916559998528,68  101   26   22,2,3.777791900007287,0,1.11493330591673,sub-09,,,1.966789500002051,18,F,L
35,106,super mario world.wav,12.28598639455782,0.4983223253495627,0,,0.4622604751019333,,1.262329199991655,31   72   48  106,3,6.178936799988151,0,1.191098498448454,sub-09,,,,18,F,L
36,109,teddy bear picnic.wav,8.161995464852607,0.4599305848210094,0,,0.4470490746270523,,1.721303700003773,99  109   97   67,2,3.527459600009024,1,1.02944456463759,sub-09,,,,18,F,L
37,97,rudolph.wav,9.33201814058957,0.4519386492237512,1,1.697356899996521,0.4741734301264735,Ruldolf the rednose reindeer,8.153769399999874,87    5   97  100,3,2.901821999985259,1,1.180035499358032,sub-09,,,1.697356899996521,18,F,L
38,57,it's a small world.wav,9.291020408163265,0.423271761760167,1,4.611292799992952,0.4108232492649314,,8.110052499978337,47   57   36   23,2,2.172153199993772,1,1.015786238048909,sub-09,,,4.611292799992952,18,F,L
39,88,polly wolly doodle.wav,9.334013605442175,0.412503965598361,1,8.490293100010604,0.4227530296778069,,5.104729699989548,88   22   60   86,1,7.816352099995129,1,1.06355588786999,sub-09,,,8.490293100010604,18,F,L
40,99,she'll be coming 'round the mountain.wav,8.86,0.4042545628803781,1,7.415540699992562,0.4680146110774085,She'll be coming 'round the mountian,18.60898680001264,87   99  105   32,2,2.745093100005761,1,1.142756729908055,sub-09,,,7.415540699992562,18,F,L
41,3,I think we're alone now.wav,6.298004535147392,0.4147263292156144,1,5.170684200013056,0.4983970121462404,I think we're alone now,8.543531500006793,47  101    3   30,3,1.659744500007946,1,1.060687665698903,sub-09,,,5.170684200013056,18,F,L
42,35,do your ears hang low.wav,9.661995464852607,0.496485881878813,1,2.763420599978417,0.483346960394566,,17.03981889999704,71   35   20   53,2,5.349853799998527,1,1.024707102921782,sub-09,,,2.763420599978417,18,F,L
43,5,James Bond.wav,10.52199546485261,0.4234931587359578,1,2.79759770000237,0.4269117507524406,,6.901644600002328,5  109   28  104,1,3.670428399986122,1,1.168876334786501,sub-09,,,2.79759770000237,18,F,L
44,87,peter and the wolf.wav,10.82798185941043,0.4886580538255162,1,2.897608800005401,0.4684729690492203,show theme,14.5429201000079,5   87   10  116,2,2.239271400001599,1,1.051568368202927,sub-09,,,2.897608800005401,18,F,L
45,39,everlasting love.wav,8.305986394557824,0.4483941511253411,0,,0.4232219360038603,,1.640592699986883,118    8   39   73,3,5.978291299979901,1,1.124912612338441,sub-09,,,,18,F,L
46,1,I feel fine.wav,10.69002267573696,0.4282221420196515,1,3.684116799995536,0.4733770045445785,,6.425665099988692,46    1    7   87,2,2.925547299993923,1,1.098939734166671,sub-09,,,3.684116799995536,18,F,L
47,56,iron man.wav,10.60498866213152,0.4014683667151658,0,,0.4826929172479018,,1.472770599997602,56   86   14   45,1,6.328776999987895,1,1.19398912647031,sub-09,,,,18,F,L
48,119,wouldn't it be nice.wav,8.018004535147393,0.4254093114585155,1,6.442547099984949,0.4038847362593984,didnt have to wait so long,48.77433590000146,98   84  105  119,4,1.852551499992842,1,1.06080289328863,sub-09,,,6.442547099984949,18,F,L
49,67,love me do.wav,12.46798185941043,0.453061772387326,0,,0.4353950074553937,,3.598796599981142,63   94   81   67,4,7.280732800019905,1,1.06231553782702,sub-09,,,,18,F,L
50,83,on top of old smokey.wav,12.79700680272109,0.4391877770716237,1,6.469028499996057,0.4036626428595161,,6.723018099990441,13   83  118   39,2,7.361342799995327,1,1.088268058372307,sub-09,,,6.469028499996057,18,F,L
51,32,daisy bell.wav,8.062993197278912,0.4013983079746202,1,4.537410000019008,0.482285270034883,,4.732185499975458,104   41   62   32,2,2.566213000012795,0,1.01161819998824,sub-09,,,4.537410000019008,18,F,L
52,30,clementine.wav,8.716009070294785,0.4544025658290137,1,2.245703599997796,0.4166187263204574,,6.223760399996536,30  119   45   86,1,6.817275099980179,1,1.075457601676179,sub-09,,,2.245703599997796,18,F,L
53,18,be kind to your web-footed friend.wav,6.993015873015873,0.4989478812278257,0,,0.4774598886516946,,2.283279700001003,18   29    2   70,1,3.961039399990113,1,1.024486023115166,sub-09,,,,18,F,L
54,80,old gray mare.wav,9.33201814058957,0.4555048740600577,0,,0.4976993898885919,,2.191554299992276,121   80   44  108,2,4.417352599994047,1,1.06188570589367,sub-09,,,,18,F,L
55,40,eye of the tiger.wav,8.305986394557824,0.4895257063284546,1,2.793759899999714,0.4998751087179125,Eye of the tiger,7.046563299983973,58  113   40  102,3,2.277882900001714,1,1.194619887132504,sub-09,,,2.793759899999714,18,F,L
56,96,rubber duckie.wav,10.64399092970521,0.4377665413792637,0,,0.4377963460922992,,1.506919599982211,109   96   98  119,2,3.289365199976601,1,1.113303226311833,sub-09,,,,18,F,L
57,103,smooth criminal.wav,8.348979591836734,0.4156290410241092,1,2.506899700005306,0.4620996362866192,"Micheal Jackson, smooth criminal",25.25890780001646,103   71   81   97,1,1.606286199996248,1,1.03124709882932,sub-09,,,2.506899700005306,18,F,L
58,38,eight days a week.wav,12.28399092970522,0.4310984320676291,0,,0.4104723821601055,,1.681663399998797,117   18   76   38,4,8.613947999983793,1,1.011135942349011,sub-09,,,,18,F,L
59,19,billie jean.wav,8.305986394557824,0.4909653944625115,0,,0.478687226194999,,2.084186299995054,19  111   83   76,4,3.53181929999846,0,1.084011769097314,sub-09,,,,18,F,L
60,101,skip to my lou.wav,8.863990929705215,0.4299023925017145,0,,0.4214076027088589,,1.877064100001007,106  101   76   21,4,3.90229920001002,0,1.122771664803256,sub-09,,,,18,F,L
61,24,buffalo gals.wav,9.331020408163266,0.4523797155172246,1,2.999809200002346,0.4772099723116084,,16.19005949998973,98   24   50  109,2,9.20962559999316,1,1.065343427863924,sub-09,,,2.999809200002346,18,F,L
1,120,yankee doodle.wav,8.572018140589568,0.4040168991232143,1,6.411795699968934,0.4523618143677227,pirate,12.23002570000244,61   25  120  102,1,11.18743220000761,0,1.056567915783223,sub-10,,,6.411795699968934,18,M,R
2,90,popeye the sailorman.wav,7.546984126984127,0.4827076407785317,0,,0.4646328099901225, ,3.985866500006523,66   90   62    9,2,7.163240200025029,1,1.169359782419177,sub-10,,,,18,M,R
3,36,do-re-mi.wav,12.94399092970522,0.414524777219814,0,,0.44553296564263,,9.58677550003631,41   36   42  107,4,6.067051999969408,0,1.011739510760898,sub-10,,,,18,M,R
4,58,itsy bitsy spider.wav,9.802993197278912,0.4800589569543774,1,2.631037100043613,0.4010445451406164,horse,5.629383700026665,35   58   34   92,2,2.997666800045408,1,1.085362296147518,sub-10,,,2.631037100043613,18,M,R
5,116,this old man.wav,9.393015873015871,0.4909090739257866,1,5.817932399979327,0.4350460835318153,,10.58822830003919,100   66  116   64,4,10.2727656000061,0,1.180337368818892,sub-10,,,5.817932399979327,18,M,R
6,43,get ready.wav,7.080997732426304,0.4614482739949569,0,,0.4745555944363241,,2.991732100024819,43   68   99   35,3,8.107296000001952,0,1.116937388826907,sub-10,,,,18,M,R
7,59,jimmy crack corn.wav,9.063990929705216,0.467630566111123,1,7.130597000010312,0.4355395093651313,,11.33297099999618,77   59   30  112,3,8.016844300029334,0,1.007289663355191,sub-10,,,7.130597000010312,18,M,R
8,119,wouldn't it be nice.wav,8.018004535147393,0.468296970926432,0,,0.4518890261458223,,1.829396100016311,119   62   67   43,2,2.018990899960045,0,1.199002191441966,sub-10,,,,18,M,R
9,23,brahms lullaby.wav,12.28399092970522,0.4401564818816138,1,2.826650700008031,0.4919714127400774,rock a by baby,6.900796699977946,23  115    3   81,1,5.664509799971711,1,1.182371771948318,sub-10,,,2.826650700008031,18,M,R
10,51,home on the range.wav,13.08498866213152,0.4722951701481874,0,,0.4839576599880214,,1.681926699995529,51   47   70   17,1,5.229281099978834,1,1.069001393751951,sub-10,,,,18,M,R
11,96,rubber duckie.wav,10.64399092970521,0.4220238810291623,1,6.620062999951188,0.4674358716371918,nursery rythme,19.58605440001702,60  107   20   96,2,11.86725900002057,0,1.125347391842505,sub-10,,,6.620062999951188,18,M,R
12,93,ring of fire.wav,9.04498866213152,0.4027734315889407,0,,0.4763047050939414, feels familiar ,25.22355469997274,58   31   93   11,4,6.243912999983877,0,1.05233802352037,sub-10,,,,18,M,R
13,15,another one bites the dust.wav,12.46897959183674,0.4298364484276227,0,,0.4849869141108203,,2.539086000004318,81   15  106   67,2,2.422215700033121,1,1.180476659069431,sub-10,,,,18,M,R
14,47,happy trails.wav,9.331020408163266,0.4003195882141867,0,,0.4814193870225656,,2.03206279996084,92   47    5   31,3,11.08559979998972,0,1.062318107696242,sub-10,,,,18,M,R
15,33,do as I'm doing.wav,11.67102040816327,0.4410418491477085,0,,0.4347214771502003,,2.615893599984702,35   33   23   52,1,10.98445230000652,0,1.034880701125257,sub-10,,,,18,M,R
16,70,michael row the boat ashore.wav,9.372018140589567,0.4937681382176223,0,,0.4796938195991529,,2.268878999981098,70  103   59   86,4,12.43951729999389,0,1.05430127128091,sub-10,,,,18,M,R
17,106,super mario world.wav,12.28598639455782,0.4319064712836712,0,,0.4190965011074308,,1.748053600022104,106   88   80   44,1,9.479338600009214,1,1.062192836340478,sub-10,,,,18,M,R
18,12,amazing grace.wav,8.674013605442177,0.4981406382762643,1,6.710298100020736,0.4704612906053388,xmas,4.68271000002278,63   78   66   12,4,4.553668600041419,1,1.069223123883771,sub-10,,,6.710298100020736,18,M,R
19,24,buffalo gals.wav,9.331020408163266,0.4693601406239576,1,4.229295400029514,0.459186084276038,,6.88052849995438,117   24   48   96,1,4.96237540000584,0,1.148967525113309,sub-10,,,4.229295400029514,18,M,R
20,42,froggy went a-courtin'.wav,12.20498866213152,0.4712616972553546,0,,0.4809605175565045,,1.590043400006834,42   73  101   35,4,5.336688200011849,0,1.156727329891928,sub-10,,,,18,M,R
21,50,hickory dickory dock.wav,7.077006802721089,0.440792150103491,1,6.364239300019108,0.4622925374063785,were off to meet the wizard the wonderful wizard of oz,26.63977639999939,93   50  120    3,1,8.884431300044525,0,1.136869022077624,sub-10,,,6.364239300019108,18,M,R
22,102,smoke on the water.wav,7.838004535147392,0.4195867182898135,0,,0.4891648504486679,,1.426616599957924,72  117   60  102,1,4.520165499998257,0,1.092268958113816,sub-10,,,,18,M,R
23,4,I've been working on the railroad.wav,9.311020408163266,0.4208441811895235,1,8.45685370004503,0.4912089377093276,,3.302271199994721,106   68    4  121,2,5.015075199946295,0,1.132129413381431,sub-10,,,8.45685370004503,18,M,R
24,49,"hello mudduh, hello fadduh.wav",10.60199546485261,0.4751704559448748,0,,0.4766764251416929,,2.114997700031381,49   13    8   81,1,7.494814299978316,1,1.148012790892322,sub-10,,,,18,M,R
25,69,mary had a little lamb.wav,9.045986394557824,0.4857686064594589,1,1.869090699998196,0.4653669197487199,mary had a little lamb,9.244263500033412,102   69   53   70,2,1.265995500027202,1,1.097101449470008,sub-10,,,1.869090699998196,18,M,R
26,94,rock-a-bye baby.wav,13.92498866213152,0.451589135839764,1,2.362942399980966,0.4472811259360539,hush little baby,6.077191700052936,8   94   78   40,2,3.341834599967115,1,1.097626019537146,sub-10,,,2.362942399980966,18,M,R
27,2,I think I love you.wav,9.272018140589568,0.4093378008966965,0,,0.4625495057436301,,2.607524799997918,87    2   63   42,3,3.481679500022437,0,1.163298975612632,sub-10,,,,18,M,R
28,35,do your ears hang low.wav,9.661995464852607,0.4679701227227714,1,2.243556800007354,0.4975632384141427, ,19.37184209999396,8   35   50   33,4,13.03112240001792,0,1.122652220879942,sub-10,,,2.243556800007354,18,M,R
29,41,for he's a jolly good fellow.wav,7.117006802721089,0.458723085693628,1,4.212684199970681,0.4068550513775677,,3.410886200028472,41   94  120   21,1,3.404633599973749,1,1.083213304818651,sub-10,,,4.212684199970681,18,M,R
30,104,star spangled banner.wav,12.83800453514739,0.4851912220445473,1,3.161781399976462,0.4328017853691196,usa anthem,6.828956799989101,104   93   81   89,1,4.451494999986608,1,1.129236724247614,sub-10,,,3.161781399976462,18,M,R
31,60,john jacob jingleheimerschmidt.wav,9.928979591836734,0.4858301550271722,0,,0.4262595594923058,,1.375927099958062,60   34  117   44,4,3.180511199985631,0,1.000349714811017,sub-10,,,,18,M,R
32,87,peter and the wolf.wav,10.82798185941043,0.4555556983144815,0,,0.4333724702330721,,2.166210399998818,25  106    1   87,1,5.866282199975103,0,1.015454017313389,sub-10,,,,18,M,R
33,53,hush little baby.wav,9.372018140589567,0.4713496656857638,1,3.831785299989861,0.4221896702515797,mommy gonna bye you a diamond ring,15.82002259994624,98   13   53  106,3,2.388398599985521,1,1.078206769135998,sub-10,,,3.831785299989861,18,M,R
34,22,blowin' in the wind.wav,9.950022675736962,0.4092627606488625,1,5.08780660002958,0.4653495198496198,,12.33477209997363,22   47   61  107,3,6.316784000024199,0,1.061328562058858,sub-10,,,5.08780660002958,18,M,R
35,98,sesame street.wav,9.885986394557824,0.4595484576896838,0,,0.4977513523206847,,1.410648099961691,98  104  118  112,1,6.333187800017186,1,1.180515005266207,sub-10,,,,18,M,R
36,34,do wah ditty.wav,7.758004535147392,0.4010358501692038,0,,0.4026917527798163,,4.121281799976714,72   34   79   73,1,4.524819900048897,0,1.063626626806154,sub-10,,,,18,M,R
37,57,it's a small world.wav,9.291020408163265,0.408997976398666,1,6.480961600027513,0.4812898419052492, ,6.826936399971601,113   57   58   74,1,12.14574980002362,0,1.072436663493812,sub-10,,,6.480961600027513,18,M,R
38,27,can't help falling in love.wav,13.4990022675737,0.4206178449400927,0,,0.4466496563724514,,13.10100680001779,28   33   27   36,3,3.507270700007211,1,1.022060417928678,sub-10,,,,18,M,R
39,71,mickey mouse march.wav,4.778004535147392,0.4136064324466522,1,3.086871099949349,0.432989904379062,,11.83466549997684,27   71   56  117,2,6.597565500007477,1,1.042655775404483,sub-10,,,3.086871099949349,18,M,R
40,80,old gray mare.wav,9.33201814058957,0.4838439205413861,0,,0.4925251162984643,,2.659069099987391,80   20  107  119,2,6.946821700024884,0,1.064105666705993,sub-10,,,,18,M,R
41,9,a-tisket a-tasket.wav,10.41800453514739,0.4038847931356048,0,,0.4545390304386458,,1.722562199982349,75   52   91    9,1,8.202541600039694,0,1.086680807588967,sub-10,,,,18,M,R
42,62,let it snow.wav,9.334013605442175,0.4600671916758543,0,,0.4701915798944746,,1.614189299987629,52   62   49   54,2,2.751893799984828,1,1.021166555010133,sub-10,,,,18,M,R
43,79,oh where has my little dog gone.wav,8.02,0.4784786699112742,0,,0.401515104272362,,3.090405899973121,10  109  104   79,1,5.945268100011162,0,1.058780912407526,sub-10,,,,18,M,R
44,63,little jack horner.wav,6.793015873015873,0.4562622542569985,0,,0.449770573982489,,1.665403500024695,53   11   68   63,2,3.544915799982846,0,1.197666136374647,sub-10,,,,18,M,R
45,112,the brady bunch.wav,9.331020408163266,0.462874915060989,1,8.966043499996886,0.4668555052179099,,1.870951500022784,100  115  112   39,4,5.763398799987044,0,1.084923249554277,sub-10,,,8.966043499996886,18,M,R
46,25,bye baby bunting.wav,6.319002267573696,0.4626909703873279,1,4.284533499972895,0.49921683737431,itsy bitsy spider,7.795579000026919,74  112   52   25,1,10.50388069998007,0,1.197462305200995,sub-10,,,4.284533499972895,18,M,R
47,13,america the beautiful.wav,9.33201814058957,0.4903913799177559,0,,0.4498640007914251,,1.300048400007654,106  119   17   13,2,6.195998699986376,0,1.150112933894926,sub-10,,,,18,M,R
48,85,over the river and through the woods.wav,13.91301587301587,0.4091602900759113,1,13.11990039999364,0.4540620262578032,,2.019732999964617,74   24    2   85,4,5.084245199977886,1,1.027219445836345,sub-10,,,13.11990039999364,18,M,R
49,29,cindy.wav,9.372018140589567,0.4854733528209295,1,8.252406999992672,0.4573708558329839, ,2.056452499993611,108   29   67   72,3,4.65861019998556,0,1.148314108815767,sub-10,,,8.252406999992672,18,M,R
50,118,when the saints go marching in.wav,7.611020408163266,0.4680815932700927,0,,0.426797507616814,,2.76788050000323,74  114   69  118,4,8.81446829997003,1,1.073122328018897,sub-10,,,,18,M,R
51,55,in a gadda da vida.wav,8.306984126984126,0.4624594279287823,0,,0.4911917784971597,,5.096319300006144,35   75   55   34,3,7.901882000034675,1,1.053315354802834,sub-10,,,,18,M,R
52,5,James Bond.wav,10.52199546485261,0.4953153557745584,0,,0.4886531633801263,,1.843351399991661,96    5   11  108,2,2.353279899980407,1,1.064542360183499,sub-10,,,,18,M,R
53,14,angel is my centerfold (Example).wav,8.345986394557823,0.4792906032785466,1,3.767377900017891,0.438619860162526,muffin man,4.387762499973178,18   22   76   14,2,7.319208499975502,0,1.071553932448934,sub-10,,,3.767377900017891,18,M,R
54,56,iron man.wav,10.60498866213152,0.4156684466642888,0,,0.4635901064518064,,1.053309899987653,37    6   88   56,4,9.46947320003528,1,1.156003099695831,sub-10,,,,18,M,R
55,81,old king cole.wav,9.353015873015874,0.4194582665487117,0,,0.4953056025103693,,1.274724000017159,69   11   81  103,2,6.883304300019518,0,1.05882568833407,sub-10,,,,18,M,R
56,44,good night ladies.wav,6.378004535147392,0.4669413922167053,0,,0.4958788698347344,,1.824890600051731,44   61  104   53,1,5.759425199998077,1,1.185587029764517,sub-10,,,,18,M,R
57,75,my favorite things.wav,13.92698412698413,0.434657898307943,0,,0.4612470970564004,,1.229149099963252,75   94    3   65,1,6.563553500047419,1,1.014458937624318,sub-10,,,,18,M,R
58,84,over the rainbow.wav,17.06698412698413,0.49787072949179,1,10.28117410000414,0.4120723410736664,,10.89287599996896,86   42   84   13,3,2.75000810000347,1,1.197871403302668,sub-10,,,10.28117410000414,18,M,R
59,111,the bare necessities.wav,8.511020408163265,0.4804142666326262,0,,0.4609270920408587,,0.6123892999603413,14    1  114  111,4,6.325681199959945,1,1.149352764773934,sub-10,,,,18,M,R
60,83,on top of old smokey.wav,12.79700680272109,0.4791083727114704,0,,0.48478767756,,0.726441899954807,83   30   66   98,3,4.380754899990279,0,1.186674761986598,sub-10,,,,18,M,R
61,67,love me do.wav,12.46798185941043,0.4263128674092574,1,8.856890700000804,0.4989100982672373,,2.585879600024782,67   25   41    8,1,5.545281999977306,1,1.118246652998347,sub-10,,,8.856890700000804,18,M,R
62,92,ring around the rosie.wav,7.034013605442177,0.4439816777975661,1,3.871024899999611,0.4751385532981062,red roses red roses pocket of posies,17.04294569999911,44   45   24   92,4,2.250925600004848,1,1.103646751979471,sub-10,,,3.871024899999611,18,M,R
63,117,three blind mice.wav,13.92798185941043,0.445879180607215,1,3.165031299984548,0.420964253610889,hot cross buns,4.788036099984311,7  117   12   79,1,8.206943600031082,0,1.131556708816704,sub-10,,,3.165031299984548,18,M,R
1,86,peanuts.wav,10.50399092970522,0.4769789641779817,0,,0.4006873219946642,,5.490989199999603,102   86   33  103,4,6.648817299996153,0,1.177844149048377,sub-11,,,,18,F,R
2,88,polly wolly doodle.wav,9.334013605442175,0.4585950082741852,0,,0.4795739039209204,,5.1270072000043,16   79   76   88,2,11.7432215000008,0,1.073748318140523,sub-11,,,,18,F,R
3,78,oh susanna.wav,12.05800453514739,0.4289433325194709,0,,0.4706827795398131,,5.907425199999125,18   54   49   78,2,12.59470640000654,0,1.087578741436285,sub-11,,,,18,F,R
4,15,another one bites the dust.wav,12.46897959183674,0.431695909286019,0,,0.4160390946039249,,2.287616699992213,60   46  100   15,3,14.15605970000615,0,1.013195094541839,sub-11,,,,18,F,R
5,2,I think I love you.wav,9.272018140589568,0.4464878064450263,0,,0.4257755716925817,,2.692438999991282,47   64    2   99,2,13.82760610000696,0,1.027137546669942,sub-11,,,,18,F,R
6,83,on top of old smokey.wav,12.79700680272109,0.4805371387645273,0,,0.4340179214777478,,1.205518100003246,79   48   95   83,1,6.839775699991151,0,1.027772628682988,sub-11,,,,18,F,R
7,55,in a gadda da vida.wav,8.306984126984126,0.4178061236399501,0,,0.4398733516484695,,6.616036200008239,14   13   18   55,3,13.68275079999876,0,1.087103951018175,sub-11,,,,18,F,R
8,14,angel is my centerfold (Example).wav,8.345986394557823,0.4630868212093622,0,,0.4081804204626185,,5.382697399996687,58   73   10   14,1,6.325441300010425,0,1.148338686953911,sub-11,,,,18,F,R
9,39,everlasting love.wav,8.305986394557824,0.4611554685687391,0,,0.4009947905830158,,2.780631400004495,39   56   87   67,4,13.6301775000029,0,1.013648361468677,sub-11,,,,18,F,R
10,45,great escape.wav,15.75002267573696,0.4084563392136701,0,,0.4284567606164776,,1.744144699987373,29   90  117   45,3,17.05217599999742,0,1.16754896538043,sub-11,,,,18,F,R
11,91,puff the magic dragon.wav,9.333015873015873,0.4001862195897751,0,,0.4275880846513259,,2.130601600001683,18   54   66   91,2,5.963113499994506,0,1.058750203465944,sub-11,,,,18,F,R
12,35,do your ears hang low.wav,9.661995464852607,0.486982175287491,0,,0.4406221517488716,from a youtube video from when i was younger,27.3081269999966,108  103   35   15,1,2.887132799995015,0,1.047832564947363,sub-11,,,,18,F,R
13,23,brahms lullaby.wav,12.28399092970522,0.4282644701092393,0,,0.4965695978103733,lullaby,11.01219060001313,23   69  107   94,1,15.77966899999592,1,1.066499620620713,sub-11,,,,18,F,R
14,31,copacabana.wav,9.372018140589567,0.4459056325220755,0,,0.4583783626475855,,1.304629200007184,107  113    1   31,2,9.317508899999666,0,1.109323624091358,sub-11,,,,18,F,R
15,67,love me do.wav,12.46798185941043,0.4180262912898723,0,,0.4656353625564197,,1.185881400000653,2   67   71   82,2,8.807367500005057,1,1.095308676707328,sub-11,,,,18,F,R
16,72,muppet show.wav,8.53201814058957,0.4505944374637103,0,,0.4154610981764695,,2.793183500005398,20   59   72   53,3,6.745743599996786,1,1.063630151361562,sub-11,,,,18,F,R
17,38,eight days a week.wav,12.28399092970522,0.4288050598994387,0,,0.4494253727079425,mary had a little lamb,7.129471399995964,38   80   50   12,3,4.634491399992839,0,1.157473611275846,sub-11,,,,18,F,R
18,114,the muffin man.wav,9.051020408163266,0.4483434332197025,0,,0.4427395474544481,source is from a youtube video or one of the songs i would hear from when i was younger,32.58948429999873,65  115   46  114,1,11.00468650000403,0,1.01886933728791,sub-11,,,,18,F,R
19,61,let it be.wav,12.88199546485261,0.4136659996622223,0,,0.4938769374508809,,0.9157891000068048,32   78  114   61,2,10.34122659999412,0,1.17837572981294,sub-11,,,,18,F,R
20,81,old king cole.wav,9.353015873015874,0.4042097564749287,0,,0.4906951249395454,,2.607472500007134,39   62   49   81,4,8.487422099991818,1,1.08503123983069,sub-11,,,,18,F,R
21,5,James Bond.wav,10.52199546485261,0.4537279753437625,0,,0.4227344120381695,,0.6443448999925749,29  103    5   77,3,6.576090899994597,1,1.096137532002425,sub-11,,,,18,F,R
22,1,I feel fine.wav,10.69002267573696,0.4901267358986841,0,,0.4252295319196586,,0.9483473000000232,79   54   87    1,3,5.937825200002408,0,1.102792216286806,sub-11,,,,18,F,R
23,108,take me out to the ballgame.wav,6.194013605442177,0.4103210733860758,0,,0.4652516311523304,"heard from the show, sam and cat",20.32645160000538,38    2   72  108,4,2.706156999993254,1,1.019241805972073,sub-11,,,,18,F,R
24,53,hush little baby.wav,9.372018140589567,0.4900122094253461,0,,0.4688479256557002,heard from when i was younger in a youtube video ,22.45774739999615,114   53   15   52,2,2.109523700011778,1,1.040553777823449,sub-11,,,,18,F,R
25,41,for he's a jolly good fellow.wav,7.117006802721089,0.4930005852739621,0,,0.4791729238483324,,20.68350980000105,120   14   71   41,4,4.492036700001336,1,1.084191239582332,sub-11,,,,18,F,R
26,71,mickey mouse march.wav,4.778004535147392,0.4967641123855334,0,,0.401260643231022,,1.128036699999939,35   63   71   97,2,4.844427700008964,0,1.118063067557561,sub-11,,,,18,F,R
27,42,froggy went a-courtin'.wav,12.20498866213152,0.4440499724994304,0,,0.4381784454953457,,1.279971299998579,39   79   42   13,3,7.474082000000635,1,1.097706721072202,sub-11,,,,18,F,R
28,26,camptown races.wav,8.305986394557824,0.4146796109952448,0,,0.4334531611027544,,3.321861399992486,13   38   26   67,3,7.699265399991418,1,1.086650886340633,sub-11,,,,18,F,R
29,36,do-re-mi.wav,12.94399092970522,0.4469398784893063,0,,0.4754454180060706,,3.304541100005736,86   91   75   36,3,7.543854999996256,0,1.170441249643163,sub-11,,,,18,F,R
30,84,over the rainbow.wav,17.06698412698413,0.4428270276332232,0,,0.4306759167807618,"somewhere over the rainbow, way up high ",9.928635699994627,30   84   33   65,2,1.101126399997156,1,1.171745718851467,sub-11,,,,18,F,R
31,96,rubber duckie.wav,10.64399092970521,0.472434810588623,0,,0.4988980954572745,,0.8042351999902166,14   19   96   47,1,3.503487699999823,0,1.105047477115114,sub-11,,,,18,F,R
32,120,yankee doodle.wav,8.572018140589568,0.4459924302086158,0,,0.4530109237854231,mary had a little lamb,8.02968890000193,16  120  118   65,2,7.71243250000407,1,1.052822223422417,sub-11,,,,18,F,R
33,68,love me tender.wav,9.331020408163266,0.4979505279807196,0,,0.4598430865259478,,1.865838700003223,8   68   82   13,4,10.23056460000225,0,1.195329745292045,sub-11,,,,18,F,R
34,32,daisy bell.wav,8.062993197278912,0.4003432084669625,1,6.384448700002395,0.4998515356933472,,2.582589300000109,11   10   87   32,2,10.98955469999055,0,1.078712914289434,sub-11,,,6.384448700002395,18,F,R
35,64,london bridge.wav,6.706984126984127,0.4229715173248526,0,,0.4434209577576205,mary had a little lamb,8.803589400005876,83   50   53   64,2,5.056344800002989,0,1.057027266245262,sub-11,,,,18,F,R
36,105,sugar sugar.wav,7.83501133786848,0.4050854305276786,0,,0.4743566683648273,,0.7340799999947194,6   57  105   51,4,4.962732100000721,0,1.179397809569515,sub-11,,,,18,F,R
37,77,ob la di ob la da.wav,14.81401360544218,0.4415514130424263,0,,0.4283475478669912,,0.9204391000093892,40    6   23   77,1,4.592268099993817,0,1.135427569475337,sub-11,,,,18,F,R
38,87,peter and the wolf.wav,10.82798185941043,0.4958894147722209,0,,0.4858246098061622,,2.008982400002424,97   87   86   88,3,15.14793089999876,0,1.009033049975198,sub-11,,,,18,F,R
39,89,pop goes the weasel.wav,7.075011337868481,0.4440278517291677,0,,0.4711833394420548,up goes the weasle. ,10.06509570000344,89   39   61   17,1,1.942025600001216,1,1.092443770592959,sub-11,,,,18,F,R
40,54,if you're happy and you know it.wav,9.09002267573696,0.4334603643838805,0,,0.4248655116705858,,2.751228199995239,54    1   91   34,1,1.940966599999228,1,1.002605531459977,sub-11,,,,18,F,R
41,48,heigh-ho.wav,10.50299319727891,0.4498799382933846,0,,0.4108980745487689,,0.9072929000103612,107   76   48   46,1,10.16048460001184,0,1.087027260500357,sub-11,,,,18,F,R
42,24,buffalo gals.wav,9.331020408163266,0.4460638947207092,0,,0.4362997081585447,,0.9204188000003342,26   15    8   24,3,9.992826999994575,0,1.082640278912731,sub-11,,,,18,F,R
43,73,my bonnie lies over the ocean.wav,6.788979591836735,0.4120021400109744,0,,0.4407878174584586,,1.566495000006398,120   56   73   68,3,5.548971500000334,1,1.0288003195271,sub-11,,,,18,F,R
44,4,I've been working on the railroad.wav,9.311020408163266,0.4012563024077608,0,,0.4996250494236377,,2.376045400000294,25  117   37    4,2,5.867549899994629,0,1.194933381159071,sub-11,,,,18,F,R
45,50,hickory dickory dock.wav,7.077006802721089,0.4101591875182074,0,,0.4331110234007831,,2.248292000003858,50   78   43   28,4,4.410177899990231,0,1.152307121676774,sub-11,,,,18,F,R
46,7,a spoonful of sugar.wav,8.531020408163265,0.4114151612034759,0,,0.4168909879192308,,0.652056500010076,42   48  102    7,3,7.131726600011461,0,1.166470130254644,sub-11,,,,18,F,R
47,47,happy trails.wav,9.331020408163266,0.4448489916263241,0,,0.4094779957498543,,3.435072800013586,3   39   47   13,3,4.427569999999832,1,1.039074788565612,sub-11,,,,18,F,R
48,59,jimmy crack corn.wav,9.063990929705216,0.4305145745295117,0,,0.4586428101959739,,7.179020499999751,59   46   97   37,3,7.116527799997129,0,1.101762745491467,sub-11,,,,18,F,R
49,66,love and marriage.wav,8.71700680272109,0.4517097754802916,0,,0.4280807183698982,,1.134248799993657,105   87   52   66,2,3.68458100000862,0,1.032076475527083,sub-11,,,,18,F,R
50,109,teddy bear picnic.wav,8.161995464852607,0.4274594879792967,0,,0.4193419009097278,from a youtube video when i was younger,16.48021589999553,90   55   85  109,2,7.942785000006552,0,1.089941031858873,sub-11,,,,18,F,R
51,99,she'll be coming 'round the mountain.wav,8.86,0.4444557249010166,0,,0.4155456347984471,,0.6418994999985443,99   91   70   17,3,7.878871599998092,0,1.128844237842459,sub-11,,,,18,F,R
52,52,hot cross buns.wav,6.46,0.4419863301282996,0,,0.4470685623006883,"i have played it on the instrustament, recorder when i was younger",47.93282060000638,53   52   74    8,2,5.395503899999312,1,1.045781437164303,sub-11,,,,18,F,R
53,37,down in my heart.wav,8.388979591836735,0.4043490678401608,0,,0.4751351545483712,,1.082422399995266,88   52   71   37,4,4.981432200002018,1,1.132148781784302,sub-11,,,,18,F,R
54,28,chicken dance.wav,5.946984126984127,0.411269049674082,1,3.149195499994676,0.4491286104028978,chicken dance,4.310332499997457,21   28  116  101,2,1.20726840000134,1,1.069145366398698,sub-11,,,3.149195499994676,18,F,R
55,65,louie louie.wav,8.860997732426304,0.4882031463122541,0,,0.4246613177970428,,0.9841690000030212,65  121    7   80,2,5.385345600006985,0,1.062580388540021,sub-11,,,,18,F,R
56,85,over the river and through the woods.wav,13.91301587301587,0.4876740903094203,0,,0.448569063956747,,1.222202100005234,84   85   41  121,4,5.595895799997379,0,1.077092083454807,sub-11,,,,18,F,R
57,112,the brady bunch.wav,9.331020408163266,0.4269503856336154,0,,0.4318059014676762,,0.8579702999995789,51  112  109  101,4,6.064689100006944,0,1.034221637813353,sub-11,,,,18,F,R
58,19,billie jean.wav,8.305986394557824,0.4909439761303723,0,,0.4568698540940923,,0.5199256999912905,44   39    9   19,4,6.381769900006475,1,1.009094820828073,sub-11,,,,18,F,R
59,90,popeye the sailorman.wav,7.546984126984127,0.4833591405853986,0,,0.4148907345806109,,0.7310903999896254,19   57   45   90,3,11.38555240001006,0,1.001987103948278,sub-11,,,,18,F,R
1,72,muppet show.wav,8.53201814058957,0.4376796733544165,0,,0.4766544041085629,,4.675504900000305,72   48  110  120,2,15.82888769999954,0,1.064961286261832,sub-12,,,,24,M,R
2,100,shoo fly.wav,9.372018140589567,0.4696510865993934,1,5.015999100000045,0.4265145586914433,,13.45269460000054,100  111   33   20,1,4.28163609999956,1,1.028070843667621,sub-12,,,5.015999100000045,24,M,R
3,57,it's a small world.wav,9.291020408163265,0.4714157873456623,1,7.372766099999353,0.416234770731227,,2.201302800000121,99   57  104   56,2,8.858282199999849,1,1.173927452819809,sub-12,,,7.372766099999353,24,M,R
4,79,oh where has my little dog gone.wav,8.02,0.4984224817378591,0,,0.436616035514679,,2.546273900000415,65    6   87   79,4,8.314283599999726,1,1.046299442854624,sub-12,,,,24,M,R
5,120,yankee doodle.wav,8.572018140589568,0.472985057921853,1,3.891143699999702,0.4863250224483454,,1.816474799999924,120    4   13   30,4,11.31981939999969,0,1.046759465247997,sub-12,,,3.891143699999702,24,M,R
6,86,peanuts.wav,10.50399092970522,0.4367183106151414,1,1.844390299999759,0.4916995367597234,charlie brown theme,16.33588700000018,16   23   86   32,3,2.838061500000549,1,1.100570395038055,sub-12,,,1.844390299999759,24,M,R
7,111,the bare necessities.wav,8.511020408163265,0.4246032544497169,1,5.213901900000565,0.4419484260685478,around the mount,8.49817770000027,8  111  100  119,2,6.338513499999863,1,1.013932204119681,sub-12,,,5.213901900000565,24,M,R
8,24,buffalo gals.wav,9.331020408163266,0.4241271897476092,1,5.221494800000073,0.4797640941245997,,4.926083100000142,97   49    9   24,3,18.05324680000012,0,1.095665605308829,sub-12,,,5.221494800000073,24,M,R
9,55,in a gadda da vida.wav,8.306984126984126,0.4750923948135318,1,7.526835900000151,0.4285587149043438,,1.810884499999702,87    7   55   19,3,11.39971130000049,1,1.109155202180906,sub-12,,,7.526835900000151,24,M,R
10,28,chicken dance.wav,5.946984126984127,0.4604807901688353,1,3.745363699999871,0.4566140722231016,Chicken dance,11.86077539999951,9   49   28   59,3,1.885337400000026,1,1.116154768353434,sub-12,,,3.745363699999871,24,M,R
11,10,all my loving.wav,11.52498866213152,0.4208807894451596,0,,0.4795178115244354,,1.680010300000504,4   76   25   10,1,11.88386779999928,0,1.058408709856546,sub-12,,,,24,M,R
12,36,do-re-mi.wav,12.94399092970522,0.4334873699799257,1,7.603859300000295,0.4758826349330753,,1.620700500000567,106   36   78  101,3,24.34991100000025,0,1.128468294776698,sub-12,,,7.603859300000295,24,M,R
13,101,skip to my lou.wav,8.863990929705215,0.4913000014578578,1,4.445920699999988,0.4927809969637537,,2.819359199999781,120   22   76  101,1,2.751799099999516,0,1.027361865917921,sub-12,,,4.445920699999988,24,M,R
14,108,take me out to the ballgame.wav,6.194013605442177,0.4672355450632897,0,,0.451869730583831,,2.197488499999963,101   77   19  108,4,7.354796100000385,1,1.162521233481339,sub-12,,,,24,M,R
15,32,daisy bell.wav,8.062993197278912,0.4029091103228769,1,6.461255899999742,0.4255676005738145,,1.234282199999143,84  104  119   32,1,7.344162399999732,0,1.185857201667316,sub-12,,,6.461255899999742,24,M,R
16,25,bye baby bunting.wav,6.319002267573696,0.4507534399689638,0,,0.4199616936500778,,1.675982299999305,98   25   67   89,2,14.55195300000014,1,1.115245175671692,sub-12,,,,24,M,R
17,99,she'll be coming 'round the mountain.wav,8.86,0.4799584301198496,1,6.484594800000195,0.4753263695101779,,3.361458100000164,68   88   11   99,4,2.048161200000322,1,1.057342544603328,sub-12,,,6.484594800000195,24,M,R
18,30,clementine.wav,8.716009070294785,0.4545239308746452,1,4.066094599999815,0.4029648264487045,,1.956510200000594,4  113   30  101,3,13.7450144000004,1,1.014860551989287,sub-12,,,4.066094599999815,24,M,R
19,113,the farmer in the dell.wav,6.994013605442177,0.4951599354605837,1,4.72719219999999,0.4328450191450265,,10.08585399999993,113   59   16  102,4,15.61664460000065,0,1.019327494968703,sub-12,,,4.72719219999999,24,M,R
20,88,polly wolly doodle.wav,9.334013605442175,0.4776558369358713,1,5.219895000000179,0.4515926092447345,,3.544960899999751,19    2   88   67,3,8.110026299999845,1,1.195007134217135,sub-12,,,5.219895000000179,24,M,R
21,22,blowin' in the wind.wav,9.950022675736962,0.4312136998319282,0,,0.4979173897353502,,1.62779479999972,7   72   22  109,3,9.548146000000088,1,1.066317193701817,sub-12,,,,24,M,R
22,17,baby love.wav,7.219002267573696,0.4829345970936906,0,,0.448990620444578,,1.828703799999857,41   66   17    2,1,8.900329799999781,0,1.071016445249623,sub-12,,,,24,M,R
23,46,happy birthday.wav,7.078004535147392,0.4492290428543925,1,4.151399399999718,0.4547307810836904,happy birthday,7.779105499999787,46   19   17   12,1,2.087921100000131,1,1.185028289121196,sub-12,,,4.151399399999718,24,M,R
24,76,my girl.wav,10.44498866213152,0.408084430335299,0,,0.4413828495166677,,1.528503399999863,116   76   78   41,3,18.89412240000001,0,1.192794420105256,sub-12,,,,24,M,R
25,49,"hello mudduh, hello fadduh.wav",10.60199546485261,0.4097895939575088,1,5.116714000000684,0.4823831176308475,,2.155009899999641,108   54   64   49,4,11.69445230000019,1,1.064847599889092,sub-12,,,5.116714000000684,24,M,R
26,39,everlasting love.wav,8.305986394557824,0.4964601367013579,0,,0.4920592730864934,,1.61548700000003,106   56   39   63,4,8.44811860000027,0,1.036273474594698,sub-12,,,,24,M,R
27,91,puff the magic dragon.wav,9.333015873015873,0.4749630326503356,0,,0.4660046915552072,,1.507164399999965,44   34   57   91,2,14.91220600000088,0,1.196783795288437,sub-12,,,,24,M,R
28,89,pop goes the weasel.wav,7.075011337868481,0.4146598594347287,1,4.267424599998776,0.4653957348288828,weasle,7.501834499998949,33   89   96  119,2,2.473026800000298,1,1.091885949810442,sub-12,,,4.267424599998776,24,M,R
29,40,eye of the tiger.wav,8.305986394557824,0.414246576708604,0,,0.4562568867808697,,1.292739300000903,58   40    2   70,4,12.78070460000163,0,1.101005467922694,sub-12,,,,24,M,R
30,68,love me tender.wav,9.331020408163266,0.4325995977476325,1,7.394215499998609,0.4194602026607411,,1.320486799999344,17   68    9   54,3,13.04131800000141,0,1.089805190462263,sub-12,,,7.394215499998609,24,M,R
31,103,smooth criminal.wav,8.348979591836734,0.4749075603120491,0,,0.4991666657538361,,1.290856800000256,16  103    9   93,1,7.772082200001023,0,1.055037499438503,sub-12,,,,24,M,R
32,31,copacabana.wav,9.372018140589567,0.4112575077182179,0,,0.4569268803117541,,1.215869599998769,40   31   73   14,3,8.287881000000198,0,1.093165683325746,sub-12,,,,24,M,R
33,45,great escape.wav,15.75002267573696,0.496864734384386,1,7.243290800000977,0.4953992141953528,,0.9079149000008327,6   45   17   67,2,6.644862299999659,1,1.031218236836921,sub-12,,,7.243290800000977,24,M,R
34,92,ring around the rosie.wav,7.034013605442177,0.4206155834185574,1,5.249463200001628,0.4443330683901906,,1.851746399999683,86   62   92   78,3,4.811201399999845,1,1.042241380344503,sub-12,,,5.249463200001628,24,M,R
35,121,you're a grand old flag.wav,9.33201814058957,0.4733387653536248,0,,0.4257605964569663,,2.181062799998472,121    2  105   43,4,21.74294990000089,0,1.000840367858791,sub-12,,,,24,M,R
36,98,sesame street.wav,9.885986394557824,0.4516589039203367,0,,0.4482652854276713,,1.639036499998838,4   76   98   91,2,13.67386400000032,0,1.116521311235401,sub-12,,,,24,M,R
37,44,good night ladies.wav,6.378004535147392,0.4794804370778807,0,,0.4507290590596482,,1.405050800000026,43   44  111   54,1,14.87275540000155,0,1.054612234854129,sub-12,,,,24,M,R
38,14,angel is my centerfold (Example).wav,8.345986394557823,0.4822579790839086,1,3.979921000000104,0.4542419985224004,,2.124071000000185,23   14   70   34,1,12.05593230000159,0,1.069734758715568,sub-12,,,3.979921000000104,24,M,R
39,43,get ready.wav,7.080997732426304,0.4558270796615634,0,,0.4851624935037608,,1.324035699999513,43   98  114  101,3,23.08860420000019,0,1.142978228071891,sub-12,,,,24,M,R
40,11,alouette.wav,5.946984126984127,0.4747343370540007,1,4.771517799999856,0.4127018759794674,,9.81471969999984,111   59   11  121,3,7.563190599999871,1,1.157987874826524,sub-12,,,4.771517799999856,24,M,R
41,61,let it be.wav,12.88199546485261,0.442205430241471,0,,0.4707904389862236,,1.702653599999394,117   62   39   61,3,14.36624570000095,0,1.125773767921436,sub-12,,,,24,M,R
42,118,when the saints go marching in.wav,7.611020408163266,0.4644899388845825,0,,0.4578001545927507,,3.061519200000475,31  118   78  119,2,2.993368499999633,1,1.077174273361283,sub-12,,,,24,M,R
43,67,love me do.wav,12.46798185941043,0.4084016572003385,1,6.235104600000341,0.4062289793157877,,2.094906199999969,14   55   67   60,3,14.31011439999929,1,1.156661730579096,sub-12,,,6.235104600000341,24,M,R
44,116,this old man.wav,9.393015873015871,0.4767596960704162,1,5.515883300000496,0.4559919044730317,Skip to...,19.86915109999973,96   75   91  116,1,23.02144189999854,0,1.012927941509692,sub-12,,,5.515883300000496,24,M,R
45,64,london bridge.wav,6.706984126984127,0.426190694308949,1,4.508667399999467,0.4218365318749488,,4.851326799998787,112   72   64   48,3,2.882499200000893,1,1.039258849082733,sub-12,,,4.508667399999467,24,M,R
46,110,tequila.wav,9.256009070294784,0.4891245092635086,1,3.957575200000065,0.4807452088313294,,3.66655659999924,105   14  110   54,2,19.93421619999936,0,1.153327657446601,sub-12,,,3.957575200000065,24,M,R
47,115,there's a hole in the bucket.wav,7.365986394557823,0.4241848922530278,0,,0.4118256266940729,,1.195835599999555,115   26   31    4,4,16.48598630000015,0,1.024481794113429,sub-12,,,,24,M,R
48,3,I think we're alone now.wav,6.298004535147392,0.455373205159594,0,,0.493543813426314,,1.047700300001452,39   30   53    3,1,9.440206100000069,0,1.171373102873421,sub-12,,,,24,M,R
49,95,row your boat.wav,7.035011337868481,0.4563021853870362,1,4.999901400000454,0.4021686269028039,row row,12.08810719999929,59   49   95   48,3,2.334217499999795,1,1.153034541027644,sub-12,,,4.999901400000454,24,M,R
50,27,can't help falling in love.wav,13.4990022675737,0.4265746500809611,0,,0.4652686245482558,,1.213291600000957,99   27   67  109,4,7.999360499999966,0,1.025813081424815,sub-12,,,,24,M,R
51,29,cindy.wav,9.372018140589567,0.4200482944497521,1,7.79943429999912,0.4069620558191175,,1.250285699999949,84  111   49   29,1,13.62341860000015,0,1.091643107442032,sub-12,,,7.79943429999912,24,M,R
52,48,heigh-ho.wav,10.50299319727891,0.4707028733772415,0,,0.4267231425331668,,0.9437431000005744,48   30   74   29,3,6.844852899999751,0,1.175819958172518,sub-12,,,,24,M,R
53,34,do wah ditty.wav,7.758004535147392,0.4744283404186745,0,,0.4015001306625438,,1.230394300000626,34   94   14   76,1,9.0716582999994,1,1.081286870045369,sub-12,,,,24,M,R
54,58,itsy bitsy spider.wav,9.802993197278912,0.4292994305124053,1,4.494044799999756,0.4823750264298773,,2.400074900000618,15   58  102   23,2,2.696727599999576,1,1.153770097744623,sub-12,,,4.494044799999756,24,M,R
55,107,swing low sweet chariot.wav,9.66,0.4219425181060602,1,8.904802300001393,0.4442709718056821,,1.093745800000761,15   70   21  107,2,18.34136989999934,0,1.094612986139148,sub-12,,,8.904802300001393,24,M,R
56,80,old gray mare.wav,9.33201814058957,0.4058145290689971,1,6.889413900000363,0.499872932101849,,0.9986853999998856,53   80   97   11,2,9.110486900000978,1,1.085660342631223,sub-12,,,6.889413900000363,24,M,R
57,81,old king cole.wav,9.353015873015874,0.4758072347934061,1,7.820086100000481,0.4595474552272571,,0.9219223000000056,90   32   81  115,2,10.51544569999896,0,1.083280270773948,sub-12,,,7.820086100000481,24,M,R
58,119,wouldn't it be nice.wav,8.018004535147393,0.4931807937304697,0,,0.4129789674100849,,1.03228769999987,103   73  119   18,3,15.07311710000067,1,1.19206863616588,sub-12,,,,24,M,R
59,13,america the beautiful.wav,9.33201814058957,0.4264296652499295,1,7.553048600000693,0.4219785755560386,,0.9192413999990094,84   19   13   22,4,10.61762279999857,0,1.079751318023462,sub-12,,,7.553048600000693,24,M,R
60,90,popeye the sailorman.wav,7.546984126984127,0.4110003720303387,0,,0.4754870759672089,,0.5990560000009282,1   90  119   43,2,10.8913448000003,1,1.167296167919977,sub-12,,,,24,M,R
61,114,the muffin man.wav,9.051020408163266,0.4061835238190905,1,4.677354899999045,0.4260041819312527,,9.990976099999898,114   30   16  107,1,3.861271900001157,1,1.070840353894262,sub-12,,,4.677354899999045,24,M,R
62,15,another one bites the dust.wav,12.46897959183674,0.4395489347614363,1,8.20834130000003,0.4454934240254788,,1.292205899999317,40  119   15  115,3,2.272794200000135,1,1.028314725703228,sub-12,,,8.20834130000003,24,M,R
63,60,john jacob jingleheimerschmidt.wav,9.928979591836734,0.4323018335211575,0,,0.4183278072402974,,1.035718400000405,60   53  113   12,3,12.21215850000044,0,1.038010676501195,sub-12,,,,24,M,R
1,95,row your boat.wav,7.035011337868481,0.4733101979055101,1,2.203115099997376,0.446067566856739,row you rboat,7.409277400001884,55   95   97   63,2,2.57006199999887,1,1.051688991725791,sub-13,,,2.203115099997376,29,F,R
2,104,star spangled banner.wav,12.83800453514739,0.4115277920944715,1,3.456855900003575,0.4144484362085917,oh see can you see,14.52259809999669,109  110  104   48,3,3.017130499996711,1,1.064633134320172,sub-13,,,3.456855900003575,29,F,R
3,24,buffalo gals.wav,9.331020408163266,0.4750198681679288,1,4.676995800007717,0.4210080217700633,,6.587821799999801,7   19   24   15,3,11.52355550001084,1,1.15483137041237,sub-13,,,4.676995800007717,29,F,R
4,101,skip to my lou.wav,8.863990929705215,0.4683291125071195,1,3.094315199996345,0.4517720742997614,skip to my loo,5.079191500000888,72    2  101   85,3,1.898024199996144,1,1.192266100508564,sub-13,,,3.094315199996345,29,F,R
5,77,ob la di ob la da.wav,14.81401360544218,0.466536593755119,0,,0.4278479430204929,,1.246025200001895,77   95   43   90,4,5.798491099994862,0,1.05745104382334,sub-13,,,,29,F,R
6,39,everlasting love.wav,8.305986394557824,0.4107976352829157,0,,0.4371532923144378,,1.427809300002991,39   81    7   26,1,4.888334000002942,1,1.114828020053777,sub-13,,,,29,F,R
7,54,if you're happy and you know it.wav,9.09002267573696,0.4515527305979289,1,2.684932999996818,0.4023137440420991,if youre happy and yoou know it,11.77930739999283,106   54   15   88,2,2.540738499999861,1,1.059915994313543,sub-13,,,2.684932999996818,29,F,R
8,23,brahms lullaby.wav,12.28399092970522,0.4279830350587305,1,3.606915900003514,0.452556511226998,,10.56465450000542,23   42    8   32,1,5.247328900004504,1,1.100617349783075,sub-13,,,3.606915900003514,29,F,R
9,60,john jacob jingleheimerschmidt.wav,9.928979591836734,0.4100135159478216,1,9.505328500003088,0.4138544291699389,,1.713419299994712,59   60   47   37,1,6.088937199994689,0,1.011357015175767,sub-13,,,9.505328500003088,29,F,R
10,65,louie louie.wav,8.860997732426304,0.4138916890624402,0,,0.4794368161105437,,1.454820099999779,65   16   18   40,1,5.750451300002169,1,1.150168115953473,sub-13,,,,29,F,R
11,5,James Bond.wav,10.52199546485261,0.4607210368506432,0,,0.4468603621984523,,1.212814700003946,5   84  101   43,4,6.437737100000959,0,1.106410794779646,sub-13,,,,29,F,R
12,17,baby love.wav,7.219002267573696,0.4629072161634914,1,5.792948300004355,0.4991875924160529,,3.016556499991566,56   41   17   26,3,3.063844200005406,1,1.115977153600738,sub-13,,,5.792948300004355,29,F,R
13,57,it's a small world.wav,9.291020408163265,0.4183753412432943,1,3.836453700001584,0.4373210432907719,,7.454575499999919,61   63   57   14,3,10.50797579999198,1,1.151535516056276,sub-13,,,3.836453700001584,29,F,R
14,36,do-re-mi.wav,12.94399092970522,0.4922040003091648,1,3.847376299992902,0.4377497736848576,do rae me,11.19263520000095,81    1   24   36,4,4.574080200007302,1,1.105688286915993,sub-13,,,3.847376299992902,29,F,R
15,38,eight days a week.wav,12.28399092970522,0.495105317738713,0,,0.4797932912166399,,1.397699900000589,38   29  100   19,1,4.857524400009424,1,1.095022519096049,sub-13,,,,29,F,R
16,85,over the river and through the woods.wav,13.91301587301587,0.4107425323524714,1,3.020491300005233,0.4664336980923723,,2.574072999996133,41   85   90  100,2,3.960800400003791,1,1.009795987327844,sub-13,,,3.020491300005233,29,F,R
17,18,be kind to your web-footed friend.wav,6.993015873015873,0.4107535747841012,1,2.423752699993202,0.4985142431583364,,6.97273330000462,8   29   18   79,4,12.39630890000262,0,1.019338254622372,sub-13,,,2.423752699993202,29,F,R
18,55,in a gadda da vida.wav,8.306984126984126,0.415363541811299,1,4.516124000001582,0.467266789198473,,11.19695520000823,93   55  100   82,2,10.1943167999998,1,1.09859455964058,sub-13,,,4.516124000001582,29,F,R
19,94,rock-a-bye baby.wav,13.92498866213152,0.4506181965632423,1,3.451149200001964,0.4992320129339946,rockaby baby,4.991921499997261,87   31   42   94,4,2.133078800005023,1,1.193068515590905,sub-13,,,3.451149200001964,29,F,R
20,35,do your ears hang low.wav,9.661995464852607,0.4613577214299688,1,2.298556399997324,0.4311097493084747,do your ears hang low,8.742473199992673,35    5   81   78,1,1.794754200003808,1,1.074278926014693,sub-13,,,2.298556399997324,29,F,R
21,9,a-tisket a-tasket.wav,10.41800453514739,0.4224454523627155,1,5.26678420000826,0.412533408945615,,3.354164000003948,104    9   70   39,3,5.41512240000884,0,1.086786112855398,sub-13,,,5.26678420000826,29,F,R
22,92,ring around the rosie.wav,7.034013605442177,0.4025114715496246,0,,0.4777299589226501,,14.80006069999945,92   83   47   36,1,2.960290199989686,1,1.004836365331828,sub-13,,,,29,F,R
23,87,peter and the wolf.wav,10.82798185941043,0.4797823782536461,0,,0.4159532174604458,,1.736175699988962,45   66   88   87,4,5.601624500006437,1,1.125854519841997,sub-13,,,,29,F,R
24,109,teddy bear picnic.wav,8.161995464852607,0.4992465199051534,1,2.777501100004883,0.4378390637125941,teddy bear song,6.259550899994792,11  111  109   76,3,1.790289600001415,1,1.0416170310808,sub-13,,,2.777501100004883,29,F,R
25,99,she'll be coming 'round the mountain.wav,8.86,0.4049369728423324,1,5.368496299997787,0.4694760049620499,,12.65527709999878,29  111   13   99,4,3.88380879999022,1,1.112071291063365,sub-13,,,5.368496299997787,29,F,R
26,74,my country 'tis of thee.wav,14.21201814058957,0.4596497804223719,1,3.466894900004263,0.4802980606550747,god ave the queen,8.176654499999131,23   83   74   52,3,11.26718650000112,1,1.102556290086137,sub-13,,,3.466894900004263,29,F,R
27,106,super mario world.wav,12.28598639455782,0.4914995137953997,0,,0.426820422427882,,15.45652190000692,11  121   74  106,4,8.62349389999872,1,1.071991097768129,sub-13,,,,29,F,R
28,70,michael row the boat ashore.wav,9.372018140589567,0.4693826092933275,1,3.956823899992742,0.4302141851313706, childhood song,13.00527069999953,52   72   73   70,4,4.909884099994088,1,1.109880893809336,sub-13,,,3.956823899992742,29,F,R
29,61,let it be.wav,12.88199546485261,0.4628453352274202,0,,0.4604715193305815,,1.69884369999636,30  109   82   61,4,3.493351400000392,1,1.171366936792396,sub-13,,,,29,F,R
30,96,rubber duckie.wav,10.64399092970521,0.4175470811461253,0,,0.4078948926234384,,3.767236900006537,63   36   96  106,3,4.347971700000926,1,1.184608335890108,sub-13,,,,29,F,R
31,103,smooth criminal.wav,8.348979591836734,0.4994501799945688,1,4.966605599998729,0.4168623958703897,mj annie ru ok,6.819171800001641,60   31  103   91,3,3.154559399990831,1,1.118169202651172,sub-13,,,4.966605599998729,29,F,R
32,49,"hello mudduh, hello fadduh.wav",10.60199546485261,0.4770421067898711,0,,0.4761314831770836,,1.900639200001024,114   49   65    7,2,6.275758899995708,1,1.093105518922014,sub-13,,,,29,F,R
33,51,home on the range.wav,13.08498866213152,0.4194845943393998,1,6.434258199995384,0.4068663635502358,sailor,2.641620099995635,77   51   13  111,2,3.742382399999769,1,1.038003414345444,sub-13,,,6.434258199995384,29,F,R
34,102,smoke on the water.wav,7.838004535147392,0.42002964781289,1,3.669169199987664,0.4390907243584209,smoke on the water,5.304677099993569,88  102   37  111,2,1.430873399993288,1,1.048507801611539,sub-13,,,3.669169199987664,29,F,R
35,44,good night ladies.wav,6.378004535147392,0.4680092328158282,1,5.455305199997383,0.4901834616064021,childhood rhyme,16.55985569999029,106   91   44    5,3,3.733889199997066,1,1.160118669033685,sub-13,,,5.455305199997383,29,F,R
36,33,do as I'm doing.wav,11.67102040816327,0.4237604604868446,0,,0.4390832869371657,,2.894274300007964,78  111   42   33,4,8.095125899999402,1,1.146441754049939,sub-13,,,,29,F,R
37,83,on top of old smokey.wav,12.79700680272109,0.4182008632690918,1,6.249748400005046,0.4723461695595702,on top of old okey,8.55415979999816,58    9   83   10,3,3.561258699992322,1,1.042058350551215,sub-13,,,6.249748400005046,29,F,R
38,11,alouette.wav,5.946984126984127,0.4791424749573712,1,2.884979200011003,0.4784364660928674,childhood song,17.08181139999942,102   11    1   71,2,2.857918599998811,1,1.053394685226578,sub-13,,,2.884979200011003,29,F,R
39,111,the bare necessities.wav,8.511020408163265,0.4196249918467967,0,,0.4851056425213324,,2.944394400008605,86   38   26  111,2,8.126239899997017,0,1.097210835390374,sub-13,,,,29,F,R
40,3,I think we're alone now.wav,6.298004535147392,0.4349554367797389,0,,0.4005360250136745,,2.699670399990282,94   61    3  120,3,2.400762300007045,1,1.167164733366168,sub-13,,,,29,F,R
41,121,you're a grand old flag.wav,9.33201814058957,0.4956213547518685,1,7.884858999997959,0.421065434862256,theme song,7.052737700010766,53  121   78  101,2,6.873097400006372,1,1.004905476787516,sub-13,,,7.884858999997959,29,F,R
42,26,camptown races.wav,8.305986394557824,0.4233764771798691,1,2.44279529999767,0.4281770126710401,camp town races,9.53580700000748,92   66  104   26,4,2.956707799996366,1,1.138465299589381,sub-13,,,2.44279529999767,29,F,R
43,50,hickory dickory dock.wav,7.077006802721089,0.4234859489610756,1,6.363946299999952,0.4350651079147431,piano lessons,9.283127900009276,64   43   50   60,3,2.976146800006973,1,1.106695250304767,sub-13,,,6.363946299999952,29,F,R
44,59,jimmy crack corn.wav,9.063990929705216,0.4424820659791773,1,4.666161500004819,0.4742395579354284,jommy crack corn,6.269299699997646,26   10    7   59,4,1.819940299988957,1,1.108327262777586,sub-13,,,4.666161500004819,29,F,R
45,7,a spoonful of sugar.wav,8.531020408163265,0.4312620444655329,1,3.958995699998923,0.4811825710628267,spoon full of sugar,6.830473699999857,26   99    7  103,3,1.712476799992146,1,1.111881056084306,sub-13,,,3.958995699998923,29,F,R
46,15,another one bites the dust.wav,12.46897959183674,0.4252312912552184,1,5.483128499996383,0.4624505928135431,anotherone bites the dust,7.634857899989584,46   77   15   38,3,1.447211999999126,1,1.001553571683008,sub-13,,,5.483128499996383,29,F,R
47,41,for he's a jolly good fellow.wav,7.117006802721089,0.4408540713020453,1,3.656777799988049,0.4531215985962705,childhood rhyme,8.985989199994947,23   32  101   41,4,3.375815700012026,1,1.002555469333463,sub-13,,,3.656777799988049,29,F,R
48,67,love me do.wav,12.46798185941043,0.4406344628079306,1,5.020610699997633,0.4978147038257957,,3.702860399993369,73  111   67   66,3,8.707641199987847,1,1.027818382084683,sub-13,,,5.020610699997633,29,F,R
49,21,blow the man down.wav,8.491020408163266,0.4928151742266311,1,8.32107890000043,0.4534905488489357,song not sure,6.400427500004298,105   86    3   21,4,6.314260700004525,1,1.01323155401569,sub-13,,,8.32107890000043,29,F,R
50,116,this old man.wav,9.393015873015871,0.4630654057882597,1,4.508401300001424,0.468709177394171,song not sure,9.056766299996523,75   85  116   13,3,4.523723299993435,1,1.053584933190542,sub-13,,,4.508401300001424,29,F,R
51,46,happy birthday.wav,7.078004535147392,0.4032180418111315,1,2.873243100009859,0.4248593364172518,happy birthday,4.104378200005158,46   92  100   76,1,1.391942600006587,1,1.105974150698187,sub-13,,,2.873243100009859,29,F,R
52,82,old mcdonald.wav,9.046984126984126,0.4162253756980564,1,2.10195759999624,0.4931070028179838,old mcdonald,7.187220500010881,82  104    2   14,1,1.067851500003599,1,1.160133318944272,sub-13,,,2.10195759999624,29,F,R
53,76,my girl.wav,10.44498866213152,0.4240128948378899,1,3.009875099989586,0.4385324278541166,my girl,3.548981899992214,105   76   33   14,2,1.40961960000277,1,1.120482433338415,sub-13,,,3.009875099989586,29,F,R
54,53,hush little baby.wav,9.372018140589567,0.4975033010149925,1,2.579537800003891,0.4587527622758527,mockingbird,22.63108069999726,65   97   34   53,3,2.847377400001278,0,1.199148807837908,sub-13,,,2.579537800003891,29,F,R
55,20,bingo.wav,8.920997732426304,0.4594631699380352,1,8.189068200008478,0.4186219184487651,childhood song,6.893222200000309,120   16   81   20,2,3.802575199995772,0,1.034261064268654,sub-13,,,8.189068200008478,29,F,R
56,47,happy trails.wav,9.331020408163266,0.4428858970822611,0,,0.4748421432462723,,1.282696400012355,74   47    6  117,1,4.906069299991941,0,1.080602435732736,sub-13,,,,29,F,R
57,78,oh susanna.wav,12.05800453514739,0.4916163645303018,1,5.44489660000545,0.4677530943327472,,10.89821810000285,53  110   78  106,4,7.324441000004299,0,1.048586294702358,sub-13,,,5.44489660000545,29,F,R
58,105,sugar sugar.wav,7.83501133786848,0.4730574675657676,1,2.846088400008739,0.4897033707781134,candy girl,6.811585699993884,94   42  105   85,3,1.500288399998681,1,1.02465192192669,sub-13,,,2.846088400008739,29,F,R
59,45,great escape.wav,15.75002267573696,0.4311800746589561,0,,0.441027653370291,,1.503891999993357,12   45   98   31,3,7.757993200008059,0,1.108353522654061,sub-13,,,,29,F,R
60,117,three blind mice.wav,13.92798185941043,0.454841105411523,1,5.223219199993764,0.4595584594281237,three blind mice,4.992402300005779,92   43  117   93,3,1.104545499998494,1,1.155890421714517,sub-13,,,5.223219199993764,29,F,R
61,69,mary had a little lamb.wav,9.045986394557824,0.4942067486683446,1,2.542650999996113,0.4170803838586705,mary had a little lamb,6.043337200011592,104   86   52   69,3,1.914358800000628,0,1.137046923586724,sub-13,,,2.542650999996113,29,F,R
62,93,ring of fire.wav,9.04498866213152,0.4211059589278121,1,3.602925799990771,0.4591808040686995,ring o ffire,5.443003299995326,103   93   65   50,2,1.681376200009254,1,1.037030823081004,sub-13,,,3.602925799990771,29,F,R
63,73,my bonnie lies over the ocean.wav,6.788979591836735,0.4812982651029434,1,4.278948700011824,0.4373080208552045,my bonnie,5.836446999994223,102   73  115   15,2,1.272014399990439,1,1.135764845178441,sub-13,,,4.278948700011824,29,F,R
64,86,peanuts.wav,10.50399092970522,0.4589950324182518,1,4.404956500002299,0.4642585957523443,nickelodeon,8.076272500009509,11   86   14   48,2,4.134147899996606,1,1.091536436644164,sub-13,,,4.404956500002299,29,F,R
65,43,get ready.wav,7.080997732426304,0.4084237090925195,0,,0.4984802590425499,,4.749917499997537,43   77  112   48,1,5.911338299993076,1,1.185996821366468,sub-13,,,,29,F,R
66,19,billie jean.wav,8.305986394557824,0.4790466215865625,0,,0.4904333208247891,no idea,4.210814899997786,40   19  109   52,2,5.823541699995985,1,1.180540701761392,sub-13,,,,29,F,R
67,12,amazing grace.wav,8.674013605442177,0.4662480960304471,1,5.307060999999521,0.4061894662887262,amazing grace,14.62432839999383,116    8   12   79,3,1.492131000006339,1,1.010839805033371,sub-13,,,5.307060999999521,29,F,R
68,66,love and marriage.wav,8.71700680272109,0.4967369738926355,0,,0.4111626165923626,,7.81931700000132,102   66   27   44,4,5.626511599999503,0,1.191376735377623,sub-13,,,,29,F,R
69,30,clementine.wav,8.716009070294785,0.4953349228119647,1,3.072693800000707,0.477445473324894,childhood song,11.67436809999344,30    8   77   47,1,3.57496959999844,1,1.093075664786746,sub-13,,,3.072693800000707,29,F,R
70,63,little jack horner.wav,6.793015873015873,0.4173216630854359,1,3.238181300010183,0.4206326040601427,childhood song,6.074439199990593,7   71   63   38,3,3.566395600006217,1,1.0185299200309,sub-13,,,3.238181300010183,29,F,R
71,91,puff the magic dragon.wav,9.333015873015873,0.4620227428828289,1,8.217511900002137,0.4142182595787266,childhood song,5.680798200002755,91   95  109   93,1,3.736921800009441,1,1.121863408439236,sub-13,,,8.217511900002137,29,F,R
1,16,are you sleeping brother john.wav,9.376009070294783,0.4849836445774611,1,2.797288199973991,0.4424968049146982, ,14.19684179997421,16   49   55   93,2,18.05454199999804,0,1.145333320688275,sub-14,,,2.797288199973991,18,F,R
2,26,camptown races.wav,8.305986394557824,0.4660097065847445,1,2.428906700020889,0.4590145364089117,Nursery Rhyme,10.33854140000767,114   64    6   26,3,17.44964169999002,0,1.12319052268067,sub-14,,,2.428906700020889,18,F,R
3,72,muppet show.wav,8.53201814058957,0.4085763946374985,0,,0.4351753421452624,,4.892513500002678,86  104  110   72,4,4.103190099995118,1,1.064887893898935,sub-14,,,,18,F,R
4,91,puff the magic dragon.wav,9.333015873015873,0.4806666581129042,1,6.640818299987586,0.4637468780709614,,4.569893200008664,68   10   30   91,4,7.11924599998747,1,1.059539412547994,sub-14,,,6.640818299987586,18,F,R
5,1,I feel fine.wav,10.69002267573696,0.4979394064580573,0,,0.409977561368806,,7.183495600009337,102    1    5  116,1,9.161586300004274,0,1.127356824191316,sub-14,,,,18,F,R
6,86,peanuts.wav,10.50399092970522,0.4380128789727014,1,10.19547219999367,0.4126544169726662,,3.171039600012591,86   55   34   66,4,6.063917499996023,0,1.194446320714848,sub-14,,,10.19547219999367,18,F,R
7,99,she'll be coming 'round the mountain.wav,8.86,0.487531029637006,1,2.679505699983565,0.4621994664404126,Barney,13.14633540000068,99   94  100   84,1,3.366030399978627,1,1.148025015513544,sub-14,,,2.679505699983565,18,F,R
8,15,another one bites the dust.wav,12.46897959183674,0.4340198580383618,1,7.022282400022959,0.4052854828921482, ,2.061693399999058,17  118    4   15,4,3.281809800013434,1,1.038754143148699,sub-14,,,7.022282400022959,18,F,R
9,40,eye of the tiger.wav,8.305986394557824,0.4083267540901415,1,4.584518699994078,0.4194637230263581,,3.921273800020572,40   16   13  117,3,9.71572579999338,0,1.149664618645047,sub-14,,,4.584518699994078,18,F,R
10,59,jimmy crack corn.wav,9.063990929705216,0.4210799064830129,1,8.045532499992987,0.4900463963017641,,1.708511299977545,37   36  113   59,3,4.742763899994316,0,1.161077451879134,sub-14,,,8.045532499992987,18,F,R
11,101,skip to my lou.wav,8.863990929705215,0.4697819093626112,1,2.790857300016796,0.4593026544691768,Skip to my rue?,13.72058150000521,101   11   89   90,1,2.064155400003074,1,1.138425370726041,sub-14,,,2.790857300016796,18,F,R
12,94,rock-a-bye baby.wav,13.92498866213152,0.4508610712904288,1,2.046157200005837,0.431013452121875,Rocka-bye Baby,14.9494127999933,110   94   15   55,2,2.010131899995031,1,1.096619326083467,sub-14,,,2.046157200005837,18,F,R
13,12,amazing grace.wav,8.674013605442177,0.4046481372622337,1,2.905750100006117,0.4324301814986937,Amazing grace,8.333738299988909,83   45   76   12,4,2.012219999975059,1,1.062976429977824,sub-14,,,2.905750100006117,18,F,R
14,39,everlasting love.wav,8.305986394557824,0.4678325641645475,0,,0.4466925842013813,,4.684340599982534,53   39   92    5,3,5.221195900026942,0,1.1305968687058,sub-14,,,,18,F,R
15,32,daisy bell.wav,8.062993197278912,0.453613397105054,1,3.176928900007624,0.4854626480681241, ,4.945325600012438,32   24  112  108,1,5.752204399992479,1,1.114394563549334,sub-14,,,3.176928900007624,18,F,R
16,10,all my loving.wav,11.52498866213152,0.4448202660106013,0,,0.4767717152107062,,1.819796900002984,64   10   72   14,4,6.205487600003835,0,1.149178758029593,sub-14,,,,18,F,R
17,65,louie louie.wav,8.860997732426304,0.4191471388316587,0,,0.4211632175170156,,2.321206099994015,1  105   65  110,4,4.281456600001547,0,1.176586452954938,sub-14,,,,18,F,R
18,79,oh where has my little dog gone.wav,8.02,0.4814200973103778,1,2.379654299991671,0.4369084179635279,Oh where oh where has my little dog gone,18.23884689999977,11   10  117   79,4,4.065820699994219,1,1.172320428861773,sub-14,,,2.379654299991671,18,F,R
19,37,down in my heart.wav,8.388979591836735,0.4019250790181979,1,5.398673100018641,0.4904750816540462,Nursery Rhyme,12.42133250000188,37    3   97   26,4,5.831849300011527,0,1.120305312111497,sub-14,,,5.398673100018641,18,F,R
20,88,polly wolly doodle.wav,9.334013605442175,0.4258350904350036,1,3.923151000024518,0.4936053118627022,Nursey Rhyme,7.187275200005388,63   99   88   56,3,15.2534064000065,1,1.13346189359258,sub-14,,,3.923151000024518,18,F,R
21,11,alouette.wav,5.946984126984127,0.4446159676114152,1,2.797286699991673,0.4818062054745562,Nursery Rhyme,9.320543699985135,11   95   19   98,1,9.15742840000894,1,1.028699738027876,sub-14,,,2.797286699991673,18,F,R
22,46,happy birthday.wav,7.078004535147392,0.4751420450464319,1,1.697069199988618,0.4763231149745122,Happy Birthday to you,9.230114600009983,62   46   34   82,2,1.468428199994378,1,1.047853862918243,sub-14,,,1.697069199988618,18,F,R
23,104,star spangled banner.wav,12.83800453514739,0.4429301209923738,1,3.145209099981003,0.4239945546766283,,4.512971899996046,104   23   28   99,2,16.24558190000243,0,1.176625840639049,sub-14,,,3.145209099981003,18,F,R
24,44,good night ladies.wav,6.378004535147392,0.4554438405085132,1,5.140471899998374,0.4659671554419377, ,2.581299200013746,44    4   21   48,1,5.156910099991364,1,1.138004591786725,sub-14,,,5.140471899998374,18,F,R
25,24,buffalo gals.wav,9.331020408163266,0.4395930366369,1,3.788016499980586,0.4804135531087056,,3.001168999995571,100   94   61   24,4,4.206558999983827,1,1.143524808379125,sub-14,,,3.788016499980586,18,F,R
26,53,hush little baby.wav,9.372018140589567,0.4089120871819165,1,1.764989899995271,0.4516078916169742, Nusery Rhyme,12.67120880002039,21   53   74   64,2,4.153967000020202,1,1.131831694303324,sub-14,,,1.764989899995271,18,F,R
27,106,super mario world.wav,12.28598639455782,0.4071900481768387,1,3.457215800008271,0.4174500605756808,Nursey Rhyme,8.649204599991208,106   30  113   83,2,8.693419799994444,0,1.127217761843353,sub-14,,,3.457215800008271,18,F,R
28,6,YMCA.wav,14.33501133786848,0.4589120588489293,1,13.91458979999879,0.4637256743881197,  ,2.675351799989585,22   42   48    6,4,7.623621400009142,1,1.001177488459438,sub-14,,,13.91458979999879,18,F,R
29,116,this old man.wav,9.393015873015871,0.4913895117142294,1,1.995643100002781,0.4657959233812383,This old man,4.778839100006735,116  109   21   16,1,1.536391900008311,1,1.086406876430808,sub-14,,,1.995643100002781,18,F,R
30,45,great escape.wav,15.75002267573696,0.4453397323953321,1,8.843084299995098,0.4602267507542557, ,2.561924099980388,75   45   96   85,3,8.751123800000641,0,1.139496259647161,sub-14,,,8.843084299995098,18,F,R
31,82,old mcdonald.wav,9.046984126984126,0.4425058304555006,1,2.864128100016387,0.4829410786899991,Old McDonald had a farm,16.89132339999196,82   49   91   94,1,2.790029399999185,1,1.056001894820364,sub-14,,,2.864128100016387,18,F,R
32,69,mary had a little lamb.wav,9.045986394557824,0.4714714502647286,1,2.016743300016969,0.4955902395786534,Mary Had A Little Lamb,9.64706479999586,69   70   13   97,1,1.372075599996606,1,1.10162632657232,sub-14,,,2.016743300016969,18,F,R
33,41,for he's a jolly good fellow.wav,7.117006802721089,0.4402497032954533,1,2.287908999976935,0.4518369610014127,Oh He's a jolly good fellow,14.10128820000682,19   41   98   12,2,3.189877900003921,1,1.16144594062506,sub-14,,,2.287908999976935,18,F,R
34,14,angel is my centerfold (Example).wav,8.345986394557823,0.4409071847959242,1,3.712943099992117,0.4231126713553995,,3.540502299991203,14   98    2   59,4,4.678274699981557,0,1.049194891076054,sub-14,,,3.712943099992117,18,F,R
35,4,I've been working on the railroad.wav,9.311020408163266,0.4209429500122155,1,3.69392330001574,0.4105691664667068,Nursery Rhyme,17.0655063999875,4   55   89   85,1,5.451732099987566,1,1.044819976197995,sub-14,,,3.69392330001574,18,F,R
36,96,rubber duckie.wav,10.64399092970521,0.4142938337851453,1,6.003174700017553,0.4395095051854061, ,4.200469200004591,26  107  100   96,2,5.919325700000627,0,1.141424017948729,sub-14,,,6.003174700017553,18,F,R
37,120,yankee doodle.wav,8.572018140589568,0.4245981098912349,1,4.113610600004904,0.4201960151328788,Barney,10.21308970000246,26    9  120   68,3,6.151753899990581,1,1.051544035516527,sub-14,,,4.113610600004904,18,F,R
38,97,rudolph.wav,9.33201814058957,0.4084550164360961,1,1.933259999990696,0.4804611274717354,Roldoph The Red Nosed Reindeer,21.23997580001014,94   97   81   82,2,2.452279299992369,1,1.160665399769885,sub-14,,,1.933259999990696,18,F,R
39,56,iron man.wav,10.60498866213152,0.4079620749666596,0,,0.4210774918421397,,2.850396399997408,58   56   93   92,3,4.314416400011396,0,1.051231940473413,sub-14,,,,18,F,R
40,112,the brady bunch.wav,9.331020408163266,0.4520602035115044,0,,0.4241005967638203, ,2.048549500002991,112  113   12  114,2,4.95379940001294,0,1.131556512187804,sub-14,,,,18,F,R
41,110,tequila.wav,9.256009070294784,0.4769626425241917,1,2.99563560000388,0.4574321644535141,,2.367710499995155,20  110  121   34,2,4.246990199986612,1,1.049736934775122,sub-14,,,2.99563560000388,18,F,R
42,57,it's a small world.wav,9.291020408163265,0.4840857235497751,1,6.523433900001692,0.41694836645635, ,1.901220699975966,46  104   57   68,4,5.251605299999937,0,1.011011105273019,sub-14,,,6.523433900001692,18,F,R
43,111,the bare necessities.wav,8.511020408163265,0.4606603074292904,1,6.114566299977014,0.4473263422056183,Bare Nessesities,9.937729900004342,114   81  111   96,3,2.472836800006917,1,1.177044227645411,sub-14,,,6.114566299977014,18,F,R
44,58,itsy bitsy spider.wav,9.802993197278912,0.4752612134933428,1,4.785969099990325,0.4045255024668388,Itsy Bitsy Spider,19.13930979999714,47   15   93   58,4,3.245578200003365,1,1.136676252387653,sub-14,,,4.785969099990325,18,F,R
45,30,clementine.wav,8.716009070294785,0.481399368106232,1,2.215800299978582,0.4256244539681217,,2.425183000013931,118   58   30   83,3,4.869269300019369,1,1.111306527909746,sub-14,,,2.215800299978582,18,F,R
46,63,little jack horner.wav,6.793015873015873,0.4815356265487507,1,4.167859499983024,0.476893387571776,Nursery Rhyme,10.11622650001664,68    3   63  119,3,5.463385099981679,1,1.037576205210997,sub-14,,,4.167859499983024,18,F,R
47,3,I think we're alone now.wav,6.298004535147392,0.4137662596487957,0,,0.4980213853936528,,1.988348399987444,37   96   58    3,1,3.237251499987906,0,1.008764919047606,sub-14,,,,18,F,R
48,21,blow the man down.wav,8.491020408163266,0.404326062646974,1,4.009566099994117,0.4951249546673141,,1.660993299999973,21   32   19   73,4,5.58011360000819,0,1.146398557926837,sub-14,,,4.009566099994117,18,F,R
49,9,a-tisket a-tasket.wav,10.41800453514739,0.4914291021278286,1,4.307562299974961,0.4733286901666564,Nursery Rhyme,9.608557499974268,35    9   53  113,2,4.376730699994368,1,1.088962996153926,sub-14,,,4.307562299974961,18,F,R
50,13,america the beautiful.wav,9.33201814058957,0.4489097578644649,1,6.234506400011014,0.4156846447309575,,2.075557900010608,110   63  118   13,2,4.142323500011116,0,1.128350248623489,sub-14,,,6.234506400011014,18,F,R
51,70,michael row the boat ashore.wav,9.372018140589567,0.4677087144984552,1,4.834803500009002,0.4863793881615405,A Church Song,12.85100739999325,56   70   94    9,2,5.956008600012865,1,1.004331348290295,sub-14,,,4.834803500009002,18,F,R
52,107,swing low sweet chariot.wav,9.66,0.4540156852649432,1,5.41357770000468,0.4273369841308724,,1.868366000009701,63   54  107  120,1,4.71134870001697,0,1.071246190779582,sub-14,,,5.41357770000468,18,F,R
53,103,smooth criminal.wav,8.348979591836734,0.4974746545282447,1,3.509045600017998,0.4542483312883636,Anne Are You Okay? Micheal Jackson,28.14748479999253,43  103   17  109,2,1.922484400012763,1,1.024056380137221,sub-14,,,3.509045600017998,18,F,R
54,93,ring of fire.wav,9.04498866213152,0.4533595648860595,1,6.461035699991044,0.4956091613703394,,3.801358800003072,121  120  113   93,4,5.66200630000094,1,1.084127912761549,sub-14,,,6.461035699991044,18,F,R
55,35,do your ears hang low.wav,9.661995464852607,0.4883231257343906,1,2.472173300018767,0.4209841252056422,Children's Song,21.20556890001171,35   84   81   41,1,4.726025600015419,1,1.164087735715656,sub-14,,,2.472173300018767,18,F,R
56,66,love and marriage.wav,8.71700680272109,0.4826542250967644,0,,0.4534680272808576,,2.286056900018593,30   41   54   66,4,4.629606799979229,1,1.103171558004409,sub-14,,,,18,F,R
57,113,the farmer in the dell.wav,6.994013605442177,0.4660267381510922,1,3.582135300006485,0.4266864812805195,Chidren's Song,15.71165240000119,58   71  113   88,3,8.19252020001295,1,1.079102244223987,sub-14,,,3.582135300006485,18,F,R
58,119,wouldn't it be nice.wav,8.018004535147393,0.4444300484615119,0,,0.4427271912564135,,1.610337499994785,72   95  116  119,1,4.176744500000495,0,1.087300824004822,sub-14,,,,18,F,R
59,34,do wah ditty.wav,7.758004535147392,0.4401608316490421,0,,0.4143146327067586,,3.219447799987393,34   53   18   59,3,5.102977000002284,0,1.047048030551177,sub-14,,,,18,F,R
60,98,sesame street.wav,9.885986394557824,0.4989000385265978,0,,0.4047461511879559,,1.706600900011836,87   98   24   36,2,5.458980399998836,1,1.072207723199397,sub-14,,,,18,F,R
61,23,brahms lullaby.wav,12.28399092970522,0.442479616535481,1,2.120071700017434,0.4147066301058127,A Lullabye,24.94645349998609,56  109   23  106,3,7.35189670001273,1,1.089612553914691,sub-14,,,2.120071700017434,18,F,R
62,121,you're a grand old flag.wav,9.33201814058957,0.484833883109556,1,5.449887599999784,0.4044678658701674,,1.489606199989794,106    3  121   74,1,4.581293800001731,0,1.036874000580307,sub-14,,,5.449887599999784,18,F,R
63,42,froggy went a-courtin'.wav,12.20498866213152,0.4578384094842385,1,5.950529800000368,0.4566861060363853,,1.391413700010162,78  120    8   42,4,7.336482100014109,1,1.102906512094541,sub-14,,,5.950529800000368,18,F,R
64,61,let it be.wav,12.88199546485261,0.4124901898179642,1,7.142381900019245,0.4545819713070079, ,3.164138199994341,34   61   10   51,4,3.027058500010753,0,1.064666149015694,sub-14,,,7.142381900019245,18,F,R
65,78,oh susanna.wav,12.05800453514739,0.4948110950776849,1,5.265284199995222,0.413254683138502,Nursey Rhyme,6.55632199998945,18   15   78   77,4,7.51146370000788,0,1.072581797976285,sub-14,,,5.265284199995222,18,F,R
66,74,my country 'tis of thee.wav,14.21201814058957,0.4258860624332064,1,8.84151070000371,0.4634641629250317,,6.004808600002434,116   20   74   52,3,5.323729900002945,1,1.019198702457705,sub-14,,,8.84151070000371,18,F,R
67,25,bye baby bunting.wav,6.319002267573696,0.4399960568135503,0,,0.4026508277326582,,3.309814200008987,86   25   48    8,1,3.034745400014799,0,1.09919044698856,sub-14,,,,18,F,R
68,22,blowin' in the wind.wav,9.950022675736962,0.4261517698518139,1,4.962906300002942,0.4070028419084486,,2.068347199994605,13   19   22    6,1,4.068022799998289,0,1.024165878661097,sub-14,,,4.962906300002942,18,F,R
69,19,billie jean.wav,8.305986394557824,0.4269335380819382,1,3.286454299988691,0.4456080172188465,Bille Jean,5.472320200002287,118   19   93    3,2,1.302526099985698,1,1.146989536651122,sub-14,,,3.286454299988691,18,F,R
1,66,love and marriage.wav,8.71700680272109,0.4845386335337823,0,,0.4989395393745991,,7.940719200007152,66  111   48   69,3,14.61787299998105,0,1.054209056223837,sub-15,,,,18,F,R
2,13,america the beautiful.wav,9.33201814058957,0.4186632455049332,0,,0.4299537590845103,,4.674781199952122,13   50  105    3,4,6.547030600020662,0,1.126493360810492,sub-15,,,,18,F,R
3,83,on top of old smokey.wav,12.79700680272109,0.4303830890943156,0,,0.4030939143960521,,2.211868300044443,91   55   83    8,3,6.374822299985681,1,1.117096319786687,sub-15,,,,18,F,R
4,97,rudolph.wav,9.33201814058957,0.4068744547178583,1,4.043861800048035,0.488854709369816,nursery rhyme ,14.98051929997746,1  106   57   97,4,4.914727700001094,1,1.153773409032206,sub-15,,,4.043861800048035,18,F,R
5,57,it's a small world.wav,9.291020408163265,0.4278219763856894,1,7.230975499958731,0.4066666005668405,,5.77663360000588,71   51   57  118,4,4.546755700022914,0,1.017890475374982,sub-15,,,7.230975499958731,18,F,R
6,81,old king cole.wav,9.353015873015874,0.4269631621931699,1,1.247799500008114,0.4538188617642361,,9.323076399974523,96   81   38   52,1,11.20031129999552,0,1.193320133047231,sub-15,,,1.247799500008114,18,F,R
7,62,let it snow.wav,9.334013605442175,0.4568992502889483,1,8.204717400018126,0.4967299312509997,let it snow,13.0391365000396,28   27   62   29,3,1.857296300004236,1,1.052973607330757,sub-15,,,8.204717400018126,18,F,R
8,74,my country 'tis of thee.wav,14.21201814058957,0.4235773338643299,0,,0.4968263905160799,,2.013141500006896,21   52   55   74,4,8.361148800002411,1,1.193568171007205,sub-15,,,,18,F,R
9,10,all my loving.wav,11.52498866213152,0.4455316696352162,0,,0.4458635405538989,,2.246610099973623,10   56   50   53,1,6.723621800018009,1,1.118927414787932,sub-15,,,,18,F,R
10,41,for he's a jolly good fellow.wav,7.117006802721089,0.4692335572436149,1,6.340495400014333,0.420622649860563,,7.184138499957044,42   60   41   71,3,3.393579300027341,1,1.085827367774533,sub-15,,,6.340495400014333,18,F,R
11,26,camptown races.wav,8.305986394557824,0.4430734968999349,1,3.909721400006674,0.4434784942649309,,7.534308600006625,72   26   69  110,1,7.840807900007349,0,1.16431215069925,sub-15,,,3.909721400006674,18,F,R
12,6,YMCA.wav,14.33501133786848,0.4843639303531641,1,12.21000650001224,0.4858604339356508,,7.1525038999971,73  114   54    6,2,6.503246899985243,0,1.070377100324752,sub-15,,,12.21000650001224,18,F,R
13,28,chicken dance.wav,5.946984126984127,0.4445545723364696,1,1.954162599984556,0.4499971990630484,the duck dance ,6.721925899968483,73   28   79  118,2,1.66800190001959,1,1.058489933671846,sub-15,,,1.954162599984556,18,F,R
14,101,skip to my lou.wav,8.863990929705215,0.4610249388028798,1,2.364636900019832,0.4330688843345015,hes a jolly good fellow ,9.01400890003424,59   87  101    7,3,4.282604200008791,1,1.034604600677439,sub-15,,,2.364636900019832,18,F,R
15,82,old mcdonald.wav,9.046984126984126,0.4451076386980561,1,1.891163700027391,0.4342123094350174,mary had a little farm ,8.3920555000077,101   82   29  107,2,3.910412399971392,1,1.159758994866187,sub-15,,,1.891163700027391,18,F,R
16,31,copacabana.wav,9.372018140589567,0.4695730384299124,0,,0.4324691901479903,,1.826908899995033,40  111   64   31,4,3.812035299954005,1,1.017636577427912,sub-15,,,,18,F,R
17,33,do as I'm doing.wav,11.67102040816327,0.4472119839994515,0,,0.4991596341327996,,3.999158499995247,75   33   66   55,2,4.073060300026555,1,1.090880820670646,sub-15,,,,18,F,R
18,50,hickory dickory dock.wav,7.077006802721089,0.425339200161146,0,,0.4397992716940437,,2.767726899997797,76  104   50   66,2,3.918905699974857,0,1.130124142476928,sub-15,,,,18,F,R
19,17,baby love.wav,7.219002267573696,0.4170581749633305,0,,0.4338669388037389,,3.831276200013235,17   52   29   85,3,3.241222100041341,0,1.160755847779846,sub-15,,,,18,F,R
20,84,over the rainbow.wav,17.06698412698413,0.4374802250426469,1,6.509230499970727,0.4056989972409502,somwhere over the rainbow ,9.654058199957944,84  111   98   64,1,1.975652099994477,1,1.081237747744092,sub-15,,,6.509230499970727,18,F,R
21,80,old gray mare.wav,9.33201814058957,0.4943160824302663,0,,0.4616577719331336,,2.66435909998836,80   90   54  116,1,4.537306500016712,1,1.17659641028218,sub-15,,,,18,F,R
22,29,cindy.wav,9.372018140589567,0.4866300295448664,0,,0.4264280652296593,,2.762319600034971,93   97   21   29,3,3.679333000036422,0,1.004648514637053,sub-15,,,,18,F,R
23,30,clementine.wav,8.716009070294785,0.405623170048718,1,3.999871700012591,0.452828479895346,,2.452190199983306,60   30   58  113,2,11.48524700000416,1,1.196940902765625,sub-15,,,3.999871700012591,18,F,R
24,76,my girl.wav,10.44498866213152,0.4914285376715558,0,,0.4613748655641648,,1.605052900034934,106   65    5   76,3,3.43284110003151,0,1.056491367510948,sub-15,,,,18,F,R
25,54,if you're happy and you know it.wav,9.09002267573696,0.4619544839521796,1,7.75217170000542,0.4112927118283836,,2.452365799981635,54   45   49    9,3,10.64446310000494,0,1.098754998301938,sub-15,,,7.75217170000542,18,F,R
26,90,popeye the sailorman.wav,7.546984126984127,0.463813994292727,0,,0.4305688601759798,,1.767293900018558,90   59   67   73,2,3.831509399984498,0,1.185812348252608,sub-15,,,,18,F,R
27,25,bye baby bunting.wav,6.319002267573696,0.4424984365986773,0,,0.4996016264325218,,2.287054099957459,87   28   25   83,4,3.983776000037324,0,1.149021937428635,sub-15,,,,18,F,R
28,38,eight days a week.wav,12.28399092970522,0.4677820457735759,0,,0.4875966992504813,,3.033572100044694,38   56   88  118,1,3.844662499963306,1,1.055872878433175,sub-15,,,,18,F,R
29,88,polly wolly doodle.wav,9.334013605442175,0.4482794265754093,1,4.270263899990823,0.4631821731206599,,7.127602099964861,88   39  104    6,1,4.143747200025246,1,1.033387969339331,sub-15,,,4.270263899990823,18,F,R
30,100,shoo fly.wav,9.372018140589567,0.423032975509626,0,,0.439097591888674,,3.988530199974775,70   80  118  100,4,6.219696799991652,1,1.077960343836153,sub-15,,,,18,F,R
31,91,puff the magic dragon.wav,9.333015873015873,0.4631044514250354,0,,0.4634419613680484,,2.194381599954795,58   91  105  107,2,5.539844099956099,1,1.119749602265071,sub-15,,,,18,F,R
32,19,billie jean.wav,8.305986394557824,0.4922808932747931,0,,0.4934560234600047,,2.342636599962134,19   35   33  113,4,5.228885499993339,0,1.052225846242948,sub-15,,,,18,F,R
33,78,oh susanna.wav,12.05800453514739,0.4179899606654313,1,6.117683000047691,0.4264020405069575,,4.292609600001015,60   78  121   31,3,5.28767589997733,0,1.07631777483129,sub-15,,,6.117683000047691,18,F,R
34,55,in a gadda da vida.wav,8.306984126984126,0.4171142691040809,0,,0.4541769795845082,,1.816544200002681,55   66   83   86,2,4.999379500048235,0,1.141583916219078,sub-15,,,,18,F,R
35,114,the muffin man.wav,9.051020408163266,0.4217704435126394,1,3.713822300022002,0.4936154891266116,,3.73738659999799,60  114  106   56,2,2.434807099984027,1,1.052313418349113,sub-15,,,3.713822300022002,18,F,R
36,21,blow the man down.wav,8.491020408163266,0.4042022393735265,0,,0.4982380760959343,,2.183783399988897,21   94  116   72,3,4.562785800022539,0,1.024926989686417,sub-15,,,,18,F,R
37,79,oh where has my little dog gone.wav,8.02,0.4352063169922626,0,,0.4296244692769443,,1.735257099964656,82   40   79   24,3,3.256403899984434,1,1.018201676933512,sub-15,,,,18,F,R
38,116,this old man.wav,9.393015873015871,0.477386640637972,1,3.40876030002255,0.4123943923927045,,2.615868500026409,59   98   88  116,4,3.98989949998213,1,1.059658732922247,sub-15,,,3.40876030002255,18,F,R
39,47,happy trails.wav,9.331020408163266,0.4118120876962331,0,,0.4496408361258798,,1.335676699993201,82    2   47   97,3,3.609339800023008,1,1.002136918476569,sub-15,,,,18,F,R
40,87,peter and the wolf.wav,10.82798185941043,0.4745431248782159,0,,0.4768070339205936,,1.222648599999957,74  103   35   87,1,4.388190600031521,0,1.065852689859437,sub-15,,,,18,F,R
41,119,wouldn't it be nice.wav,8.018004535147393,0.4643414985393581,0,,0.4573168684392768,,1.497734699980356,119   45    3   50,2,3.887329699995462,0,1.191757463172532,sub-15,,,,18,F,R
42,105,sugar sugar.wav,7.83501133786848,0.4246701558488764,0,,0.4196460096051043,,1.439870800008066,29   20  105   54,3,3.496503899979871,1,1.12227834635171,sub-15,,,,18,F,R
43,64,london bridge.wav,6.706984126984127,0.4801487536057582,1,1.551858099992387,0.4714256546240952,london bridge is falling down ,8.763512300036382,64    7   97   41,1,1.907877899997402,1,1.056298975799115,sub-15,,,1.551858099992387,18,F,R
44,102,smoke on the water.wav,7.838004535147392,0.459488681920245,0,,0.4206822809886705,,3.305951700021978,107   64  102   29,4,3.049925900006201,0,1.052537922530017,sub-15,,,,18,F,R
45,24,buffalo gals.wav,9.331020408163266,0.4487155974976966,1,3.8718173999805,0.4665317834193922,,3.295527999987826,62   24  118   69,3,5.381124200008344,0,1.041238743843648,sub-15,,,3.8718173999805,18,F,R
46,86,peanuts.wav,10.50399092970522,0.4510743315569329,0,,0.4148747164291429,,2.234781300008763,36   86   29   19,4,3.766782799968496,0,1.189041971990549,sub-15,,,,18,F,R
47,48,heigh-ho.wav,10.50299319727891,0.4067594144094452,0,,0.4800895648883418,,1.869279099977575,7  117   85   48,2,4.684372299991082,0,1.092085845411128,sub-15,,,,18,F,R
48,85,over the river and through the woods.wav,13.91301587301587,0.4777621345625962,1,12.37414889998036,0.4234255442061829,,3.433866999985185,118   59   55   85,1,3.154132700001355,0,1.13235426448773,sub-15,,,12.37414889998036,18,F,R
49,45,great escape.wav,15.75002267573696,0.4965648052243922,0,,0.4625064975053659,,1.684365199995227,31  100   16   45,4,2.505075299995951,1,1.19334073692598,sub-15,,,,18,F,R
50,4,I've been working on the railroad.wav,9.311020408163266,0.4624371550877879,0,,0.4158889467619541,,1.445207599957939,27   91  110    4,4,2.976420300023165,1,1.138688600366625,sub-15,,,,18,F,R
51,2,I think I love you.wav,9.272018140589568,0.406966488180818,0,,0.4019212895831187,,1.402987300010864,83    2   46   30,4,3.390893900010269,0,1.063944804720504,sub-15,,,,18,F,R
52,46,happy birthday.wav,7.078004535147392,0.4812739515258,1,1.456738199980464,0.4864481196556373,happy birthday ,8.782726800011005,60   32   46   26,3,1.219022099976428,1,1.141048037715515,sub-15,,,1.456738199980464,18,F,R
53,104,star spangled banner.wav,12.83800453514739,0.4685870689102715,1,3.905963800032623,0.4490703833044046,,5.45051539997803,28   94   34  104,4,4.815360600012355,1,1.11170264758717,sub-15,,,3.905963800032623,18,F,R
54,18,be kind to your web-footed friend.wav,6.993015873015873,0.4869979516503422,0,,0.4423296519144019,,1.159601100021973,18   80   51    8,3,3.443592099996749,0,1.082100290773687,sub-15,,,,18,F,R
55,3,I think we're alone now.wav,6.298004535147392,0.43620927431975,0,,0.4299722724483259,,1.291505599976517,3   58   82   17,1,2.669079700019211,1,1.001829386032722,sub-15,,,,18,F,R
56,1,I feel fine.wav,10.69002267573696,0.4834879994242576,0,,0.4625962223581534,,1.347115400014445,14    1   89  101,2,7.384606900042854,1,1.140450844993069,sub-15,,,,18,F,R
57,120,yankee doodle.wav,8.572018140589568,0.4543444483304637,1,3.999070199963171,0.4751179670068832,,1.978109300020151,120   39   65   80,1,3.24988169997232,1,1.020187242499865,sub-15,,,3.999070199963171,18,F,R
58,20,bingo.wav,8.920997732426304,0.4918749882576257,1,2.470357100013644,0.444063045473533,chicken dance ,3.843789000005927,67   98   20   52,2,3.138682399992831,0,1.090197729030051,sub-15,,,2.470357100013644,18,F,R
59,110,tequila.wav,9.256009070294784,0.4436934488558155,1,5.761357099981979,0.4786405485660338,,1.689030899957288,43  119  110   35,3,2.132715499959886,1,1.193665842777384,sub-15,,,5.761357099981979,18,F,R
60,75,my favorite things.wav,13.92698412698413,0.4637967014827525,0,,0.49474114527855,,1.399513599986676,75   85   14  120,2,3.387362699955702,0,1.195453053900146,sub-15,,,,18,F,R
61,8,a whole new world.wav,12.98798185941043,0.4656111458399554,0,,0.418363774650485,,0.8695716999936849,60   93    8   66,3,3.840868200000841,1,1.151061157039294,sub-15,,,,18,F,R
62,106,super mario world.wav,12.28598639455782,0.4068935714095834,1,9.184782499971334,0.4954734316849317,,1.014497500029393,80   63  121  106,3,3.723224300018046,0,1.049787168681765,sub-15,,,9.184782499971334,18,F,R
63,44,good night ladies.wav,6.378004535147392,0.4474988629189838,0,,0.4670952795661877,,3.390584999986459,79   44  117    1,2,3.495598200010136,1,1.069982690244833,sub-15,,,,18,F,R
64,118,when the saints go marching in.wav,7.611020408163266,0.4120597979439356,0,,0.4968376025698007,,2.360268099990208,95  110  118   75,4,3.957625499984715,0,1.145843408672875,sub-15,,,,18,F,R
65,35,do your ears hang low.wav,9.661995464852607,0.4454287263371597,1,1.645625699951779,0.4091961634812168,,2.193529699987266,4   93  114   35,1,6.335379900003318,0,1.051256057140798,sub-15,,,1.645625699951779,18,F,R
66,11,alouette.wav,5.946984126984127,0.491784041078152,1,3.644803700037301,0.4250680061234492,,1.833090199972503,117   82   44   11,1,2.567469900008291,0,1.135963088776083,sub-15,,,3.644803700037301,18,F,R
67,115,there's a hole in the bucket.wav,7.365986394557823,0.443138470425414,0,,0.4267162098732511,,1.194569399987813,98   25  115   86,3,3.757788699993398,1,1.199207000021131,sub-15,,,,18,F,R
68,61,let it be.wav,12.88199546485261,0.4871528120620706,0,,0.4179822487467701,,1.787486499990337,61   54   52   68,1,3.425474699994083,1,1.14304429924956,sub-15,,,,18,F,R
69,108,take me out to the ballgame.wav,6.194013605442177,0.4989790915590443,1,2.751934700005222,0.4577992388565053,take me down to the basment ,8.221882099984214,108   26  116    6,1,2.335889899986796,1,1.060789720244829,sub-15,,,2.751934700005222,18,F,R
70,58,itsy bitsy spider.wav,9.802993197278912,0.4573550936284105,1,3.763930200017057,0.4131224811435504,,2.668465700000525,99   58   49   60,4,5.554094399965834,0,1.179457278779385,sub-15,,,3.763930200017057,18,F,R
71,70,michael row the boat ashore.wav,9.372018140589567,0.4842813447222567,0,,0.4553740805854651,,2.162533199996687,71   41   10   70,2,3.333721100003459,0,1.181488647536792,sub-15,,,,18,F,R
72,95,row your boat.wav,7.035011337868481,0.4426066104908466,1,2.38072039996041,0.4885960201893641,the itsiy bitsy spider,11.12306269997498,95   31  119   78,1,3.216041100036819,1,1.161371503903202,sub-15,,,2.38072039996041,18,F,R
73,94,rock-a-bye baby.wav,13.92498866213152,0.4520641070871535,1,3.413214800006244,0.4335002906535917,,0.9457223000354134,84   79   98   94,4,2.835666099970695,1,1.083727589301827,sub-15,,,3.413214800006244,18,F,R
74,73,my bonnie lies over the ocean.wav,6.788979591836735,0.4878757274493269,0,,0.4258325426993167,,0.9780373999965376,73   87  108  111,2,3.939480400003958,0,1.046527935402595,sub-15,,,,18,F,R
75,65,louie louie.wav,8.860997732426304,0.4151639902950267,0,,0.4038010542266233,,1.257073700020555,33   75   52   65,2,2.245574400003534,0,1.159671171492382,sub-15,,,,18,F,R
76,5,James Bond.wav,10.52199546485261,0.4675684844404375,0,,0.4549642961833392,,1.527890199969988,88   37    5   35,4,2.52790859999368,0,1.070160741591723,sub-15,,,,18,F,R
77,32,daisy bell.wav,8.062993197278912,0.4639878496141351,0,,0.4612600614053541,,1.094885499973316,59   89   32  121,2,3.205390399962198,0,1.147416670738864,sub-15,,,,18,F,R
1,109,teddy bear picnic.wav,8.161995464852607,0.4396964767449617,1,7.731464399956167,0.4492624698410857,,7.614644400018733,109   75   79   19,3,12.45292640000116,0,1.086725943647131,sub-16,,,7.731464399956167,23,M,R
2,14,angel is my centerfold (Example).wav,8.345986394557823,0.4803254756445769,1,2.948497599980328,0.4707723412421212,,6.946266399987508,95   70   67   14,2,9.436278200009838,0,1.173825958777282,sub-16,,,2.948497599980328,23,M,R
3,1,I feel fine.wav,10.69002267573696,0.4104315854548966,0,,0.4869660564775465,,1.727471100050025,53   12    1   67,3,3.650451599969529,1,1.017326566788358,sub-16,,,,23,M,R
4,64,london bridge.wav,6.706984126984127,0.4751206680097392,1,1.897732499986887,0.4583558150112974,nursury song,10.21084260003408,28   52   64   50,3,2.004675099975429,1,1.135781073917746,sub-16,,,1.897732499986887,23,M,R
5,79,oh where has my little dog gone.wav,8.02,0.4958311992560706,1,6.020816600008402,0.4783661801127073,baseball,3.179652800026815,88   79   54   13,1,8.406311200000346,0,1.060795884938298,sub-16,,,6.020816600008402,23,M,R
6,95,row your boat.wav,7.035011337868481,0.4166197689400005,1,2.742765499977395,0.4614568994194599,row row row your boat,9.552712299977427,38   79   61   95,4,2.655084699974395,1,1.082066226095322,sub-16,,,2.742765499977395,23,M,R
7,3,I think we're alone now.wav,6.298004535147392,0.4931580560972753,0,,0.4065391573226437,,1.953704599989578,80    8    3   41,3,5.466227400000207,1,1.199987389205641,sub-16,,,,23,M,R
8,92,ring around the rosie.wav,7.034013605442177,0.4418335156800456,1,2.314046500017866,0.4877382289058487,ring around the rosie,3.46464650001144,92    4  117   77,1,1.684720400022343,1,1.193887402165648,sub-16,,,2.314046500017866,23,M,R
9,66,love and marriage.wav,8.71700680272109,0.4277562834394043,1,6.86820510000689,0.4825255766973389,dracula?,4.926102099998388,66   71   19  119,2,3.169213099987246,0,1.054950192317786,sub-16,,,6.86820510000689,23,M,R
10,21,blow the man down.wav,8.491020408163266,0.4705172894916799,0,,0.467745007838844,,1.403184599999804,31   21   23   69,2,4.965798899997026,1,1.167150115279019,sub-16,,,,23,M,R
11,23,brahms lullaby.wav,12.28399092970522,0.4905516602185872,1,3.888324400002602,0.4194591975859246,twinkle twinkle,7.603843999968376,7   23   45  107,2,5.705675699980929,1,1.193238494875067,sub-16,,,3.888324400002602,23,M,R
12,52,hot cross buns.wav,6.46,0.4258310793083574,1,5.493848700018134,0.4226421910296523,hot cross buns,3.865730600024108,6   90   74   52,4,1.951591700024437,1,1.176117109056976,sub-16,,,5.493848700018134,23,M,R
13,85,over the river and through the woods.wav,13.91301587301587,0.4506488311267244,1,5.851264400000218,0.4470033952302826,,4.073228999972343,43   54   72   85,4,3.994025900028646,1,1.021512184778452,sub-16,,,5.851264400000218,23,M,R
14,87,peter and the wolf.wav,10.82798185941043,0.4455073619673697,0,,0.4303012001610691,,1.100208999996539,63   87  113  111,3,6.468063200009055,0,1.021678700793728,sub-16,,,,23,M,R
15,48,heigh-ho.wav,10.50299319727891,0.4174021620766921,1,4.142552899953444,0.4605188450428265,,2.284718700044323,54  110   71   48,4,2.860683999955654,1,1.184908053329924,sub-16,,,4.142552899953444,23,M,R
16,22,blowin' in the wind.wav,9.950022675736962,0.4931119980200059,0,,0.4265282239897938,,0.8017952999798581,45   22   27   66,4,3.072350899979938,0,1.088424755329982,sub-16,,,,23,M,R
17,62,let it snow.wav,9.334013605442175,0.4165432037789734,1,6.620789200009312,0.4927156145501818,let it sno,3.340885300014634,70   62   91   97,2,1.993609799945261,1,1.090753819634503,sub-16,,,6.620789200009312,23,M,R
18,2,I think I love you.wav,9.272018140589568,0.4563818487737917,0,,0.4311326473004899,waltz?,3.543763299996499,94   79    5    2,4,4.0346749999444,1,1.082300311794935,sub-16,,,,23,M,R
19,107,swing low sweet chariot.wav,9.66,0.4375739789815434,0,,0.4821111239792487,,1.182835399988107,5  107   92   15,2,6.664019100018777,1,1.050485997491408,sub-16,,,,23,M,R
20,63,little jack horner.wav,6.793015873015873,0.4714559025322919,1,6.376340099959634,0.4960942076718097,,0.8355920999892987,38   63   72   10,2,3.607434700010344,1,1.080665686442981,sub-16,,,6.376340099959634,23,M,R
21,44,good night ladies.wav,6.378004535147392,0.4918287384323777,0,,0.4451328644078553,,2.73360939999111,44  109   60   83,2,6.621787799987942,0,1.042496166502597,sub-16,,,,23,M,R
22,121,you're a grand old flag.wav,9.33201814058957,0.4222268517761532,0,,0.4424743274645109,,0.904731900023762,49  121    8   89,1,4.368606500036549,0,1.139847453174318,sub-16,,,,23,M,R
23,30,clementine.wav,8.716009070294785,0.4956367846284934,0,,0.4341165188569922,,3.522155200014822,61   30   71   50,4,3.947062899998855,0,1.109590992655432,sub-16,,,,23,M,R
24,80,old gray mare.wav,9.33201814058957,0.4859696248854088,0,,0.4230999006999967,,0.8087796999607235,39   69  100   80,2,3.601270500046667,0,1.164755855655143,sub-16,,,,23,M,R
25,56,iron man.wav,10.60498866213152,0.4137733404556561,1,2.899884500016924,0.4151550749275679,,7.1861214999808,100  103   21   56,4,2.804811800015159,1,1.04703421542153,sub-16,,,2.899884500016924,23,M,R
26,53,hush little baby.wav,9.372018140589567,0.4608979215931953,1,3.401926100021228,0.4544296213802752,nursury,3.177476599987131,53   95  114  113,1,1.871681399992667,1,1.169279717143983,sub-16,,,3.401926100021228,23,M,R
27,7,a spoonful of sugar.wav,8.531020408163265,0.4789610239108658,0,,0.4609180405513517,,1.046800400014035,7   17   94   85,2,5.973201500019059,0,1.142087624621115,sub-16,,,,23,M,R
28,49,"hello mudduh, hello fadduh.wav",10.60199546485261,0.4035589727424551,0,,0.4685745339446153,,1.094466300040949,109   49   20   29,4,3.609415900020394,0,1.103549219800839,sub-16,,,,23,M,R
29,97,rudolph.wav,9.33201814058957,0.4730070818891038,1,1.82504650001647,0.4101277636918468,rudolph ,3.975728999997955,111   59   97   25,3,2.773147300002165,1,1.014070368180126,sub-16,,,1.82504650001647,23,M,R
30,11,alouette.wav,5.946984126984127,0.4921578588126405,1,3.124986800015904,0.4302472404373795,,4.473946999991313,26   19   38   11,4,2.817857699992601,1,1.020746167908094,sub-16,,,3.124986800015904,23,M,R
31,76,my girl.wav,10.44498866213152,0.426604279505348,1,4.625255000020843,0.497726460663344,sunshine,5.238682199968025,117   76   36   40,2,3.587637800024822,1,1.022202709753744,sub-16,,,4.625255000020843,23,M,R
32,90,popeye the sailorman.wav,7.546984126984127,0.4739414725543623,1,3.985131699999329,0.4479883441517921,,1.551275499979965,72   90    3   59,4,3.507908699975815,0,1.130289619722561,sub-16,,,3.985131699999329,23,M,R
33,50,hickory dickory dock.wav,7.077006802721089,0.4172556788418696,0,,0.4991474588974451,,1.367396900022868,18   84   50   76,3,6.68824330001371,1,1.048911577844088,sub-16,,,,23,M,R
34,119,wouldn't it be nice.wav,8.018004535147393,0.4014265563885023,0,,0.4971029127914741,,2.656670199998189,80   48  119   33,3,4.305758200003766,1,1.070200169149665,sub-16,,,,23,M,R
35,37,down in my heart.wav,8.388979591836735,0.4492951088980182,0,,0.4560203818392622,,1.112621299980674,37    9   80   20,3,5.469947099976707,0,1.193583878817608,sub-16,,,,23,M,R
36,91,puff the magic dragon.wav,9.333015873015873,0.4500380043493974,0,,0.4303451233759956,,2.026394199987408,24   32   91    2,3,4.569874299981166,1,1.031723884627148,sub-16,,,,23,M,R
37,34,do wah ditty.wav,7.758004535147392,0.4078369939093779,0,,0.4039425407048144,,1.241283099981956,34   43  109   40,1,1.770717999956105,1,1.083416057724064,sub-16,,,,23,M,R
38,5,James Bond.wav,10.52199546485261,0.4358466005778247,1,2.753449700016063,0.490750368106693,,4.976499700045679,5    9   80   96,1,3.408492199960165,1,1.17528302645846,sub-16,,,2.753449700016063,23,M,R
39,86,peanuts.wav,10.50399092970522,0.4618828235655085,1,1.538799799978733,0.4962698176482359,,8.547109999984968,4   15   86   10,3,2.073087400000077,1,1.117215660282699,sub-16,,,1.538799799978733,23,M,R
40,96,rubber duckie.wav,10.64399092970521,0.4149780874288526,0,,0.490655432637071,,1.14396380004473,29   96   24    4,2,6.223562000028323,1,1.066258348178567,sub-16,,,,23,M,R
41,8,a whole new world.wav,12.98798185941043,0.4030933188078901,1,3.039142899971921,0.4940663386913897,a whole new world,9.744244499946944,32   69    8    9,3,1.817630800011102,1,1.054294102863331,sub-16,,,3.039142899971921,23,M,R
42,51,home on the range.wav,13.08498866213152,0.4634985297773499,0,,0.4393954735731713,,0.7580739000113681,56   51    2   76,2,2.200660899979994,1,1.060905916464598,sub-16,,,,23,M,R
43,70,michael row the boat ashore.wav,9.372018140589567,0.4331353573841161,0,,0.4346384245236132,,0.9280137000023388,76   70   64  113,4,5.037168899958488,0,1.024032288603402,sub-16,,,,23,M,R
44,82,old mcdonald.wav,9.046984126984126,0.4548033200403981,1,2.114175299997441,0.4068068972052145,ole mcdonnald,6.320916700002272,46   82  110  104,2,2.270999000000302,1,1.120214158932762,sub-16,,,2.114175299997441,23,M,R
45,78,oh susanna.wav,12.05800453514739,0.4649907294190183,0,,0.4030425808011794,,2.144560699991416,108  109   78   77,3,5.448971099976916,1,1.096771850769021,sub-16,,,,23,M,R
46,9,a-tisket a-tasket.wav,10.41800453514739,0.4471220989036742,0,,0.4602014261270824,,1.110758099996019,47    9   40   81,1,3.851963200024329,0,1.101692159336657,sub-16,,,,23,M,R
47,59,jimmy crack corn.wav,9.063990929705216,0.4612780961690975,1,3.727709800004959,0.4921409173878702,,3.642602300038561,4   16   42   59,4,5.807761400006711,1,1.07091254343977,sub-16,,,3.727709800004959,23,M,R
48,29,cindy.wav,9.372018140589567,0.4510781176176695,0,,0.4656824018192691,,1.026614400034305,54   29   34   53,4,3.540632300020661,0,1.098434781206743,sub-16,,,,23,M,R
49,99,she'll be coming 'round the mountain.wav,8.86,0.4710511439177894,1,6.964037699974142,0.4585190799540576,,1.553525099996477,97   99   73   28,2,2.353037900000345,1,1.149080131811312,sub-16,,,6.964037699974142,23,M,R
50,38,eight days a week.wav,12.28399092970522,0.4547737040641051,0,,0.4563933890471265,,1.32422080001561,24   38  118    9,1,4.810952299972996,0,1.017122478177223,sub-16,,,,23,M,R
51,93,ring of fire.wav,9.04498866213152,0.4896293920306192,1,4.462629300018307,0.4843262185403338,,2.221671600011177,93   55  115   20,1,1.591966899984982,1,1.082442053111001,sub-16,,,4.462629300018307,23,M,R
52,111,the bare necessities.wav,8.511020408163265,0.4140288575399255,0,,0.4284445914445929,,0.9464341000420972,105   24  111   34,3,3.614003899972886,1,1.190579558083646,sub-16,,,,23,M,R
53,120,yankee doodle.wav,8.572018140589568,0.406666486221762,0,,0.4300236026461708,,1.936614500009455,24   37   20  120,4,3.251113999984227,1,1.047171667639138,sub-16,,,,23,M,R
54,4,I've been working on the railroad.wav,9.311020408163266,0.4438343066049764,1,3.803123999969102,0.4076431214980837,,3.102905199979432,112    4   36   95,2,3.100798500003293,1,1.0486396989064,sub-16,,,3.803123999969102,23,M,R
55,98,sesame street.wav,9.885986394557824,0.482922962846194,0,,0.4071633874057964,,1.098322700010613,98   93   71   10,4,3.596667300036643,0,1.133109207134679,sub-16,,,,23,M,R
56,116,this old man.wav,9.393015873015871,0.4237447910680531,1,1.540778300026432,0.4169640373397074,nursury,6.221130800026003,84   15  116   63,1,3.328192499990109,0,1.18433053186595,sub-16,,,1.540778300026432,23,M,R
57,28,chicken dance.wav,5.946984126984127,0.4498095786409131,1,4.14689609996276,0.4661139184900843,chicken dance,3.349815700028557,7   94   28   98,3,2.4276582999737,1,1.184329320152325,sub-16,,,4.14689609996276,23,M,R
58,24,buffalo gals.wav,9.331020408163266,0.478773024741029,1,4.223666800011415,0.4276255730697863,wheels on the bus,3.280794400023296,24   97  121  105,3,7.258006000018213,0,1.18817697354912,sub-16,,,4.223666800011415,23,M,R
59,61,let it be.wav,12.88199546485261,0.4557627812118075,0,,0.4428893468953623,,1.036343400017358,117   78    3   61,3,3.512623500020709,0,1.042634043199793,sub-16,,,,23,M,R
60,60,john jacob jingleheimerschmidt.wav,9.928979591836734,0.445564589750277,1,7.79662019998068,0.457178110152314,,1.012111500022002,32   90   50   60,1,4.801840599975549,0,1.011530441138621,sub-16,,,7.79662019998068,23,M,R
61,12,amazing grace.wav,8.674013605442177,0.4865395965568421,1,5.352563099993858,0.424772221788204,,2.230517800024245,15   76   98   12,4,3.42685689998325,1,1.053281488759544,sub-16,,,5.352563099993858,23,M,R
62,101,skip to my lou.wav,8.863990929705215,0.405986460623232,1,4.514244899968617,0.422497479242834,,1.289432300021872,101   57   50  109,1,4.933658400026616,1,1.162101301351875,sub-16,,,4.514244899968617,23,M,R
63,43,get ready.wav,7.080997732426304,0.441740481390017,1,5.242542100022547,0.4865495456594122,,0.7531785000464879,73   12   43   92,3,5.166724300011992,1,1.06915122964605,sub-16,,,5.242542100022547,23,M,R
64,10,all my loving.wav,11.52498866213152,0.4165119753730404,0,,0.4959839953846579, ,3.782765400013886,10   31   51   40,3,5.37148359999992,0,1.068650869588471,sub-16,,,,23,M,R
65,6,YMCA.wav,14.33501133786848,0.4672723525674359,0,,0.4203113467452795,,1.082251899992116,119    6   93    5,2,4.987196400004905,1,1.013789469824684,sub-16,,,,23,M,R
66,118,when the saints go marching in.wav,7.611020408163266,0.4249303332772871,0,,0.4968950372246481,,1.04216529999394,118   98   44   60,1,3.515537399973255,1,1.016737238745179,sub-16,,,,23,M,R
67,20,bingo.wav,8.920997732426304,0.4587119909152964,1,3.321328499994706,0.4299203712922776,,3.539929499966092,3   20   92   46,2,2.63607010000851,1,1.089015168690458,sub-16,,,3.321328499994706,23,M,R
68,102,smoke on the water.wav,7.838004535147392,0.4555255573145337,1,3.439683999982662,0.492453272548545,,4.931552499998361,19  102   44    1,2,2.55305349995615,1,1.040154159102618,sub-16,,,3.439683999982662,23,M,R
69,19,billie jean.wav,8.305986394557824,0.4478982377167275,0,,0.4670209854397576,,1.059798899979796,57   72   19   78,2,2.94109199999366,0,1.048578660193179,sub-16,,,,23,M,R
70,27,can't help falling in love.wav,13.4990022675737,0.4117564319524469,0,,0.4613708172230789,,1.081127200042829,66   21   27   32,2,3.586493500042707,0,1.188447567908113,sub-16,,,,23,M,R
71,84,over the rainbow.wav,17.06698412698413,0.4378233346174615,0,,0.4782112390118999,,1.888449599966407,85   27   10   84,1,5.013403900025878,0,1.161583340571077,sub-16,,,,23,M,R
72,108,take me out to the ballgame.wav,6.194013605442177,0.435192780581262,1,3.34252230002312,0.4589930126865268,take me out to a ball game,6.410029800026678,108   32   43  102,1,1.510163799975999,1,1.140957706070792,sub-16,,,3.34252230002312,23,M,R
73,110,tequila.wav,9.256009070294784,0.4617771008031371,1,3.399302500009071,0.4571103236104357,tequil,3.993909299955703,55   38  110   84,3,1.790160500037018,1,1.156531103473815,sub-16,,,3.399302500009071,23,M,R
74,25,bye baby bunting.wav,6.319002267573696,0.4390567739272079,0,,0.4332219500658525,,1.257592700014357,46   29   25   86,2,3.966994700022042,0,1.197375707341754,sub-16,,,,23,M,R
75,41,for he's a jolly good fellow.wav,7.117006802721089,0.4769628712474457,1,2.460659100033808,0.4500183421987362,,9.258712699986065,41   47   56  118,1,1.841648200002965,1,1.186439005073022,sub-16,,,2.460659100033808,23,M,R
76,32,daisy bell.wav,8.062993197278912,0.4837533465784465,0,,0.4699491815703835,,0.8445653999806382,75   14   32  119,3,4.134903899976052,1,1.172310327342325,sub-16,,,,23,M,R
77,104,star spangled banner.wav,12.83800453514739,0.4444025656586426,1,3.776769599993713,0.4918239290376491,american anthem,5.257103600015398,39  104   23   83,2,1.911559300031513,1,1.112783287199567,sub-16,,,3.776769599993713,23,M,R
78,105,sugar sugar.wav,7.83501133786848,0.4783277408080748,1,6.505360100010876,0.4423782377432744,honey honey,5.482442399952561,28  105   37    2,2,7.013401599950157,1,1.194642840437191,sub-16,,,6.505360100010876,23,M,R
79,39,everlasting love.wav,8.305986394557824,0.4810357117420978,0,,0.4441647121376471,,1.908313699997962,67   39   13   52,1,3.227573600015603,0,1.093009290434859,sub-16,,,,23,M,R
80,35,do your ears hang low.wav,9.661995464852607,0.4374787003936529,1,3.578764399979264,0.4944377188918498,chain hang low,2.411701300006825,46   67   11   35,4,4.320908699999563,1,1.185328715949365,sub-16,,,3.578764399979264,23,M,R
81,54,if you're happy and you know it.wav,9.09002267573696,0.4991110217902174,1,3.411483799980488,0.4398514621696136,,2.998499900044408,97   93   96   54,4,2.379608000046574,1,1.167584307130297,sub-16,,,3.411483799980488,23,M,R
82,47,happy trails.wav,9.331020408163266,0.4204892804670504,0,,0.4570521872745337,,1.084089400013909,36   40  109   47,4,2.958852200012188,1,1.129353264244009,sub-16,,,,23,M,R
1,74,my country 'tis of thee.wav,14.21201814058957,0.4389302936275368,1,9.9894643999869,0.4036124564527339,,7.492399999988265,103   74   22   68,3,5.993755199946463,0,1.084799589691681,sub-17,,,9.9894643999869,19,F,R
2,12,amazing grace.wav,8.674013605442177,0.4333868880093918,1,3.117101999931037,0.4984386262817149,christmas song?,11.2046021000715,12   38   55   14,1,2.990744300070219,1,1.097679184530941,sub-17,,,3.117101999931037,19,F,R
3,73,my bonnie lies over the ocean.wav,6.788979591836735,0.4061583149868049,1,2.534718899987638,0.4484294697097158,bonnie lies over the ocean,7.644223400042392,104  119   39   73,4,2.395356300054118,1,1.100218940505107,sub-17,,,2.534718899987638,19,F,R
4,83,on top of old smokey.wav,12.79700680272109,0.4001789695078922,1,3.334889300051145,0.4386863597394985,,3.045413599931635,6   83  101   95,2,4.486294599948451,1,1.196029085143048,sub-17,,,3.334889300051145,19,F,R
5,69,mary had a little lamb.wav,9.045986394557824,0.4346553333644208,1,1.546045499970205,0.4011123779082629,mary had a little lamb,9.696972499950787,7   39   69   18,3,2.350999599904753,1,1.194996383506567,sub-17,,,1.546045499970205,19,F,R
6,15,another one bites the dust.wav,12.46897959183674,0.4788056103564046,1,4.016076699947007,0.4433292773321538,another one bites the dust,6.361528099980205,99   15   96   87,2,1.794038900057785,1,1.051006770307862,sub-17,,,4.016076699947007,19,F,R
7,19,billie jean.wav,8.305986394557824,0.4519619182908679,1,4.815701199928299,0.4224454276847412,,1.182416999945417,63   26    4   19,4,4.818300600047223,1,1.102766993946391,sub-17,,,4.815701199928299,19,F,R
8,98,sesame street.wav,9.885986394557824,0.4367599604785075,1,2.77507129998412,0.4427614454334816,,1.171067100018263,104   93   98   49,3,6.585880500031635,1,1.096108022477875,sub-17,,,2.77507129998412,19,F,R
9,38,eight days a week.wav,12.28399092970522,0.4160187999902203,1,1.594011800014414,0.402402870819402,mary had a little lamb,10.6567350999685,81   79   38   83,2,5.279276499990374,0,1.157083286275455,sub-17,,,1.594011800014414,19,F,R
10,31,copacabana.wav,9.372018140589567,0.4667963729417187,1,3.136549800052308,0.4700052195952092,,2.105503999977373,4   96   92   31,4,5.306569700012915,1,1.10524335719908,sub-17,,,3.136549800052308,19,F,R
11,89,pop goes the weasel.wav,7.075011337868481,0.4061986272788576,1,1.412274400005117,0.4354785441613689,mulberry bush,6.927873899927363,34  118   78   89,4,3.32689849997405,1,1.1638144951845,sub-17,,,1.412274400005117,19,F,R
12,57,it's a small world.wav,9.291020408163265,0.4435749395659415,1,3.021290500066243,0.4935977876486846,,1.681219900026917,53   33   80   57,3,5.651427999953739,0,1.147081422915738,sub-17,,,3.021290500066243,19,F,R
13,76,my girl.wav,10.44498866213152,0.4827469150698201,1,3.161586100002751,0.4568953365089,,1.405605599982664,100   45   76  112,3,4.117847500019707,1,1.034426786777954,sub-17,,,3.161586100002751,19,F,R
14,49,"hello mudduh, hello fadduh.wav",10.60199546485261,0.4053701804885375,0,,0.4765772507299989,,1.942599699948914,49   51   92  102,2,3.78883589990437,0,1.105054284682861,sub-17,,,,19,F,R
15,114,the muffin man.wav,9.051020408163266,0.4717253809946125,1,1.451879300060682,0.4057561130190983,nursery rhyme,7.360183199984021,30  102   85  114,4,3.156936099985614,1,1.036385793515412,sub-17,,,1.451879300060682,19,F,R
16,37,down in my heart.wav,8.388979591836735,0.41672843220621,1,4.433879800024442,0.4884270522894272,,2.320810899953358,110   37   91   13,2,3.373760399990715,1,1.097399700711185,sub-17,,,4.433879800024442,19,F,R
17,48,heigh-ho.wav,10.50299319727891,0.4019961112313035,1,3.508079999941401,0.4602820537038551,i go i go ,3.645143799949437,61   48   66   81,2,3.716864299960434,1,1.08357096363745,sub-17,,,3.508079999941401,19,F,R
18,51,home on the range.wav,13.08498866213152,0.4113607217934696,1,2.964421199983917,0.4316591833485939,,1.207387899979949,6   51    2   41,4,3.168633299996145,0,1.191594351221433,sub-17,,,2.964421199983917,19,F,R
19,84,over the rainbow.wav,17.06698412698413,0.4554237366761845,1,2.270569200045429,0.4956644894673888,,1.653104800032452,67   84   23   85,2,1.854403800098225,1,1.052730203255189,sub-17,,,2.270569200045429,19,F,R
20,54,if you're happy and you know it.wav,9.09002267573696,0.4357681408405279,1,1.709141200059094,0.4431060047759496,,4.81045610003639,16  111   26   54,4,2.793931300053373,1,1.007387443023408,sub-17,,,1.709141200059094,19,F,R
21,81,old king cole.wav,9.353015873015874,0.4424046715977005,0,,0.4603921386822305,,1.065937999985181,82   81   86  120,4,3.397294900030829,0,1.002592369525895,sub-17,,,,19,F,R
22,3,I think we're alone now.wav,6.298004535147392,0.4925417016774692,1,5.726747600012459,0.4197356368879822,,1.295705799944699,6    3   81  107,4,2.529902699985541,0,1.06220285500525,sub-17,,,5.726747600012459,19,F,R
23,50,hickory dickory dock.wav,7.077006802721089,0.4240519037674594,1,1.783136200043373,0.4264855373329891,,2.66811470000539,3   86    2   50,4,3.222675299970433,1,1.068150335249008,sub-17,,,1.783136200043373,19,F,R
24,27,can't help falling in love.wav,13.4990022675737,0.4207199535109628,1,10.51119019999169,0.471808902852385,,1.22229329997208,29   27   80   51,2,1.975344900041819,1,1.134529232571656,sub-17,,,10.51119019999169,19,F,R
25,32,daisy bell.wav,8.062993197278912,0.4890367529353227,1,2.161800700007007,0.4504784708731219,,1.057051799958572,32   58   96   79,2,2.974392700009048,0,1.032534426960323,sub-17,,,2.161800700007007,19,F,R
26,82,old mcdonald.wav,9.046984126984126,0.4871464484244604,1,1.802484799991362,0.4188442524169391,old mcdonal ,7.062104800017551,60    9  109   82,4,2.243378099985421,1,1.013875406727633,sub-17,,,1.802484799991362,19,F,R
27,39,everlasting love.wav,8.305986394557824,0.4755270617884113,1,2.069657400017604,0.4704950076989996, ,2.91532179992646,39  111    7  115,3,3.752291799988598,0,1.050400436522376,sub-17,,,2.069657400017604,19,F,R
28,99,she'll be coming 'round the mountain.wav,8.86,0.4068079699742835,1,3.321417800034396,0.4991958758997332,,6.31166879995726,103   29   99   63,3,2.078166899969801,1,1.085467461421249,sub-17,,,3.321417800034396,19,F,R
29,11,alouette.wav,5.946984126984127,0.4363666064612193,1,1.564057499985211,0.4351531801642424,,1.907101499964483,11    6   74  114,1,2.535557899973355,1,1.02944048926893,sub-17,,,1.564057499985211,19,F,R
30,110,tequila.wav,9.256009070294784,0.4421867036774512,1,1.021156500093639,0.4329830664197395,merry christmas ,5.265460600028746,118   15   27  110,1,3.711383200017735,0,1.106795471306466,sub-17,,,1.021156500093639,19,F,R
31,59,jimmy crack corn.wav,9.063990929705216,0.4356227850884574,1,2.39890699996613,0.4007458218964881,,1.750376799958758,105   68   59   64,4,3.88924029993359,0,1.193157943012674,sub-17,,,2.39890699996613,19,F,R
32,29,cindy.wav,9.372018140589567,0.4022550803099963,1,5.77880600001663,0.4149225589238,,1.551553500001319,29   53   27   44,2,5.665872299927287,0,1.030495234526438,sub-17,,,5.77880600001663,19,F,R
33,115,there's a hole in the bucket.wav,7.365986394557823,0.4596776135365155,1,3.605339400004596,0.4302948955325738,,1.368543399963528,108   10    3  115,1,2.090098800021224,0,1.077925934573439,sub-17,,,3.605339400004596,19,F,R
34,36,do-re-mi.wav,12.94399092970522,0.4962015367716111,1,2.722574599902146,0.4353352048345714,doe a deer,4.0374324999284,61   36   44   85,4,7.111963400035165,0,1.083666321523493,sub-17,,,2.722574599902146,19,F,R
35,56,iron man.wav,10.60498866213152,0.4920932428954147,1,4.079543299973011,0.4935542870989194,,1.63270780001767,59   53   68   56,4,2.9376731000375,1,1.077948817992058,sub-17,,,4.079543299973011,19,F,R
36,119,wouldn't it be nice.wav,8.018004535147393,0.4769666795453954,1,1.49645600002259,0.461455443334623,,1.190643500071019,21   78  119   81,3,4.680707199964672,1,1.014949861570446,sub-17,,,1.49645600002259,19,F,R
37,70,michael row the boat ashore.wav,9.372018140589567,0.4565795397588282,1,2.571330499951728,0.4072034405722353,,1.775629000039771,99   49  112   70,3,4.535985999973491,0,1.08275949149776,sub-17,,,2.571330499951728,19,F,R
38,34,do wah ditty.wav,7.758004535147392,0.4513454750561285,0,,0.4116466167486427,,1.367691499995999,120   34   64   83,4,4.362864500028081,0,1.084461028375721,sub-17,,,,19,F,R
39,100,shoo fly.wav,9.372018140589567,0.4052860253123748,1,2.894626799970865,0.4133812317598808,,1.422116799978539,106   38   41  100,3,5.319760200101882,0,1.184038195229878,sub-17,,,2.894626799970865,19,F,R
40,22,blowin' in the wind.wav,9.950022675736962,0.4807756695042746,1,2.199997700052336,0.4152884845049231,,1.298042000038549,22    7   27   98,1,2.83317530003842,1,1.038436705896274,sub-17,,,2.199997700052336,19,F,R
41,78,oh susanna.wav,12.05800453514739,0.4493115034736065,1,1.993072499986738,0.41976366019244,,1.387798299896531,73   80   78   46,2,3.992041200050153,0,1.048562631423023,sub-17,,,1.993072499986738,19,F,R
42,45,great escape.wav,15.75002267573696,0.4786783713250839,1,1.691556400037371,0.4572123071394957,,1.790497799986042,101   45   69   99,2,7.092425899929367,1,1.061489456870712,sub-17,,,1.691556400037371,19,F,R
43,35,do your ears hang low.wav,9.661995464852607,0.4365744892698175,1,1.27484710002318,0.4940966487018831,,2.983700199984014,110   35   52   90,2,2.652054299949668,1,1.092209898900762,sub-17,,,1.27484710002318,19,F,R
44,7,a spoonful of sugar.wav,8.531020408163265,0.4860229461694265,1,2.912357700057328,0.4040882643308298,,1.534224799950607,7   14  103   84,2,5.028861099970527,0,1.101560819620807,sub-17,,,2.912357700057328,19,F,R
45,14,angel is my centerfold (Example).wav,8.345986394557823,0.4999136623740972,1,1.925477700075135,0.4459835228572322,,1.329728999990039,99   35   59   14,4,4.169970099930651,1,1.110849530788812,sub-17,,,1.925477700075135,19,F,R
46,77,ob la di ob la da.wav,14.81401360544218,0.4266448286402109,1,6.059291999903508,0.4561873476204512,  ,3.128478800063021,10   77   23   36,2,5.213887699996121,1,1.129628001736599,sub-17,,,6.059291999903508,19,F,R
47,104,star spangled banner.wav,12.83800453514739,0.4668049669100991,1,1.275520699913613,0.4035717255437671,star spangled banner,6.761732700048015,104   64   45   85,1,1.422093499917537,1,1.16480077495279,sub-17,,,1.275520699913613,19,F,R
48,94,rock-a-bye baby.wav,13.92498866213152,0.4285083518178123,1,2.140602899948135,0.4021142267418281,hush little baby,6.67530430003535,97   25   94   26,3,2.800230999942869,1,1.047010364166397,sub-17,,,2.140602899948135,19,F,R
49,87,peter and the wolf.wav,10.82798185941043,0.4769795105271843,1,1.576059599989094,0.438136157448371,nursery rhyme ,5.005363500094973,50   59   54   87,1,4.85031180002261,0,1.046689461007209,sub-17,,,1.576059599989094,19,F,R
50,86,peanuts.wav,10.50399092970522,0.4748157314539356,0,,0.4123848782814566,,1.022822499973699,47   56   55   86,1,3.444598000030965,0,1.047994627799985,sub-17,,,,19,F,R
51,13,america the beautiful.wav,9.33201814058957,0.4935591558726083,1,5.253235599957407,0.4172121091522463,,1.341084699961357,13   32   15   42,4,3.66975579992868,0,1.05483858310673,sub-17,,,5.253235599957407,19,F,R
52,6,YMCA.wav,14.33501133786848,0.4424276516497127,1,10.84597909997683,0.4296698747946548,,1.750429600011557,6   17   51    1,1,4.474777799914591,1,1.124401584841281,sub-17,,,10.84597909997683,19,F,R
53,26,camptown races.wav,8.305986394557824,0.4786584864064578,1,1.887867600074969,0.4589938005876875,oh di do dad day,7.676421000040136,35   26   95   51,2,3.852957500028424,1,1.072507393507191,sub-17,,,1.887867600074969,19,F,R
54,113,the farmer in the dell.wav,6.994013605442177,0.4122741739709058,1,1.097896000021137,0.4799130198100534,,2.584438199992292,113   67   23   68,1,2.447884400025941,1,1.009116245112101,sub-17,,,1.097896000021137,19,F,R
55,105,sugar sugar.wav,7.83501133786848,0.4722042612461411,0,,0.4312298812950898,,1.308480000006966,38  114   93  105,3,2.804242699989118,0,1.005161838854153,sub-17,,,,19,F,R
56,118,when the saints go marching in.wav,7.611020408163266,0.4365438489442975,1,2.725068500032648,0.4628752476418705,,1.143933500046842,121   30   92  118,4,2.797272499999963,1,1.119693813173673,sub-17,,,2.725068500032648,19,F,R
57,43,get ready.wav,7.080997732426304,0.472748124424209,1,6.65824070002418,0.4717793043462612,,0.9395840000361204,67   26   43   68,1,3.252953900024295,0,1.073266338825944,sub-17,,,6.65824070002418,19,F,R
58,28,chicken dance.wav,5.946984126984127,0.4149661284858597,1,1.318619500030763,0.4374025475670276,,1.844732800032943,99   28   65   51,2,3.097574500017799,1,1.179131720007503,sub-17,,,1.318619500030763,19,F,R
59,58,itsy bitsy spider.wav,9.802993197278912,0.439726914281526,1,1.170374599983916,0.4740685999340981,,1.128338000038639,94   58   60   24,3,4.096322699915618,0,1.127730691198401,sub-17,,,1.170374599983916,19,F,R
60,107,swing low sweet chariot.wav,9.66,0.4465450909139125,1,4.049578299978748,0.44468601878548,,1.283207400003448,107  101   47   87,1,3.503755700075999,1,1.052191071582033,sub-17,,,4.049578299978748,19,F,R
61,23,brahms lullaby.wav,12.28399092970522,0.4039312043746267,1,1.900745799997821,0.4777731702133663,lullaby,8.30347480007913,112   18   59   23,4,2.895684999995865,1,1.094546467397477,sub-17,,,1.900745799997821,19,F,R
62,103,smooth criminal.wav,8.348979591836734,0.4613611859572415,1,2.886865300009958,0.4164599021755935,annie are you ok,6.102873400086537,64   75  103   85,3,3.17991169996094,1,1.129993536447855,sub-17,,,2.886865300009958,19,F,R
63,25,bye baby bunting.wav,6.319002267573696,0.4813348119206053,1,3.739200999960303,0.4079580282952484,,1.277744900085963,25   99   73  105,3,2.425977800041437,0,1.053708644254198,sub-17,,,3.739200999960303,19,F,R
64,2,I think I love you.wav,9.272018140589568,0.4667750921281433,1,5.744360000011511,0.4049853502222222,,0.9500653999857605,2   21   88   28,2,4.084625200019218,0,1.190455282285901,sub-17,,,5.744360000011511,19,F,R
65,17,baby love.wav,7.219002267573696,0.4818218545193078,1,5.47063530003652,0.490676658548423,,1.121507300063968,17   73   39   20,3,3.505208600079641,0,1.113279906300149,sub-17,,,5.47063530003652,19,F,R
66,65,louie louie.wav,8.860997732426304,0.4936114126871308,1,5.806268200045452,0.4029759413610484,,2.212275199941359,90  105   65   99,1,2.530223099980503,0,1.090068482729069,sub-17,,,5.806268200045452,19,F,R
67,1,I feel fine.wav,10.69002267573696,0.4089796424574009,1,1.876872100052424,0.4532956492554119,,0.9715513999108224,1    6  118   96,1,3.99608630000148,1,1.068679347382602,sub-17,,,1.876872100052424,19,F,R
68,30,clementine.wav,8.716009070294785,0.4346813952489869,1,1.482759299920872,0.4922643252690777,nursry rhyme,7.364358099992387,71   78   81   30,3,8.262486699968576,0,1.11557198480403,sub-17,,,1.482759299920872,19,F,R
69,101,skip to my lou.wav,8.863990929705215,0.4462090460551545,1,2.157411699998192,0.4276170082648008,skip to my lou,4.629795999964699,101   69   30   71,1,1.425080699962564,1,1.055037938251616,sub-17,,,2.157411699998192,19,F,R
70,42,froggy went a-courtin'.wav,12.20498866213152,0.4311884092664598,1,2.407327500055544,0.484250423793812,,0.9954526000656188,42    4   99   27,2,3.436923800036311,0,1.025629004156781,sub-17,,,2.407327500055544,19,F,R
71,21,blow the man down.wav,8.491020408163266,0.4791407251610591,1,2.226019799942151,0.4059650464925553,,0.9857609000755474,3   17    5   21,4,3.19503750000149,1,1.007901410679168,sub-17,,,2.226019799942151,19,F,R
72,117,three blind mice.wav,13.92798185941043,0.473300474028633,1,1.498437900096178,0.4986447535902627,hot crossbuns,4.301425199955702,29   78  111  117,3,6.091452499968,0,1.169589587009558,sub-17,,,1.498437900096178,19,F,R
73,55,in a gadda da vida.wav,8.306984126984126,0.4457248782563165,1,2.559885599999689,0.4562699395689568,,2.251831699977629,100  116   55   82,2,3.020421500084922,0,1.197363943160288,sub-17,,,2.559885599999689,19,F,R
74,46,happy birthday.wav,7.078004535147392,0.4850294718653417,1,1.266363300033845,0.4458782208247098,happy birthday ,5.488203899934888,92   54   78   46,4,1.3808528999798,1,1.079897765995354,sub-17,,,1.266363300033845,19,F,R
75,88,polly wolly doodle.wav,9.334013605442175,0.4915943640476994,1,2.042090000002645,0.4885713874618061,,2.171759300050326,88  108    4   42,4,3.635771899949759,0,1.065764781843228,sub-17,,,2.042090000002645,19,F,R
76,16,are you sleeping brother john.wav,9.376009070294783,0.4402928043415003,1,1.626369399949908,0.4526667764367563,   ,2.888401599950157,1   55   16  121,3,2.13525130006019,1,1.037705284402122,sub-17,,,1.626369399949908,19,F,R
77,5,James Bond.wav,10.52199546485261,0.4024451709564995,1,3.974609300028533,0.4525158830927797,,0.9878634000197052,114   36    5  112,3,2.106374500086531,1,1.014602330103409,sub-17,,,3.974609300028533,19,F,R
78,102,smoke on the water.wav,7.838004535147392,0.4585406407236199,1,3.173498300020583,0.4816556557090462,,1.31783469999209,121   19   94  102,1,3.62201150006149,0,1.102383266705837,sub-17,,,3.173498300020583,19,F,R
79,20,bingo.wav,8.920997732426304,0.4263902943757793,1,2.002878900035284,0.45721986099462,,1.785966100054793,55    9   20   77,3,7.484866400016472,1,1.117627606974286,sub-17,,,2.002878900035284,19,F,R
80,44,good night ladies.wav,6.378004535147392,0.4940557355594136,1,4.544329599943012,0.4497786652172276,,1.213832400040701,51  100   44   23,1,3.887426500092261,0,1.084339694070525,sub-17,,,4.544329599943012,19,F,R
81,66,love and marriage.wav,8.71700680272109,0.414162145422547,1,4.526568099972792,0.436011466400115, ,2.011371899978258,5   79   66   73,3,2.709105599904433,1,1.135014083470548,sub-17,,,4.526568099972792,19,F,R
82,111,the bare necessities.wav,8.511020408163265,0.4864686945684536,0,,0.4001519350821441,,2.206254199962132,78  111   84   61,4,3.441635799943469,0,1.148198290856801,sub-17,,,,19,F,R
83,47,happy trails.wav,9.331020408163266,0.4757342494335526,0,,0.4978231917887749,,1.512167299981229,101   92   47   30,4,3.619652900029905,0,1.114719247254609,sub-17,,,,19,F,R
84,68,love me tender.wav,9.331020408163266,0.4947246447065277,1,1.773456300026737,0.4069469271837377,,0.9043474999489264,57   60   68   27,3,5.116579500027001,1,1.081608506531696,sub-17,,,1.773456300026737,19,F,R
85,121,you're a grand old flag.wav,9.33201814058957,0.4701231673496954,1,1.015435600071214,0.4688626113328524,,1.701654700096697,82   18  121   78,4,5.442003000061959,0,1.085762343686662,sub-17,,,1.015435600071214,19,F,R
86,60,john jacob jingleheimerschmidt.wav,9.928979591836734,0.4829154809343049,1,2.103434899938293,0.4843001038502682,,0.9689194000093266,45   22   47   60,4,2.100002099992707,1,1.004223721696594,sub-17,,,2.103434899938293,19,F,R
87,40,eye of the tiger.wav,8.305986394557824,0.4166743269871979,1,4.179969500051811,0.4684473081961165,eye of the tiger,3.972362800035626,53   40   46   11,2,1.223151999991387,1,1.190366055846514,sub-17,,,4.179969500051811,19,F,R
88,116,this old man.wav,9.393015873015871,0.4103548818880858,1,1.942339799948968,0.4611078070375983,nick nak paddy wack,8.014882900053635,33   93  119  116,4,2.893854200025089,1,1.163867070007479,sub-17,,,1.942339799948968,19,F,R
89,109,teddy bear picnic.wav,8.161995464852607,0.4783516802387272,1,2.153235299978405,0.4422534723028048,,0.9007414999650792,113  109  102  115,1,4.689728900091723,0,1.066154473384723,sub-17,,,2.153235299978405,19,F,R
90,85,over the river and through the woods.wav,13.91301587301587,0.4195962211328644,1,3.244842699961737,0.4703726298373174,,1.006689199944958,85   86   93   71,1,2.015072399983183,1,1.131701707055133,sub-17,,,3.244842699961737,19,F,R
91,64,london bridge.wav,6.706984126984127,0.4340904607811518,1,1.096429300028831,0.4435812921429888,my fair lady,8.267020500032231,57   54   12   64,2,2.835530900047161,0,1.108375349031788,sub-17,,,1.096429300028831,19,F,R
92,93,ring of fire.wav,9.04498866213152,0.4720468043089489,1,3.121092400047928,0.4678033040471167,,1.116485100006685,20   93   77   76,2,2.56268759991508,1,1.019588554019117,sub-17,,,3.121092400047928,19,F,R
93,10,all my loving.wav,11.52498866213152,0.4835774266476254,0,,0.4528257494106537,,1.091716499999166,6   10  107   57,2,3.356396200018935,1,1.130083141092936,sub-17,,,,19,F,R
94,8,a whole new world.wav,12.98798185941043,0.4137344913843812,1,1.701946099987254,0.4285267490102099,i can show you the world,6.55876529996749,8   31    3   17,1,2.239189999992959,1,1.060064702197375,sub-17,,,1.701946099987254,19,F,R
95,72,muppet show.wav,8.53201814058957,0.4162635204786409,1,1.908004599972628,0.4512454209494312,,1.041461400105618,88   67   72   61,3,2.902830999926664,1,1.026581083703311,sub-17,,,1.908004599972628,19,F,R
96,63,little jack horner.wav,6.793015873015873,0.412950587389874,1,1.094169900054112,0.4276803716441701,,7.729541499982588,89   63  119   60,2,4.666779199964367,1,1.198816788335062,sub-17,,,1.094169900054112,19,F,R
97,96,rubber duckie.wav,10.64399092970521,0.4583922795320511,0,,0.4527845365231278,,1.43792180006858,21  108   96   30,2,3.376292500062846,0,1.098123912233312,sub-17,,,,19,F,R
98,91,puff the magic dragon.wav,9.333015873015873,0.4642066659871636,1,7.126745600020513,0.4950377267862272,,0.976003000047058,33   91   45   85,2,4.052119900006801,1,1.131020042926782,sub-17,,,7.126745600020513,19,F,R
99,53,hush little baby.wav,9.372018140589567,0.4782170386877819,1,2.026222700020298,0.433797278022728,mockingbird,12.5350921000354,53   59   97  101,1,2.254180699936114,1,1.10697984362534,sub-17,,,2.026222700020298,19,F,R
1,8,a whole new world.wav,12.98798185941043,0.4445995425008908,0,,0.4325042483030185,,13.28876709999986,32    8  116  119,1,16.78684669999984,0,1.102531991200781,sub-18,,,,19,M,R
2,100,shoo fly.wav,9.372018140589567,0.4218202181396,0,,0.4776382126469229,   ,9.025201899999956,100   79   24   87,2,7.506689400000141,0,1.062102060124639,sub-18,,,,19,M,R
3,34,do wah ditty.wav,7.758004535147392,0.4045768735787306,0,,0.4122940572704428,,4.260764800000288,34    6  116   78,3,8.739903100000447,0,1.073083719727472,sub-18,,,,19,M,R
4,67,love me do.wav,12.46798185941043,0.4211920024158891,0,,0.4310859458077072,,3.292406200000187,96   67  104   93,2,8.701644199999464,1,1.101121673108535,sub-18,,,,19,M,R
5,11,alouette.wav,5.946984126984127,0.4402650457411398,0,,0.4006960185148419,youtube but dont  know name ,19.41949730000033,68   11   42   76,1,7.427448599999479,0,1.095937150068427,sub-18,,,,19,M,R
6,62,let it snow.wav,9.334013605442175,0.4166767835695335,0,,0.464726356350761,,3.368099500000426,112   57   85   62,1,6.349599600000147,0,1.103787667944653,sub-18,,,,19,M,R
7,51,home on the range.wav,13.08498866213152,0.4829608743737377,0,,0.4069787464290998, ,1.907189399999879,104   44   27   51,2,8.673095299999659,0,1.010824275648293,sub-18,,,,19,M,R
8,80,old gray mare.wav,9.33201814058957,0.4599723810940438,0,,0.4656753415679951,,2.013573100000031,108   83   18   80,3,17.85339350000049,0,1.039890932382133,sub-18,,,,19,M,R
9,118,when the saints go marching in.wav,7.611020408163266,0.4356462136897583,0,,0.4227653087801603,,1.890003599999545,5  118   91   58,1,2.610469100000046,0,1.093475106451924,sub-18,,,,19,M,R
10,47,happy trails.wav,9.331020408163266,0.493053473746805,0,,0.4574269723686708,,2.474460000000363,4    3   29   47,1,8.572357299999567,0,1.063857919289136,sub-18,,,,19,M,R
11,87,peter and the wolf.wav,10.82798185941043,0.4859116738291349,0,,0.4893437607947868,,2.230396500000097,4   87   30   55,3,7.692230499999823,0,1.096040468505219,sub-18,,,,19,M,R
12,121,you're a grand old flag.wav,9.33201814058957,0.4349017717423032,0,,0.4248043629172233,,1.879583899999488,117  121   21   44,1,13.32340419999946,0,1.005330869856289,sub-18,,,,19,M,R
13,58,itsy bitsy spider.wav,9.802993197278912,0.4770259645621889,0,,0.4169540315985886,,6.843590800000129,9   58   57  101,4,3.954288900000392,0,1.070900512334424,sub-18,,,,19,M,R
14,106,super mario world.wav,12.28598639455782,0.4453683463180262,0,,0.4818073417487079,,1.483698199999708,65   43  106   18,3,8.079837000000225,1,1.143557707076866,sub-18,,,,19,M,R
15,84,over the rainbow.wav,17.06698412698413,0.4739693360294963,0,,0.4757184215538608,,1.878704000000653,84   63   54    9,4,9.078736199999184,0,1.060318690645936,sub-18,,,,19,M,R
16,48,heigh-ho.wav,10.50299319727891,0.4622217150362354,0,,0.4683532370750632,,3.682627300000604,27   48   22   43,3,13.63209560000087,0,1.10516686713571,sub-18,,,,19,M,R
17,50,hickory dickory dock.wav,7.077006802721089,0.4213662154590108,0,,0.4704313329237234,,4.067478599999959,13   50   71   84,2,1.390645499999664,1,1.183133953860276,sub-18,,,,19,M,R
18,72,muppet show.wav,8.53201814058957,0.4751209588589501,0,,0.4026865044516137,,3.022616199999902,72   48   91   31,2,1.979965700000321,0,1.025368734394067,sub-18,,,,19,M,R
19,37,down in my heart.wav,8.388979591836735,0.4961515219549981,0,,0.4634006558377826,,2.854825899999923,120   37   95   83,2,1.597446099999615,1,1.008508125830074,sub-18,,,,19,M,R
20,103,smooth criminal.wav,8.348979591836734,0.4679485266935949,0,,0.4791867287320107,,4.138530499999433,103   21    5  120,3,3.294855800000732,0,1.172820488137782,sub-18,,,,19,M,R
21,73,my bonnie lies over the ocean.wav,6.788979591836735,0.4586670379962265,0,,0.4016479074378497,,2.330558499999825,73   82   83   64,3,5.81492739999976,0,1.132701723215464,sub-18,,,,19,M,R
22,20,bingo.wav,8.920997732426304,0.40191953404967,0,,0.4098059014354218,,4.727831400000468,29   13  117   20,3,5.249546000000009,0,1.158289874134913,sub-18,,,,19,M,R
23,13,america the beautiful.wav,9.33201814058957,0.4894939216036235,0,,0.4911422363744089,,1.526707500000157,13    5   69   34,2,8.04203730000063,0,1.04839340318715,sub-18,,,,19,M,R
24,35,do your ears hang low.wav,9.661995464852607,0.4714340241196489,0,,0.4162180531888875,,3.047833499999797,52   67   61   35,2,1.44989170000008,0,1.146793285645253,sub-18,,,,19,M,R
25,76,my girl.wav,10.44498866213152,0.4954976439843379,0,,0.4288070655122267,,1.586584499999844,88    4   76   80,2,8.347623399999975,0,1.027839341052448,sub-18,,,,19,M,R
26,17,baby love.wav,7.219002267573696,0.4174198370571591,0,,0.4808691293383566,,1.2396334999994,4   17  100   14,4,4.674550700000509,0,1.094195298371873,sub-18,,,,19,M,R
27,38,eight days a week.wav,12.28399092970522,0.4170627400376464,0,,0.4467131557069474,,1.48465539999961,95   67  116   38,1,8.050846699999965,0,1.183003853435721,sub-18,,,,19,M,R
28,78,oh susanna.wav,12.05800453514739,0.4883165103919516,0,,0.4234048416804892,,1.330248900000697,12   78   89   98,3,1.995002700000441,0,1.02235877362315,sub-18,,,,19,M,R
29,110,tequila.wav,9.256009070294784,0.4165326281112243,0,,0.4202802995047585,,1.299759000000449,110   30   90   74,4,3.360743600000205,0,1.036254242250507,sub-18,,,,19,M,R
30,68,love me tender.wav,9.331020408163266,0.4827103842589691,0,,0.418696785503336,,2.444645499999751,100   22    6   68,2,4.013609300000098,0,1.015764049174036,sub-18,,,,19,M,R
31,113,the farmer in the dell.wav,6.994013605442177,0.4629649852983397,0,,0.4427521564664987,,2.231597699999838,113  114   18   32,1,8.34098240000003,1,1.083858094266495,sub-18,,,,19,M,R
32,9,a-tisket a-tasket.wav,10.41800453514739,0.4161877815816197,0,,0.4636227384891162,,4.569494600000326,79   43    9   39,3,7.485217399999783,1,1.17770045928889,sub-18,,,,19,M,R
33,26,camptown races.wav,8.305986394557824,0.4931175760284737,0,,0.4164475621385733,,1.253712499999892,38  108  109   26,1,12.78114639999967,0,1.154084591061348,sub-18,,,,19,M,R
34,1,I feel fine.wav,10.69002267573696,0.4493793493280222,0,,0.4868178303279052,,1.448749700000008,1   96   44  116,3,2.546067700000094,0,1.089345581478787,sub-18,,,,19,M,R
35,71,mickey mouse march.wav,4.778004535147392,0.452381850800525,0,,0.437501864635738,,0.9063118000003668,1   34   71   69,3,2.182162000000062,1,1.151335907739733,sub-18,,,,19,M,R
36,112,the brady bunch.wav,9.331020408163266,0.4444276977320608,0,,0.4639302734973629,,1.244759799999883,112   26   81   14,3,9.86190859999988,0,1.160942649899866,sub-18,,,,19,M,R
37,89,pop goes the weasel.wav,7.075011337868481,0.4370569043459719,0,,0.4631998859225365,,1.372946000000411,60   89   49    9,3,4.608321499999875,0,1.035960016156566,sub-18,,,,19,M,R
38,117,three blind mice.wav,13.92798185941043,0.4553867099907975,0,,0.49270948814492,,0.9551626000002216,7  108   38  117,3,7.170172699999966,0,1.198470765484471,sub-18,,,,19,M,R
39,111,the bare necessities.wav,8.511020408163265,0.4301865693894853,0,,0.4448477058867941,,1.185121299999992,111  103  116   84,4,9.99331220000022,0,1.152443915018221,sub-18,,,,19,M,R
40,6,YMCA.wav,14.33501133786848,0.4414094216014251,0,,0.4306335404704371,,3.60282559999996,7   52    6   17,4,5.142602199999601,0,1.123545223455899,sub-18,,,,19,M,R
41,25,bye baby bunting.wav,6.319002267573696,0.4268833486480946,0,,0.4623459404799672,,2.633791600000222,30  108   25   84,3,2.569521899999927,1,1.044435658542112,sub-18,,,,19,M,R
42,2,I think I love you.wav,9.272018140589568,0.4109259671248766,0,,0.4156466518216429,,1.513937999999143,10   19    2  108,1,9.523944499999743,0,1.152127286522375,sub-18,,,,19,M,R
43,85,over the river and through the woods.wav,13.91301587301587,0.4643458637907375,0,,0.4271499271895508,,1.601367999999638,99   15   85   57,3,7.162693700000091,1,1.061263402137656,sub-18,,,,19,M,R
44,70,michael row the boat ashore.wav,9.372018140589567,0.4761757108222705,0,,0.4356522823510333,,2.445102200000292,31   70   38   68,3,12.4172568999993,0,1.186270571999853,sub-18,,,,19,M,R
45,83,on top of old smokey.wav,12.79700680272109,0.4308117455548206,0,,0.4911582196555075,,1.23963029999959,101   83   73   43,3,3.684654699999555,0,1.080445510894261,sub-18,,,,19,M,R
46,115,there's a hole in the bucket.wav,7.365986394557823,0.4518434623492739,0,,0.4952905266060322,,2.249724199999946,115   24   13   17,3,3.3093372000003,0,1.010871164624062,sub-18,,,,19,M,R
47,99,she'll be coming 'round the mountain.wav,8.86,0.400717152294999,0,,0.4421644030413967,,1.517151699999886,35   60   61   99,2,8.639601599999878,0,1.0410454732261,sub-18,,,,19,M,R
48,30,clementine.wav,8.716009070294785,0.4830987735532927,0,,0.4771606733493947,,1.171119100000396,30   25   46   77,4,11.71427250000033,0,1.108024117062374,sub-18,,,,19,M,R
49,79,oh where has my little dog gone.wav,8.02,0.4931362259403382,0,,0.4964530202547836,,1.381220299999768,111   43   12   79,3,1.445807500000228,0,1.118245822722015,sub-18,,,,19,M,R
50,27,can't help falling in love.wav,13.4990022675737,0.432197157565105,0,,0.4965623143677697,,1.277248299999883,96   64   27   19,2,1.199621899999329,0,1.06187388012175,sub-18,,,,19,M,R
51,22,blowin' in the wind.wav,9.950022675736962,0.4484057818312575,0,,0.4136631538422398,,1.339077599999655,22   88   71   39,2,5.251849999999649,0,1.154266880643485,sub-18,,,,19,M,R
52,19,billie jean.wav,8.305986394557824,0.4512308382848653,0,,0.4618304166508704,,3.38809560000027,26   50   19  117,2,1.064250800000082,0,1.065371949183425,sub-18,,,,19,M,R
53,91,puff the magic dragon.wav,9.333015873015873,0.4627898086106397,0,,0.4789105246675686,,1.054186900000786,91   28   72   36,2,2.110441300000275,0,1.15113588389134,sub-18,,,,19,M,R
54,36,do-re-mi.wav,12.94399092970522,0.424551167043731,0,,0.4917569875697159,,0.9174607000004472,90   36  117   25,1,7.400204499999745,0,1.090908326737136,sub-18,,,,19,M,R
55,65,louie louie.wav,8.860997732426304,0.4571011639898784,0,,0.4483686138806254,,4.002933800000392,65    5   55   75,1,5.002706799999942,1,1.135119484205875,sub-18,,,,19,M,R
56,33,do as I'm doing.wav,11.67102040816327,0.4124723459003238,0,,0.4619008339816226,,1.224390100000164,86   50   33   72,2,5.145800799999961,0,1.007235628593675,sub-18,,,,19,M,R
57,92,ring around the rosie.wav,7.034013605442177,0.4597831051793341,0,,0.4946453416719158,,2.07301279999956,14   57   64   92,1,2.222255799999402,0,1.189197483973093,sub-18,,,,19,M,R
58,109,teddy bear picnic.wav,8.161995464852607,0.4404406924733513,0,,0.4495027248036907,,1.13551869999992,5  109   31   14,3,4.897956600000725,0,1.171750548114495,sub-18,,,,19,M,R
59,101,skip to my lou.wav,8.863990929705215,0.4633997820912631,0,,0.4368999975018953,,1.553645699999834,88   27  101   58,1,7.353143100000125,0,1.192542536902512,sub-18,,,,19,M,R
60,49,"hello mudduh, hello fadduh.wav",10.60199546485261,0.401753886543141,0,,0.4958761542674165,,1.241239800000585,45   47   49   69,3,3.302400700000362,1,1.101531694834864,sub-18,,,,19,M,R
61,90,popeye the sailorman.wav,7.546984126984127,0.4522041834987835,0,,0.4653453550707251,,1.527172500000233,90  103   60   67,2,15.47377760000018,0,1.022026330933295,sub-18,,,,19,M,R
62,94,rock-a-bye baby.wav,13.92498866213152,0.4086001754237737,0,,0.4775267225522834,,1.674197800000002,54   94   39  112,3,7.012807500000235,0,1.039345322313927,sub-18,,,,19,M,R
63,43,get ready.wav,7.080997732426304,0.4060574804449852,0,,0.4633140477350576,,1.478619499999695,43   16   92   94,3,6.712626399999863,0,1.142925753959639,sub-18,,,,19,M,R
64,52,hot cross buns.wav,6.46,0.4835184910210722,0,,0.4505520751997971,,1.465023400000064,89   52   39   22,3,6.338465599999836,0,1.092558024433967,sub-18,,,,19,M,R
65,116,this old man.wav,9.393015873015871,0.4879940147091163,0,,0.4123409720947065,,1.167930000000524,26   64  116   58,2,3.784701399999904,0,1.175209833540499,sub-18,,,,19,M,R
66,119,wouldn't it be nice.wav,8.018004535147393,0.4464700133759881,0,,0.4907871109880634,,1.167032599999402,106    6   89  119,3,8.990288500000133,0,1.105189588216409,sub-18,,,,19,M,R
67,28,chicken dance.wav,5.946984126984127,0.4660971505388192,0,,0.4412606664517961,,2.15056099999947,120   87   28   92,1,5.298121099999662,0,1.067281451496593,sub-18,,,,19,M,R
68,32,daisy bell.wav,8.062993197278912,0.4857716947028054,0,,0.4094999633449655,,1.180869599999824,77   32   58   31,1,8.153201699999954,0,1.049341602289226,sub-18,,,,19,M,R
1,101,skip to my lou.wav,8.863990929705215,0.4156065974597638,1,5.385022200003732,0.4612963403811423,the morning ,28.80384329998924,120  101   49  111,2,7.154442599989125,1,1.119695863021295,sub-19,,,5.385022200003732,24,F,R
2,54,if you're happy and you know it.wav,9.09002267573696,0.4938386960012087,1,5.544141100006527,0.4691677408140848,,17.55068010000105,27   54   77   45,2,5.35046840000723,1,1.0701903350964,sub-19,,,5.544141100006527,24,F,R
3,10,all my loving.wav,11.52498866213152,0.476935298762304,1,5.1155768000026,0.459992355015518,close your eyes,6.035715599995456,112   10   80   29,2,9.905727400007892,1,1.178956737940932,sub-19,,,5.1155768000026,24,F,R
4,7,a spoonful of sugar.wav,8.531020408163265,0.4926509119326999,0,,0.4685320752154913,,8.854740099995979,36   20   40    7,4,7.686199700008729,1,1.109611165351764,sub-19,,,,24,F,R
5,65,louie louie.wav,8.860997732426304,0.4873584235148063,0,,0.4682945304255671,,7.235989699998754,65   87  101   11,2,8.215624499993282,0,1.161418734981948,sub-19,,,,24,F,R
6,72,muppet show.wav,8.53201814058957,0.4828957667093898,0,,0.4679883518982096,,6.632233599986648,12   72   28  107,3,11.70626410000841,0,1.182000127671102,sub-19,,,,24,F,R
7,27,can't help falling in love.wav,13.4990022675737,0.4210602649949329,1,8.085418899994693,0.4415328366844388,falling in love,10.35544239998853,27  120    8   11,1,1.676251299999421,1,1.170548589132589,sub-19,,,8.085418899994693,24,F,R
8,89,pop goes the weasel.wav,7.075011337868481,0.4344513063763185,1,3.385892799997237,0.4442757417961173,pop goes the weasel,24.63518859999022,89   75  105   64,1,3.340570599990315,1,1.199611625830514,sub-19,,,3.385892799997237,24,F,R
9,103,smooth criminal.wav,8.348979591836734,0.4201124550675924,1,6.892307000001892,0.4932340001427874,,8.638438900001347,41   52  103  100,1,6.076787600002717,0,1.100541188277337,sub-19,,,6.892307000001892,24,F,R
10,13,america the beautiful.wav,9.33201814058957,0.4352668444154766,0,,0.4049526424620747,,10.48329260000901,93   13    1   63,3,6.915551500002039,0,1.190286297568714,sub-19,,,,24,F,R
11,31,copacabana.wav,9.372018140589567,0.4110572476965068,0,,0.4190309859088597,,7.672661599994171,87   61   31    5,2,8.538856200000737,0,1.166240192078588,sub-19,,,,24,F,R
12,36,do-re-mi.wav,12.94399092970522,0.4070776568241362,1,3.834377200008021,0.4177039390355398,pocket full of sun,13.31377140000404,101   36   52   95,1,8.906014899999718,0,1.085616760827488,sub-19,,,3.834377200008021,24,F,R
13,100,shoo fly.wav,9.372018140589567,0.4283801339163366,0,,0.4587862229338015,,6.840674599996419,100   23   65    6,3,7.835669500011136,0,1.067528744320981,sub-19,,,,24,F,R
14,2,I think I love you.wav,9.272018140589568,0.4642608761317393,0,,0.4147983166938025,,6.470606900009443,111    2   70   47,4,8.067360000000917,0,1.059967408992553,sub-19,,,,24,F,R
15,67,love me do.wav,12.46798185941043,0.4770091297129611,0,,0.4885031688701365,,18.67464319999272,115   67   10   64,2,5.11897909999243,1,1.175934860603453,sub-19,,,,24,F,R
16,116,this old man.wav,9.393015873015871,0.4670512190633271,1,2.743699400001788,0.4372211373506821,this old man,19.05416319999495,71   12   96  116,4,3.191645699989749,1,1.018654400553761,sub-19,,,2.743699400001788,24,F,R
17,43,get ready.wav,7.080997732426304,0.4310057305492233,0,,0.4570017918053835,,5.621441900002537,70   43   15   57,4,6.28476569999475,0,1.164243042589605,sub-19,,,,24,F,R
18,114,the muffin man.wav,9.051020408163266,0.4375287070726102,1,3.982174499993562,0.4603261464598009,,6.785913399988203,94   33  114   82,4,6.634014199997182,0,1.15188845424416,sub-19,,,3.982174499993562,24,F,R
19,19,billie jean.wav,8.305986394557824,0.4849402700519668,0,,0.460752789977521,,11.67234829999506,39   19   85   64,3,6.828102899991791,0,1.116463316587316,sub-19,,,,24,F,R
20,34,do wah ditty.wav,7.758004535147392,0.4319011938296154,1,7.111295199996675,0.4275869999896342,,8.124156799996854,47  113   52   34,1,5.654061399996863,0,1.079209943312157,sub-19,,,7.111295199996675,24,F,R
21,5,James Bond.wav,10.52199546485261,0.4309301519852544,0,,0.4046659197118424,,3.746371000001091,21    5   51  113,3,10.30544199999713,0,1.157742819288291,sub-19,,,,24,F,R
22,18,be kind to your web-footed friend.wav,6.993015873015873,0.4962760780681826,1,6.922279199992772,0.4373549730510347,,21.06890639998892,76   41   18   54,1,8.573299099996802,0,1.161111111358267,sub-19,,,6.922279199992772,24,F,R
23,79,oh where has my little dog gone.wav,8.02,0.4344376684573231,0,,0.409981812637406,,1.68647559999954,79   29   61   58,2,8.704514199998812,0,1.177270648329956,sub-19,,,,24,F,R
24,105,sugar sugar.wav,7.83501133786848,0.459264336561108,1,7.673627799988026,0.4173927350895149,,2.017669399996521,3  118   30  105,2,4.161753499996848,0,1.088153253387453,sub-19,,,7.673627799988026,24,F,R
25,29,cindy.wav,9.372018140589567,0.4486515978181567,0,,0.4365002582308847,,2.237564400013071,29  103  104   64,1,8.06286469999759,1,1.098543753581877,sub-19,,,,24,F,R
26,25,bye baby bunting.wav,6.319002267573696,0.488757982990585,0,,0.4607119232767035,,1.43356639999547,25   29   38   13,4,8.343395899995812,0,1.190591080141494,sub-19,,,,24,F,R
27,59,jimmy crack corn.wav,9.063990929705216,0.4212381622961274,1,5.546134499993059,0.4055833648465718,,6.427842299992335,21  101   65   59,3,9.412411500001326,0,1.135531615411626,sub-19,,,5.546134499993059,24,F,R
28,66,love and marriage.wav,8.71700680272109,0.4721894560253452,0,,0.4895162178182528,,1.820683300000383,38   66   83    1,1,5.618750400011777,0,1.008772689873534,sub-19,,,,24,F,R
29,76,my girl.wav,10.44498866213152,0.4740325616478379,0,,0.4902141045273867,,3.423299100002623,76   67   37   36,2,9.240553900002851,0,1.020657815283452,sub-19,,,,24,F,R
30,57,it's a small world.wav,9.291020408163265,0.4178402833136165,1,3.848782500004745,0.4139391766496608,it's a small world after all,15.96815490000881,56    8   57   29,3,3.357409299991559,1,1.163828631464814,sub-19,,,3.848782500004745,24,F,R
31,32,daisy bell.wav,8.062993197278912,0.4580359429912755,1,7.572942200000398,0.4386469281708514,,2.176540600004955,62   19  115   32,3,11.40539269999135,0,1.010468503249463,sub-19,,,7.572942200000398,24,F,R
32,52,hot cross buns.wav,6.46,0.4589157858414422,1,2.251311899992288,0.4957930105969848,hot cross buns,5.92631270000129,43    4   52   48,3,2.656509599997662,1,1.070861361836357,sub-19,,,2.251311899992288,24,F,R
33,121,you're a grand old flag.wav,9.33201814058957,0.4328900140019245,0,,0.496061087151002,,3.890460700000403,30   24  121   82,2,7.810172500001499,0,1.130577363006874,sub-19,,,,24,F,R
34,107,swing low sweet chariot.wav,9.66,0.4049451761107107,1,7.871250500000315,0.4039010681242658,,4.550822299992433,19  100  107   40,2,5.583349399996223,0,1.147340294341305,sub-19,,,7.871250500000315,24,F,R
35,110,tequila.wav,9.256009070294784,0.4428420877223536,1,2.820183699994232,0.4644557230101414,tequila,5.681111300000339,4  110  113  106,2,2.225127100013196,1,1.070150404218662,sub-19,,,2.820183699994232,24,F,R
36,6,YMCA.wav,14.33501133786848,0.4891232864492743,0,,0.4533227534417613,,4.253776099998504,6  114   83   26,3,4.522517599994899,0,1.034914695053595,sub-19,,,,24,F,R
37,21,blow the man down.wav,8.491020408163266,0.4508112744117968,0,,0.4800563410256918,,3.377629499998875,97   36   16   21,3,6.367760099994484,0,1.175089801507173,sub-19,,,,24,F,R
38,106,super mario world.wav,12.28598639455782,0.4807024602301486,1,3.812497899998561,0.4627665290561873,,3.003093699997407,29  106  113    2,3,7.868857500012382,0,1.05575698793503,sub-19,,,3.812497899998561,24,F,R
39,16,are you sleeping brother john.wav,9.376009070294783,0.4334987886728925,1,3.259630300002755,0.4350549028441712,,4.845367500005523,11   90   14   16,1,3.713938400003826,0,1.056512585659538,sub-19,,,3.259630300002755,24,F,R
40,109,teddy bear picnic.wav,8.161995464852607,0.427361094760554,1,4.8029375999904,0.4946040005060049,,6.755384499992942,6    4  109    3,2,4.582053700010874,0,1.057895064506081,sub-19,,,4.8029375999904,24,F,R
41,12,amazing grace.wav,8.674013605442177,0.4196377633738613,1,4.540523600007873,0.4740241895078882,,6.097400999991805,77   52  120   12,4,11.27564019999409,1,1.123104060807965,sub-19,,,4.540523600007873,24,F,R
42,45,great escape.wav,15.75002267573696,0.4617569600950735,0,,0.4539401067516137,,4.213568399994983,78   45   16   65,3,9.567144299988286,0,1.085699241252735,sub-19,,,,24,F,R
43,115,there's a hole in the bucket.wav,7.365986394557823,0.4933654229328709,0,,0.4064848526748983,,5.432925899993279,115   74   23   78,1,8.251207699999213,1,1.162372001168633,sub-19,,,,24,F,R
44,74,my country 'tis of thee.wav,14.21201814058957,0.4647592438740604,0,,0.4918683245495605,,3.851117300000624,79  119   19   74,1,8.323577600007411,0,1.141306100189202,sub-19,,,,24,F,R
45,81,old king cole.wav,9.353015873015874,0.4897035540300481,0,,0.4695057522567302,,2.251210299989907,84   18   52   81,4,4.837883500003954,1,1.178111203694742,sub-19,,,,24,F,R
46,44,good night ladies.wav,6.378004535147392,0.4559248140056001,0,,0.4669882948756067,,2.658504899998661,6   43   49   44,2,8.975968999991892,0,1.020947181915637,sub-19,,,,24,F,R
47,64,london bridge.wav,6.706984126984127,0.4735414032313007,1,1.5349806999875,0.4954396915650873,,7.499120200009202,103   62   64   92,4,12.64863799999875,0,1.059358258338697,sub-19,,,1.5349806999875,24,F,R
48,61,let it be.wav,12.88199546485261,0.4144687700361844,0,,0.4415197276013622,,1.782740499998908,73   61   15   86,2,3.818810699987807,1,1.144333621555611,sub-19,,,,24,F,R
49,102,smoke on the water.wav,7.838004535147392,0.4395928787912966,1,3.00931729999138,0.4929419574294559,,6.131848499993794,102   72   78   24,1,5.097535099994275,1,1.108377616361975,sub-19,,,3.00931729999138,24,F,R
50,69,mary had a little lamb.wav,9.045986394557824,0.4737371913621563,1,1.732472699994105,0.4599303756111663,old macdonald,19.62945259999833,69   73   79  112,1,10.37539910001215,1,1.134227114521819,sub-19,,,1.732472699994105,24,F,R
51,50,hickory dickory dock.wav,7.077006802721089,0.4820088102653556,0,,0.4597299175147984,,1.258949499999289,112   59   50  100,2,6.258501100004651,0,1.010755271082183,sub-19,,,,24,F,R
52,37,down in my heart.wav,8.388979591836735,0.4058675940505816,1,6.892766499993741,0.4074168463439834,,1.794553200001246,114   37   14  103,2,9.687992399994982,1,1.106727201674226,sub-19,,,6.892766499993741,24,F,R
53,117,three blind mice.wav,13.92798185941043,0.4956439622152614,1,2.51934609998716,0.401542914652768,,4.276554000010947,113   51  117   88,3,7.94936400000006,1,1.146585659261742,sub-19,,,2.51934609998716,24,F,R
54,96,rubber duckie.wav,10.64399092970521,0.4649207513844524,0,,0.4148621318449761,,1.349536499998067,93   46   96  104,2,9.672558100006428,0,1.194464693414891,sub-19,,,,24,F,R
55,56,iron man.wav,10.60498866213152,0.436678494015079,1,4.903745200004778,0.4762323645821403,,3.778418400004739,21   45   56   22,3,2.31207089999225,1,1.010228852523436,sub-19,,,4.903745200004778,24,F,R
56,120,yankee doodle.wav,8.572018140589568,0.4269860445655926,1,3.061134000003221,0.4284475043240896,,7.546193299989682,74  105  120   94,3,7.824680500008981,1,1.07911082341352,sub-19,,,3.061134000003221,24,F,R
57,92,ring around the rosie.wav,7.034013605442177,0.4585277402180574,1,4.086255700007314,0.4934317201613492,,1.439299500008929,27   92  101  111,4,19.98295520000102,0,1.051494124241654,sub-19,,,4.086255700007314,24,F,R
58,78,oh susanna.wav,12.05800453514739,0.4034669277351082,1,4.336020500006271,0.4637697582737658,,1.030399200011743,93   96   78   99,4,4.870831000007456,0,1.107047332044515,sub-19,,,4.336020500006271,24,F,R
59,33,do as I'm doing.wav,11.67102040816327,0.4124176579362038,0,,0.4146851530781202,,1.163949300011154,20    3    5   33,2,8.977931400004309,0,1.069583556550741,sub-19,,,,24,F,R
60,113,the farmer in the dell.wav,6.994013605442177,0.4347219596891224,1,4.55370399999083,0.4895267225083621,,3.659276299993508,94   29  113   41,4,3.638821500004269,0,1.017881402362849,sub-19,,,4.55370399999083,24,F,R
61,4,I've been working on the railroad.wav,9.311020408163266,0.4486486505225099,1,4.606303499997011,0.4984395006584137,,2.092744599998696,22    4   12    6,2,2.708169300007285,1,1.090656966147835,sub-19,,,4.606303499997011,24,F,R
62,23,brahms lullaby.wav,12.28399092970522,0.4093718805299542,1,4.246081399993272,0.4398489981232109,,6.21931859999313,23   12   83   67,1,8.905659399999422,1,1.163183968264743,sub-19,,,4.246081399993272,24,F,R
1,102,smoke on the water.wav,7.838004535147392,0.453764929306665,0,,0.4897591409574641,,9.344032700028038,78    6   49  102,1,15.5620981999964,0,1.076610463440936,sub-20,,,,24,F,R
2,61,let it be.wav,12.88199546485261,0.41619717489531,0,,0.4099527084098409,,3.00812300000689,24   77   61   95,2,3.642634599993471,0,1.001003105696761,sub-20,,,,24,F,R
3,56,iron man.wav,10.60498866213152,0.4180345028166038,0,,0.4110174117478067,,1.747217500000261,36   55  112   56,4,5.795879099983722,1,1.185817680402159,sub-20,,,,24,F,R
4,64,london bridge.wav,6.706984126984127,0.4836719555805489,0,,0.4358776275665652,,1.825345599994762,40   64   66  103,3,3.579586599982576,0,1.01264351250261,sub-20,,,,24,F,R
5,60,john jacob jingleheimerschmidt.wav,9.928979591836734,0.4532942575979772,0,,0.4413698598490565,,1.687542600004235,60   56   87   97,1,3.303463999996893,1,1.075052064296167,sub-20,,,,24,F,R
6,37,down in my heart.wav,8.388979591836735,0.4296858527247461,0,,0.4808781736071665,,1.563503399986075,58   73   94   37,4,4.086956800019834,1,1.138161914148887,sub-20,,,,24,F,R
7,70,michael row the boat ashore.wav,9.372018140589567,0.4634736074010448,0,,0.432167307339158,,1.506180999975186,12   38   70    1,1,2.672986200021114,0,1.125164664441626,sub-20,,,,24,F,R
8,31,copacabana.wav,9.372018140589567,0.4519625539813221,0,,0.4683647764119774,,1.431478099984815,82   31  102  111,1,2.386501200002385,0,1.050900435889093,sub-20,,,,24,F,R
9,7,a spoonful of sugar.wav,8.531020408163265,0.4497343077546188,0,,0.4975582866760599,,1.597354800003814,103   79   53    7,1,2.285104000009596,0,1.052561039828546,sub-20,,,,24,F,R
10,78,oh susanna.wav,12.05800453514739,0.4252575726488877,0,,0.4671357801631741,,1.367684299999382,113  105   78   99,1,2.362649699993199,0,1.130048235482809,sub-20,,,,24,F,R
11,15,another one bites the dust.wav,12.46897959183674,0.4183406701862292,0,,0.4803590292723909,,1.77843059998122,62   92   15  117,1,1.633843799994793,0,1.025635598869759,sub-20,,,,24,F,R
12,87,peter and the wolf.wav,10.82798185941043,0.4984579483952999,0,,0.4832789360494776,,2.204811799980234,36   33   85   87,2,1.863533399999142,0,1.035671958929557,sub-20,,,,24,F,R
13,40,eye of the tiger.wav,8.305986394557824,0.4335865091755314,0,,0.4752105561703185,,1.128911200008588,121   40   17   56,3,2.059787200007122,0,1.019674581409076,sub-20,,,,24,F,R
14,28,chicken dance.wav,5.946984126984127,0.4514632705665185,0,,0.4572965485420595,,0.90815949998796,97   95   71   28,3,2.050754399999278,0,1.021798673583638,sub-20,,,,24,F,R
15,48,heigh-ho.wav,10.50299319727891,0.4156599142692132,0,,0.4189718608305422,,2.301828800002113,62   48   43  100,4,2.718602999986615,0,1.002903675501527,sub-20,,,,24,F,R
16,100,shoo fly.wav,9.372018140589567,0.4944433481373287,0,,0.4227432270290018,,1.31049649999477,38   54  100   24,2,1.99883850000333,0,1.078718871551607,sub-20,,,,24,F,R
17,53,hush little baby.wav,9.372018140589567,0.4301688267306272,0,,0.4205721076998987,,1.591087600012543,53   52    7   39,1,2.343770900013624,1,1.161252662912684,sub-20,,,,24,F,R
18,115,there's a hole in the bucket.wav,7.365986394557823,0.4293481219257169,0,,0.4143643389117302,,1.538710900000297,109    8   41  115,1,4.778735800005961,0,1.079472268297186,sub-20,,,,24,F,R
19,17,baby love.wav,7.219002267573696,0.4366018560459271,0,,0.4964371524732143,,3.111559699987993,41   97   17   21,4,3.827787200018065,0,1.14696899963175,sub-20,,,,24,F,R
20,72,muppet show.wav,8.53201814058957,0.4825532487772621,1,3.809975100011798,0.4507511019159749,,3.063137600023765,105   22   72   18,1,4.295340600016061,0,1.152289106361857,sub-20,,,3.809975100011798,24,F,R
21,52,hot cross buns.wav,6.46,0.4628200171829537,0,,0.4455983060362971,,0.8469487999973353,1   59  105   52,2,3.280228299990995,0,1.011654246341251,sub-20,,,,24,F,R
22,73,my bonnie lies over the ocean.wav,6.788979591836735,0.481908725671006,0,,0.4951692109852245,,1.212615700002061,85   70  117   73,3,1.831667599995853,0,1.062910439908565,sub-20,,,,24,F,R
23,63,little jack horner.wav,6.793015873015873,0.4777509572661506,0,,0.4943049765329195,,0.7059316000086255,46   27  114   63,1,3.886534599994775,0,1.189141127094361,sub-20,,,,24,F,R
24,105,sugar sugar.wav,7.83501133786848,0.4891008022648229,0,,0.438097998157149,,3.471239200007403,105  120   98   24,2,2.496211999998195,0,1.052795454013878,sub-20,,,,24,F,R
25,24,buffalo gals.wav,9.331020408163266,0.4614195434418681,1,9.323510699992768,0.4406988486164804,,3.220067999995081,24   26   90   62,3,4.360391099995468,0,1.027384511212746,sub-20,,,9.323510699992768,24,F,R
26,30,clementine.wav,8.716009070294785,0.464613160519018,1,4.791238300007535,0.4061650371022565,,2.711843600001885,57   52   61   30,4,4.93365549997543,1,1.04602286533541,sub-20,,,4.791238300007535,24,F,R
27,103,smooth criminal.wav,8.348979591836734,0.4807372720728478,0,,0.4070038851714156,,2.652001399983419,76   46  103   90,1,2.129332400014391,0,1.148157872708174,sub-20,,,,24,F,R
28,34,do wah ditty.wav,7.758004535147392,0.4474103242362436,0,,0.4721740185052467,,2.70714080001926,101   29    5   34,1,1.829860699974233,0,1.159849736167804,sub-20,,,,24,F,R
29,82,old mcdonald.wav,9.046984126984126,0.4298622650670023,1,3.655759799992666,0.4404780432614778,,3.384413799998583,38   67   24   82,2,7.783989700023085,0,1.145668541130716,sub-20,,,3.655759799992666,24,F,R
30,104,star spangled banner.wav,12.83800453514739,0.4390199803606089,0,,0.417807178320677,,1.218987700005528,35   59  104   89,2,2.357959799992386,0,1.193726432076599,sub-20,,,,24,F,R
31,11,alouette.wav,5.946984126984127,0.4925674419237583,0,,0.4957509300675901,,2.179951099999016,23   11  111  120,2,1.91790560001391,1,1.179065587115853,sub-20,,,,24,F,R
32,55,in a gadda da vida.wav,8.306984126984126,0.4651504180770007,0,,0.4329002289246404,,1.048418399994262,55   49   11   90,1,1.28309429998626,1,1.075475380587898,sub-20,,,,24,F,R
33,107,swing low sweet chariot.wav,9.66,0.4874980512417998,0,,0.4365402483545692,,2.359110100020189,47  107  102   46,2,1.363267300010193,1,1.037737079289057,sub-20,,,,24,F,R
34,13,america the beautiful.wav,9.33201814058957,0.4992075572826294,0,,0.4140606342645644,,0.7996177999884821,110   14   98   13,1,1.279076799983159,0,1.145611704691657,sub-20,,,,24,F,R
35,109,teddy bear picnic.wav,8.161995464852607,0.4103103186176124,0,,0.4156910477125266,,1.350442099996144,33   24  109    5,2,1.501230599998962,0,1.199037082965138,sub-20,,,,24,F,R
36,120,yankee doodle.wav,8.572018140589568,0.4092413929984659,0,,0.4817147799427122,,1.855200800026068,78   22  109  120,2,1.581679800001439,0,1.025706213085897,sub-20,,,,24,F,R
37,9,a-tisket a-tasket.wav,10.41800453514739,0.4382823943374353,0,,0.4602364511293295,,1.535412900004303,9   36   69   50,2,1.481843999994453,0,1.02363472003554,sub-20,,,,24,F,R
38,8,a whole new world.wav,12.98798185941043,0.457739129364061,0,,0.423199699213245,,1.023690599977272,8  116   44  120,2,1.492434799991315,0,1.041311688273257,sub-20,,,,24,F,R
39,96,rubber duckie.wav,10.64399092970521,0.4247535552485834,0,,0.4916620125192375,,1.403270399983739,71    3   33   96,2,1.839835799997672,0,1.044728322394059,sub-20,,,,24,F,R
40,54,if you're happy and you know it.wav,9.09002267573696,0.4156511074725807,1,4.087380400014808,0.4508705592379587,,2.148171900014859,104   66  106   54,4,3.399320700002136,1,1.027244452853327,sub-20,,,4.087380400014808,24,F,R
41,75,my favorite things.wav,13.92698412698413,0.470978264893785,0,,0.4616375716390338,,0.5900580000015907,8  103   58   75,3,2.597560599999269,0,1.090770230550286,sub-20,,,,24,F,R
42,21,blow the man down.wav,8.491020408163266,0.4344739210168654,0,,0.4718995539287305,,0.967160000000149,21   85   88   11,1,1.232165199995507,1,1.033671132411602,sub-20,,,,24,F,R
43,36,do-re-mi.wav,12.94399092970522,0.4059887030986919,1,4.414965999982087,0.4156187864404315,,1.128342900017742,87   40   36   90,2,4.051572199998191,0,1.141000982178368,sub-20,,,4.414965999982087,24,F,R
44,66,love and marriage.wav,8.71700680272109,0.4148810302865423,0,,0.4301167410256281,,2.090124600013951,68   66   61   81,2,1.77541360000032,1,1.042033870835446,sub-20,,,,24,F,R
45,4,I've been working on the railroad.wav,9.311020408163266,0.4403796555574057,1,8.960670000000391,0.4508585758126736,,1.147481399995741,26    4   94   83,3,6.08649910002714,0,1.053522974365144,sub-20,,,8.960670000000391,24,F,R
46,5,James Bond.wav,10.52199546485261,0.4364959345942992,0,,0.4655219978700404,,2.772823300008895,81   43    5  109,2,2.654413699987344,0,1.163854758906322,sub-20,,,,24,F,R
47,16,are you sleeping brother john.wav,9.376009070294783,0.4823721906426184,1,6.644818300002953,0.4065551622460054,,0.9518484000000172,16   93   45   32,1,5.613959799986333,1,1.125088478981302,sub-20,,,6.644818300002953,24,F,R
48,95,row your boat.wav,7.035011337868481,0.4122932272280767,1,3.624496800010093,0.4933401548717516,,3.374104599992279,113   95   86  112,1,6.62685520001105,0,1.176929038064914,sub-20,,,3.624496800010093,24,F,R
49,84,over the rainbow.wav,17.06698412698413,0.4534260564243072,0,,0.4683217294869202,,1.119410899991635,3   12   29   84,1,1.812425099982647,0,1.060904881707101,sub-20,,,,24,F,R
50,49,"hello mudduh, hello fadduh.wav",10.60199546485261,0.4128153569416583,0,,0.4437399635354793,,0.6620893999934196,119   49   19  118,2,1.400158200005535,1,1.077580519236061,sub-20,,,,24,F,R
51,121,you're a grand old flag.wav,9.33201814058957,0.4105456985332346,1,6.1166671999963,0.4590556148066188,,2.102341999998316,121  113   36  106,4,3.544474099995568,0,1.109383837766334,sub-20,,,6.1166671999963,24,F,R
52,25,bye baby bunting.wav,6.319002267573696,0.441376465048826,0,,0.4206482202766256,,1.134245399996871,65   77   68   25,1,1.217207999987295,0,1.123311538466432,sub-20,,,,24,F,R
53,47,happy trails.wav,9.331020408163266,0.4984167462780045,0,,0.4354780297694613,,0.8369018000084907,11   98   96   47,2,1.764667399984319,0,1.009027757385078,sub-20,,,,24,F,R
54,91,puff the magic dragon.wav,9.333015873015873,0.4498733989278291,0,,0.4803074642009997,,0.6175036999920849,29   91  107   70,2,2.712572999997064,1,1.053800635485826,sub-20,,,,24,F,R
55,79,oh where has my little dog gone.wav,8.02,0.4127734399539011,0,,0.4243269310793095,,1.040658400015673,69   79   10   22,2,0.9643836000177544,1,1.195887674079008,sub-20,,,,24,F,R
56,97,rudolph.wav,9.33201814058957,0.4353606048967927,0,,0.4993240318882294,,0.922672299988335,45   92   44   97,2,2.733590599993477,0,1.107272211081067,sub-20,,,,24,F,R
57,118,when the saints go marching in.wav,7.611020408163266,0.4695335910502725,1,5.549735100008547,0.4924035362795725,,0.9258364000124856,82  118    3   69,1,2.629103200015379,0,1.010432072693338,sub-20,,,5.549735100008547,24,F,R
58,18,be kind to your web-footed friend.wav,6.993015873015873,0.4176337686182914,0,,0.446853555926222,,1.01473269998678,18   59  105   58,2,1.606501200003549,0,1.152181144564004,sub-20,,,,24,F,R
59,108,take me out to the ballgame.wav,6.194013605442177,0.4992138482515099,0,,0.4964552195347933,,0.6488233999989461,108   19   90   42,1,1.100593499984825,1,1.074065726316188,sub-20,,,,24,F,R
60,88,polly wolly doodle.wav,9.334013605442175,0.4322670082649619,1,4.758549099991797,0.4253520531673853,,0.5023384999949485,8   88  103  106,2,4.193948500003899,1,1.124113501025814,sub-20,,,4.758549099991797,24,F,R
61,106,super mario world.wav,12.28598639455782,0.4119227165621037,1,7.30970189999789,0.4927241223616022,,0.4848918000061531,10  106   26   85,4,4.447457100002794,0,1.142611309158205,sub-20,,,7.30970189999789,24,F,R
62,83,on top of old smokey.wav,12.79700680272109,0.4417387985718562,0,,0.4571507371058305,,0.7399220000079367,83   41   24    5,2,1.027102599997306,0,1.025570158334803,sub-20,,,,24,F,R
63,86,peanuts.wav,10.50399092970522,0.4959958797115546,0,,0.4402696867499886,,0.7962816000217572,50   15   69   86,1,1.905490700009977,0,1.089921725865077,sub-20,,,,24,F,R
64,50,hickory dickory dock.wav,7.077006802721089,0.4242068492498345,0,,0.435938153168174,,1.134811800002353,100   50   91   10,1,2.177463700005319,0,1.068841217731247,sub-20,,,,24,F,R
65,98,sesame street.wav,9.885986394557824,0.4854821451295515,0,,0.488092594790643,,2.251385799987474,50    9   98   77,2,1.528567800007295,0,1.125082398378934,sub-20,,,,24,F,R
66,51,home on the range.wav,13.08498866213152,0.4934439709114493,0,,0.4118473392265916,,0.6965308999933768,51  105   97   81,2,2.125518200016813,0,1.025081227288527,sub-20,,,,24,F,R
67,112,the brady bunch.wav,9.331020408163266,0.4051576541649941,0,,0.4520214568745931,,1.206824699998833,43   79  112    5,1,1.136836499994388,0,1.009673965408927,sub-20,,,,24,F,R
68,74,my country 'tis of thee.wav,14.21201814058957,0.4069551439878608,1,14.1725763999857,0.4112850012021354,,2.566391299973475,118  101   74   17,2,1.2584499999939,0,1.111082604192327,sub-20,,,14.1725763999857,24,F,R
69,33,do as I'm doing.wav,11.67102040816327,0.4399093554384973,0,,0.447636393569582,,1.225028399989242,54  101   33   57,1,1.103208400018048,0,1.026551297477349,sub-20,,,,24,F,R
70,35,do your ears hang low.wav,9.661995464852607,0.4120580826011705,1,4.269100199977402,0.4537057637239806,,2.855272000015248,35   75   30   84,4,3.778697800007649,0,1.11139432505758,sub-20,,,4.269100199977402,24,F,R
71,57,it's a small world.wav,9.291020408163265,0.4124589592916373,0,,0.4954299618144284,,7.68114629999036,57   72  100   96,1,1.411363899998832,1,1.136541207718751,sub-20,,,,24,F,R
72,41,for he's a jolly good fellow.wav,7.117006802721089,0.4062011456632278,0,,0.4524971706130382,,1.589019399980316,41   11   45   70,1,2.788030900002923,1,1.061860130205826,sub-20,,,,24,F,R
73,77,ob la di ob la da.wav,14.81401360544218,0.4740621606513529,0,,0.4798356640353987,,0.5797664999845438,77  100   19   90,2,1.393694900005357,0,1.123912153461468,sub-20,,,,24,F,R
74,85,over the river and through the woods.wav,13.91301587301587,0.4000099868455795,1,5.676882799976738,0.4440690741412257,,0.5136617999814916,37   64   26   85,1,4.439971500018146,0,1.097334911492006,sub-20,,,5.676882799976738,24,F,R
75,32,daisy bell.wav,8.062993197278912,0.4683446930914776,0,,0.4368871443190503,,1.293870599998627,7   32   38   99,2,0.9993136000121012,1,1.192916018002993,sub-20,,,,24,F,R
76,65,louie louie.wav,8.860997732426304,0.4487311765956877,0,,0.4735278418678239,,2.811586199997691,65    9   81   61,1,1.639644900016719,1,1.109144862829019,sub-20,,,,24,F,R
77,44,good night ladies.wav,6.378004535147392,0.4006972213977474,0,,0.446106765813736,,1.160697699990124,118   25   44   87,2,1.183400999987498,0,1.033713312985458,sub-20,,,,24,F,R
78,94,rock-a-bye baby.wav,13.92498866213152,0.4646020213442977,0,,0.4821863746933108,,1.702655200002482,71   32   60   94,1,1.468603499990422,0,1.192702901071401,sub-20,,,,24,F,R
79,68,love me tender.wav,9.331020408163266,0.4847465216678881,0,,0.4409842851777434,,1.131622600019909,5   60   52   68,1,0.7196081999863964,0,1.113653421130672,sub-20,,,,24,F,R
80,39,everlasting love.wav,8.305986394557824,0.4997119870393548,0,,0.4408723518232955,,1.304796500015073,20   76   39   91,2,1.17869050000445,0,1.058247115118683,sub-20,,,,24,F,R
81,110,tequila.wav,9.256009070294784,0.4667976565927806,0,,0.4426234022346946,,1.217766699992353,104  110    3   46,2,1.320891999988817,1,1.124483869855741,sub-20,,,,24,F,R
82,10,all my loving.wav,11.52498866213152,0.4641964353465521,0,,0.4564643617905448,,0.6410051000129897,10    6   53  117,1,1.027365599991754,1,1.110317495815501,sub-20,,,,24,F,R
83,6,YMCA.wav,14.33501133786848,0.4191646109540126,0,,0.4662352236697804,,2.441910900000948,67   13   89    6,1,1.159125100006349,0,1.064188905726738,sub-20,,,,24,F,R
84,23,brahms lullaby.wav,12.28399092970522,0.40142366877909,0,,0.4171204881406891,,0.8217117000021972,73   23   36   53,4,2.821413500001654,0,1.033433819475231,sub-20,,,,24,F,R
85,2,I think I love you.wav,9.272018140589568,0.4541078208394234,0,,0.4358883217838838,,0.8159890999959316,24   20   90    2,1,1.512289800011786,0,1.113209595498866,sub-20,,,,24,F,R
86,69,mary had a little lamb.wav,9.045986394557824,0.4557423270223344,1,4.050383499998134,0.4002376789777152,,0.6324010000098497,69   11   42   80,2,2.575598300027195,0,1.046579191090144,sub-20,,,4.050383499998134,24,F,R
1,84,over the rainbow.wav,17.06698412698413,0.47314420616081,1,12.65847559995018,0.4162096961619372,Somewhere over the rainbow,15.21072490001097,98   66  111   84,4,2.832708100031596,1,1.071479887711244,sub-21,,,12.65847559995018,24,M,R
2,34,do wah ditty.wav,7.758004535147392,0.4055855346702442,0,,0.4641201879286133,,3.846171299985144,34   39   54   91,2,8.091943200037349,0,1.053338835366075,sub-21,,,,24,M,R
3,10,all my loving.wav,11.52498866213152,0.4880369459454595,0,,0.4402221740794889,,4.447785899974406,60   40   10   35,1,7.440324799972586,0,1.013040092917858,sub-21,,,,24,M,R
4,79,oh where has my little dog gone.wav,8.02,0.4946827078712677,0,,0.4606645562709809,,2.970204300014302,29   79    2  119,2,6.175566999998409,1,1.032561145547918,sub-21,,,,24,M,R
5,38,eight days a week.wav,12.28399092970522,0.424395516895975,0,,0.4279551463614874,,3.449020899948664,38   22   71   80,1,7.648874599952251,1,1.005183679751274,sub-21,,,,24,M,R
6,4,I've been working on the railroad.wav,9.311020408163266,0.4491181576888491,0,,0.4347608925566495,where the dog,11.55186250002589,90   29    4  102,3,2.402208900020923,1,1.158316265873792,sub-21,,,,24,M,R
7,114,the muffin man.wav,9.051020408163266,0.4659056657936808,0,,0.4771378215892481,,2.441368800005876,32   67  114   98,3,2.304736499965657,1,1.093092894307038,sub-21,,,,24,M,R
8,65,louie louie.wav,8.860997732426304,0.4632938339093486,0,,0.4686870964714108,,3.773247300006915,2   11   87   65,2,3.001897999958601,0,1.180435393675302,sub-21,,,,24,M,R
9,39,everlasting love.wav,8.305986394557824,0.4900311169080983,0,,0.4998911339342472,,3.141931999998633,121   39  114   20,4,6.777238300011959,0,1.078877044959892,sub-21,,,,24,M,R
10,113,the farmer in the dell.wav,6.994013605442177,0.4108107530830523,0,,0.4957165935419243,bingo,4.116304600029252,113   23   47   12,1,4.851250400010031,1,1.044674416701369,sub-21,,,,24,M,R
11,33,do as I'm doing.wav,11.67102040816327,0.4257142232650595,0,,0.49693288198693,,1.315903400012758,47   33   64   82,2,3.703505299985409,1,1.187163222336663,sub-21,,,,24,M,R
12,115,there's a hole in the bucket.wav,7.365986394557823,0.4583290380934822,0,,0.4909610319519439,,1.885747899999842,111   93   76  115,1,5.196764299995266,0,1.117242417978922,sub-21,,,,24,M,R
13,44,good night ladies.wav,6.378004535147392,0.4998404904820821,0,,0.4906400213476818,,2.824437900038902,44   63  104   11,4,5.125719400006346,0,1.050983309432072,sub-21,,,,24,M,R
14,50,hickory dickory dock.wav,7.077006802721089,0.4947646790468,0,,0.4295679776358989,,2.40100050001638,56   77  106   50,4,4.154779500036966,1,1.18762531899628,sub-21,,,,24,M,R
15,24,buffalo gals.wav,9.331020408163266,0.4452423437139462,0,,0.4179636443156785,all the way,7.606719999981578,100   28   26   24,2,5.696201700018719,0,1.191007947528635,sub-21,,,,24,M,R
16,43,get ready.wav,7.080997732426304,0.4387057135172079,0,,0.4470185415702874,,0.8843739999574609,3   43   19    6,3,4.03478470002301,0,1.168467654969792,sub-21,,,,24,M,R
17,26,camptown races.wav,8.305986394557824,0.4541000589623596,0,,0.4715260161905634,,10.24597300001187,26   61   15   95,4,7.009855500014964,0,1.189009997636341,sub-21,,,,24,M,R
18,21,blow the man down.wav,8.491020408163266,0.4209068622665446,0,,0.4404787695262454,,0.9664088999852538,89   39   28   21,4,5.162518299999647,1,1.1490244016904,sub-21,,,,24,M,R
19,61,let it be.wav,12.88199546485261,0.429138960393548,0,,0.4367282776955351,,1.854020000027958,61   42   27   76,1,6.289169600000605,1,1.048504010974809,sub-21,,,,24,M,R
20,63,little jack horner.wav,6.793015873015873,0.4520633561934506,0,,0.4208395168185846,,2.153772899997421,63   74   57   49,2,5.439615299983416,0,1.017260666968725,sub-21,,,,24,M,R
21,57,it's a small world.wav,9.291020408163265,0.4412342558035749,0,,0.470295244894858,,4.451309400028549,59   48  103   57,4,3.801631500013173,1,1.076477518484071,sub-21,,,,24,M,R
22,108,take me out to the ballgame.wav,6.194013605442177,0.4913720498343204,0,,0.4681536038425354,,1.597204900055658,52    9  108  106,3,3.318444199976511,1,1.05044659895041,sub-21,,,,24,M,R
23,88,polly wolly doodle.wav,9.334013605442175,0.4094320092060279,0,,0.4527689518232983,,1.36309950001305,88   31   57   16,1,4.975292399991304,1,1.06559391660175,sub-21,,,,24,M,R
24,47,happy trails.wav,9.331020408163266,0.4618701890740993,1,6.312277799996082,0.4292462052445641,super mario,2.869517099985387,47    4   30   20,3,6.306944900017697,0,1.015315312909187,sub-21,,,6.312277799996082,24,M,R
25,64,london bridge.wav,6.706984126984127,0.4222107311947879,1,5.879503700009082,0.4381840959135346,bingo,2.004248699988239,64   44   99    5,3,3.330762400000822,0,1.017649527446081,sub-21,,,5.879503700009082,24,M,R
26,5,James Bond.wav,10.52199546485261,0.4145267401172498,1,3.214472000021487,0.4575108429113421,james bond,1.689908100001048,49    5   69  102,2,0.7921329999808222,1,1.192618676203852,sub-21,,,3.214472000021487,24,M,R
27,15,another one bites the dust.wav,12.46897959183674,0.4253982744649915,1,5.062206499977037,0.4318838049620955,another one bites the dust,5.923385200032499,111   15   73   82,2,2.074066300003324,1,1.049037511977071,sub-21,,,5.062206499977037,24,M,R
28,22,blowin' in the wind.wav,9.950022675736962,0.4492605609335421,0,,0.4582750697072411,,2.538732499990147,40  120   18   22,4,5.288974500028417,1,1.195691557832123,sub-21,,,,24,M,R
29,51,home on the range.wav,13.08498866213152,0.4132003048609914,0,,0.4812013715721835,,1.180756400048267,90   68   51   79,1,5.26016529998742,0,1.136115896836496,sub-21,,,,24,M,R
30,54,if you're happy and you know it.wav,9.09002267573696,0.4753047991600529,0,,0.4729871281735124,,2.499395299993921,119   15  109   54,4,4.038761899981182,1,1.153387092872993,sub-21,,,,24,M,R
31,105,sugar sugar.wav,7.83501133786848,0.4733891018873343,0,,0.4820177962514032,honey honey,4.145826200023293,64  105   87   95,2,2.793740299995989,1,1.013417694245483,sub-21,,,,24,M,R
32,94,rock-a-bye baby.wav,13.92498866213152,0.4013056946839269,0,,0.4850934541749181,,1.32210039999336,71   94   12   33,2,3.816276600002311,1,1.133904059539361,sub-21,,,,24,M,R
33,16,are you sleeping brother john.wav,9.376009070294783,0.4037220971624471,0,,0.4639089141103703,,5.9157538000145,16   69   90   85,2,1.633265999960713,0,1.166894916422743,sub-21,,,,24,M,R
34,95,row your boat.wav,7.035011337868481,0.4729442702159387,1,3.785876000009011,0.4218938863159208,down the stream,4.386882799968589,7   99   92   95,4,4.626887399994303,1,1.079012193874356,sub-21,,,3.785876000009011,24,M,R
35,102,smoke on the water.wav,7.838004535147392,0.498346205079419,0,,0.4500175678094502,,4.99982100003399,105   39   11  102,3,5.319537200033665,0,1.177725807254646,sub-21,,,,24,M,R
36,112,the brady bunch.wav,9.331020408163266,0.4833511910758162,0,,0.4089734157624808,,1.089449999970384,102  112  119   15,2,4.62314179999521,1,1.037139835268898,sub-21,,,,24,M,R
37,120,yankee doodle.wav,8.572018140589568,0.4549958097081274,0,,0.4619515489333275,,0.8525340000051074,104   91  120   41,3,2.119167800003197,1,1.141342517920049,sub-21,,,,24,M,R
38,55,in a gadda da vida.wav,8.306984126984126,0.4275707758310922,0,,0.4548348081969211,,1.498581699968781,55   48   38    5,3,4.271440500044264,0,1.135543689113056,sub-21,,,,24,M,R
39,3,I think we're alone now.wav,6.298004535147392,0.4507562900565144,0,,0.4851923754567742,,1.354369600012433,3   51   72   29,1,6.745862199983094,1,1.119963713270896,sub-21,,,,24,M,R
40,70,michael row the boat ashore.wav,9.372018140589567,0.4105592358812523,0,,0.435973081855977,,1.198013100016396,93   80   10   70,2,5.297482200025115,0,1.199748809655418,sub-21,,,,24,M,R
41,23,brahms lullaby.wav,12.28399092970522,0.457737455659862,1,6.951857100008056,0.4406945203291199,go to sleep,3.598268300003838,115   34   82   23,4,3.815969600051176,1,1.113797654609114,sub-21,,,6.951857100008056,24,M,R
42,48,heigh-ho.wav,10.50299319727891,0.4668462003583249,0,,0.4124663198326664,,4.977023599960376,48  112   73   76,1,2.313790199987125,1,1.179800383101514,sub-21,,,,24,M,R
43,73,my bonnie lies over the ocean.wav,6.788979591836735,0.4804083749321079,0,,0.4697461407570869,,1.506888400006574,73  105   41    6,1,6.23054040002171,1,1.174220581292627,sub-21,,,,24,M,R
44,74,my country 'tis of thee.wav,14.21201814058957,0.4289533028948814,0,,0.409470389731285,,1.167068600014318,117   52   74    1,1,4.877090399968438,0,1.132508660492046,sub-21,,,,24,M,R
45,29,cindy.wav,9.372018140589567,0.4851948634221218,0,,0.4108108730222198,,2.056279800017364,29   46   57  114,2,4.31490479997592,0,1.08161892641372,sub-21,,,,24,M,R
46,52,hot cross buns.wav,6.46,0.4983538347326748,1,2.178923600004055,0.4645784630847775,hot cross buns,3.197708900028374,103  113   17   52,4,1.920108899998013,1,1.128935086003,sub-21,,,2.178923600004055,24,M,R
47,37,down in my heart.wav,8.388979591836735,0.4767882884256014,0,,0.4492238171107002,,2.462276799953543,117   12  106   37,4,5.862406600033864,1,1.153943885413442,sub-21,,,,24,M,R
48,11,alouette.wav,5.946984126984127,0.4860458040493676,0,,0.4252807606535635,down by the river,3.826504600001499,6   14   38   11,3,4.107416699989699,0,1.125373467615711,sub-21,,,,24,M,R
49,91,puff the magic dragon.wav,9.333015873015873,0.4842057905493599,0,,0.4831081780825092,,1.267531400022563,104   91   80   42,4,6.031258799950592,0,1.180669553559138,sub-21,,,,24,M,R
50,7,a spoonful of sugar.wav,8.531020408163265,0.4116739601679026,0,,0.4715829505181973,,0.8505306000006385,7   92   73  109,1,6.107881699979771,1,1.11833039835645,sub-21,,,,24,M,R
51,46,happy birthday.wav,7.078004535147392,0.4234332472027009,1,3.828951300005428,0.4912337416505407,happy birthday,2.883835099986754,46    6    5   67,1,1.257028399966657,1,1.161661279833383,sub-21,,,3.828951300005428,24,M,R
52,109,teddy bear picnic.wav,8.161995464852607,0.4431246537165893,0,,0.4279159079198612,ring around a rosie,7.554750300012529,43   72  109   34,3,1.703289599972777,1,1.022267714565156,sub-21,,,,24,M,R
53,86,peanuts.wav,10.50399092970522,0.4894524007077329,1,1.539607199956663,0.4301505346390576,charlie brown,2.715311000007205,108   44   86   36,3,1.952391700004227,1,1.155450116788007,sub-21,,,1.539607199956663,24,M,R
54,31,copacabana.wav,9.372018140589567,0.4140691485509795,0,,0.4570539645924983,,1.108043399988674,40   96  119   31,1,4.407763300056104,0,1.136971044509636,sub-21,,,,24,M,R
55,100,shoo fly.wav,9.372018140589567,0.4915968334581344,0,,0.4574196626657506,,2.095728000043891,23  111  100   48,2,3.065910700010136,0,1.173656655763565,sub-21,,,,24,M,R
56,90,popeye the sailorman.wav,7.546984126984127,0.4953606311702617,0,,0.4690158914564747,,0.7871907000080682,40   90   69   33,2,3.828727000043727,1,1.06014828845442,sub-21,,,,24,M,R
57,66,love and marriage.wav,8.71700680272109,0.4562584178480624,0,,0.4246086149547887,,2.309035399986897,66   55   10   84,3,7.09031329996651,0,1.175894781980785,sub-21,,,,24,M,R
58,13,america the beautiful.wav,9.33201814058957,0.4369077719684999,0,,0.414989709862397,,1.287052200001199,75   19   13   62,3,6.997635700041428,1,1.144687008947832,sub-21,,,,24,M,R
59,45,great escape.wav,15.75002267573696,0.4322383603545365,0,,0.4930209778302536,,2.095239799993578,74   45   90   66,2,3.759858099976555,1,1.021502795228678,sub-21,,,,24,M,R
60,58,itsy bitsy spider.wav,9.802993197278912,0.4396412167057053,0,,0.4953305242675121,,2.922987399972044,29   58   51   93,3,6.469203000015114,0,1.013727468504964,sub-21,,,,24,M,R
61,121,you're a grand old flag.wav,9.33201814058957,0.4820169795553668,0,,0.4122978481058888,,1.866167200030759,80  121   75   88,3,7.062146299984306,0,1.122240771688531,sub-21,,,,24,M,R
62,68,love me tender.wav,9.331020408163266,0.4700956772899989,0,,0.4015397930427672,,1.990228700044099,68   64   74   10,2,2.625240799970925,0,1.196066192067161,sub-21,,,,24,M,R
63,72,muppet show.wav,8.53201814058957,0.4903104332728113,0,,0.4978034218228227,,0.9602150000282564,30   16  112   72,2,4.412614499975462,0,1.007869338997053,sub-21,,,,24,M,R
64,103,smooth criminal.wav,8.348979591836734,0.4433603176686366,0,,0.4911445895136132,michael jackson?,4.758323199988808,16  103   68  119,2,2.608364400046412,1,1.061641133372851,sub-21,,,,24,M,R
65,82,old mcdonald.wav,9.046984126984126,0.4041404583964709,1,3.67153450002661,0.467609066788133,mary had a little lamb,3.852457000000868,116   83   82   81,3,2.796615900006145,1,1.003740959127563,sub-21,,,3.67153450002661,24,M,R
66,97,rudolph.wav,9.33201814058957,0.4827104838276274,1,3.473654200031888,0.4551037039023938,rudolph the red nosed reigndeer,13.28066679998301,105   33   97   34,2,1.643923500028905,0,1.146309048953238,sub-21,,,3.473654200031888,24,M,R
67,17,baby love.wav,7.219002267573696,0.4604231824123703,0,,0.4416248856049093,,1.630026999977417,67   47   52   17,4,4.919580400048289,1,1.1818396855933,sub-21,,,,24,M,R
68,78,oh susanna.wav,12.05800453514739,0.4648449023234171,0,,0.4989195719301184,,1.245669000025373,98   40   49   78,4,5.28866520000156,1,1.102414461949874,sub-21,,,,24,M,R
69,59,jimmy crack corn.wav,9.063990929705216,0.43721752075121,0,,0.4322983985902862,,2.011300800018944,59   33   57   65,3,3.793477100029122,0,1.161540144592428,sub-21,,,,24,M,R
70,106,super mario world.wav,12.28598639455782,0.4702524577656881,0,,0.4236488581763142,,1.601727600034792,93  119  106    6,2,5.228890100028366,0,1.13025908739541,sub-21,,,,24,M,R
71,71,mickey mouse march.wav,4.778004535147392,0.4770786014248378,0,,0.4217523344985852,,1.509914099995513,35  117   71   76,1,3.996425000019372,0,1.026694516623565,sub-21,,,,24,M,R
72,1,I feel fine.wav,10.69002267573696,0.4409487338629398,0,,0.4065500713475666,,1.509640099946409,20   30  108    1,3,2.824482599971816,0,1.097956350405795,sub-21,,,,24,M,R
73,6,YMCA.wav,14.33501133786848,0.4315490873997322,1,4.638661099947058,0.4468992105473079,ymca,1.679938999994192,47    6   36   76,2,0.8734648000099696,1,1.018613896077281,sub-21,,,4.638661099947058,24,M,R
74,35,do your ears hang low.wav,9.661995464852607,0.485703938305084,1,3.531629600038286,0.4187590728128469,do your ears hang low,4.163238600012846,101   35   98   63,2,0.8739057000493631,1,1.15790518208645,sub-21,,,3.531629600038286,24,M,R
75,60,john jacob jingleheimerschmidt.wav,9.928979591836734,0.4259861605261865,0,,0.4305785490096403,,0.782251600001473,60    7   56  113,1,3.668983200041112,1,1.068601495472679,sub-21,,,,24,M,R
76,107,swing low sweet chariot.wav,9.66,0.4459278903185883,0,,0.4484985349623739,,1.509344999969471,107   55   68   19,1,3.662789000023622,1,1.143095228149255,sub-21,,,,24,M,R
1,87,peter and the wolf.wav,10.82798185941043,0.4141532719829708,1,4.658738699999958,0.4133701849263891,,20.71731039999941,60   49   24   87,2,10.77915320000102,0,1.087920935102675,sub-22,,,4.658738699999958,20,F,L
2,104,star spangled banner.wav,12.83800453514739,0.490981607701879,1,1.009706200000437,0.436330343813333,,5.849800699999832,104   73   47   35,1,6.542868599999565,1,1.020344322565261,sub-22,,,1.009706200000437,20,F,L
3,63,little jack horner.wav,6.793015873015873,0.4596337416728585,1,4.166424999999435,0.425370951061984, ,4.070526199999222,73   77   63   19,3,6.483758100001069,1,1.0783684062976,sub-22,,,4.166424999999435,20,F,L
4,12,amazing grace.wav,8.674013605442177,0.4976888546181283,1,4.477274800001396,0.4553618434665884,,13.9554705999999,29   34   12    8,3,7.797685499999716,1,1.091429463797573,sub-22,,,4.477274800001396,20,F,L
5,36,do-re-mi.wav,12.94399092970522,0.4981063322057103,1,2.928710199999841,0.4419286009112625,a doe a deer a female deer,12.94310120000046,36  104   73   23,1,4.550703200000498,1,1.124484219488257,sub-22,,,2.928710199999841,20,F,L
6,82,old mcdonald.wav,9.046984126984126,0.4602045021771825,1,2.115213799999765,0.4356493158116599,old mcdonald had a farm,10.87317059999987,105   27   82   77,3,2.710317800001576,1,1.19210872549423,sub-22,,,2.115213799999765,20,F,L
7,88,polly wolly doodle.wav,9.334013605442175,0.4934060307111393,1,4.062155000001439,0.4841564162935159, ,2.601055499999347,113    7   88   22,1,9.007811700001184,0,1.021497972039446,sub-22,,,4.062155000001439,20,F,L
8,28,chicken dance.wav,5.946984126984127,0.4955726242213547,1,1.260467000000062,0.4116185672548127,something...dance,19.97357850000117,28  111    2   97,1,1.944313900001362,1,1.142606051901802,sub-22,,,1.260467000000062,20,F,L
9,10,all my loving.wav,11.52498866213152,0.4634276197160128,0,,0.4698385256240376,,6.389955099999497,90   48   81   10,3,7.286786000000575,0,1.057355000224563,sub-22,,,,20,F,L
10,53,hush little baby.wav,9.372018140589567,0.4400924876642228,1,1.32328840000082,0.4375412068484767,,7.509795500000109,24   53   22   26,2,2.70079430000078,1,1.060319347781417,sub-22,,,1.32328840000082,20,F,L
11,95,row your boat.wav,7.035011337868481,0.4993426694653358,1,2.102174000001469,0.4854858485857609,row row row your boat,9.207238400000278,57  110   72   95,4,2.576273699998637,1,1.084412169061833,sub-22,,,2.102174000001469,20,F,L
12,81,old king cole.wav,9.353015873015874,0.4671790533004186,0,,0.4516156647995886,,5.89668889999848,37   85   55   81,2,8.502218100000391,0,1.184938896360798,sub-22,,,,20,F,L
13,47,happy trails.wav,9.331020408163266,0.4643767407558683,0,,0.4371170668847731,,7.147559900000488,81   47   75  110,1,6.099921800001539,0,1.189816638956112,sub-22,,,,20,F,L
14,100,shoo fly.wav,9.372018140589567,0.4592315053888641,1,5.642670299999736,0.4755910016888845,,8.158606500001042,4   72   99  100,4,9.441871200000604,1,1.013154402945683,sub-22,,,5.642670299999736,20,F,L
15,30,clementine.wav,8.716009070294785,0.4281222290888256,1,1.510449500001414,0.4982039303290632,,8.917863700000453,99   61   34   30,1,9.712853500001074,0,1.084884409074524,sub-22,,,1.510449500001414,20,F,L
16,91,puff the magic dragon.wav,9.333015873015873,0.4652739824359245,1,3.722376499999882,0.4814344062619314,,2.830274800000552,91   99   95   79,4,6.075845900000786,0,1.022248106026888,sub-22,,,3.722376499999882,20,F,L
17,94,rock-a-bye baby.wav,13.92498866213152,0.4478302965039736,1,2.585802599998715,0.4498409010661127,rockaby baby,35.67931569999928,101   67  121   94,4,3.548393600000054,1,1.039333630448809,sub-22,,,2.585802599998715,20,F,L
18,73,my bonnie lies over the ocean.wav,6.788979591836735,0.4015656272958105,1,4.647470400001112,0.4355985151085771,my bonnie lies over the ocean,9.226835700001176,73   43  109  108,1,1.818401700000322,1,1.062564424984614,sub-22,,,4.647470400001112,20,F,L
19,46,happy birthday.wav,7.078004535147392,0.4660873605527291,1,1.476238699999158,0.4242576871949461,happy birthday,11.00486629999978,121   31   46   54,3,2.172812400000112,1,1.009500223456004,sub-22,,,1.476238699999158,20,F,L
20,17,baby love.wav,7.219002267573696,0.4399909638472787,0,,0.4954990860175783,,2.401703199999247,67  106   78   17,1,5.119669800000338,0,1.127730647766832,sub-22,,,,20,F,L
21,43,get ready.wav,7.080997732426304,0.4854693572067671,1,2.159151200001361,0.4487304651951775,,1.905892499999027,43   51   21   42,1,7.957128399999419,1,1.119148390800595,sub-22,,,2.159151200001361,20,F,L
22,116,this old man.wav,9.393015873015871,0.4975691122351342,1,1.578479400001015,0.4077036837922243,i love you.. you love me.. ,19.6130333000001,121  116   96  102,2,16.96466859999964,1,1.130775144119323,sub-22,,,1.578479400001015,20,F,L
23,44,good night ladies.wav,6.378004535147392,0.4273696310187313,0,,0.4774439235175553,,3.236001099998248,79  103   44   60,1,5.982150800000454,0,1.022421201022495,sub-22,,,,20,F,L
24,89,pop goes the weasel.wav,7.075011337868481,0.4991188944908672,1,2.376926099999764,0.4463232632700778,pop goes the weezle ,16.53650639999978,79   89   30   74,2,3.264541099999406,1,1.018140443953633,sub-22,,,2.376926099999764,20,F,L
25,85,over the river and through the woods.wav,13.91301587301587,0.4803671379328904,0,,0.4031142052295497,,1.641166600000361,68   85   20  111,2,5.173051400000986,1,1.031360166365204,sub-22,,,,20,F,L
26,9,a-tisket a-tasket.wav,10.41800453514739,0.4412175787152432,0,,0.4658015278068068,,1.817765899999358,9   60   75   64,3,12.2297755999989,0,1.134247160619445,sub-22,,,,20,F,L
27,74,my country 'tis of thee.wav,14.21201814058957,0.453906275254052,1,9.221481599999606,0.4041523771902488,,1.730291500000021,66   84   96   74,4,4.393418100000417,1,1.082050201547087,sub-22,,,9.221481599999606,20,F,L
28,33,do as I'm doing.wav,11.67102040816327,0.4324944846642034,1,1.474670299998252,0.4242739866426484,,2.264762099999643,33   59   40  101,2,7.390664500000639,0,1.009337034163536,sub-22,,,1.474670299998252,20,F,L
29,31,copacabana.wav,9.372018140589567,0.4566447401773008,1,3.542929600000207,0.4786605758231246,,7.162572200000795,87   45   31   14,3,5.478033800000048,1,1.136596266442812,sub-22,,,3.542929600000207,20,F,L
30,115,there's a hole in the bucket.wav,7.365986394557823,0.4693195775867372,1,1.916656299999886,0.4203322832366736,,6.767102399999203,67  115   18   71,3,11.74423829999978,0,1.178308726343445,sub-22,,,1.916656299999886,20,F,L
31,90,popeye the sailorman.wav,7.546984126984127,0.4075569545416375,0,,0.4465131045990691,,1.692140400000426,112  114   90  111,3,8.466431400000147,1,1.08436368618648,sub-22,,,,20,F,L
32,38,eight days a week.wav,12.28399092970522,0.4478892304380653,0,,0.4947193135339741,,3.406259000001228,54   64   67   38,4,4.470041999999012,1,1.128176690985853,sub-22,,,,20,F,L
33,71,mickey mouse march.wav,4.778004535147392,0.4720616371137815,1,2.367504100000588,0.4043356145155918,,2.990079400000468,28   13   71    2,3,3.954343299999891,1,1.074170762717677,sub-22,,,2.367504100000588,20,F,L
34,64,london bridge.wav,6.706984126984127,0.4029506003290725,1,1.357273999999961,0.4712247957804959,london bridge is falling down,13.19535480000013,64  110  101   33,1,1.501978700000109,1,1.18633135278591,sub-22,,,1.357273999999961,20,F,L
35,99,she'll be coming 'round the mountain.wav,8.86,0.4515167989122264,1,7.299985800000286,0.4788921773023455,,1.879968299999746,63   99    4   49,2,1.993311899999753,1,1.011737487706672,sub-22,,,7.299985800000286,20,F,L
36,50,hickory dickory dock.wav,7.077006802721089,0.4870052038992491,0,,0.4212634946845639,,1.634184999998979,50   72   68    4,2,6.694916599999488,0,1.11335990570279,sub-22,,,,20,F,L
37,41,for he's a jolly good fellow.wav,7.117006802721089,0.4440266568781165,1,1.994046400001025,0.4583254906045187,,1.425249099998837,54   41   79   24,3,6.569784999999683,0,1.150670320175244,sub-22,,,1.994046400001025,20,F,L
38,51,home on the range.wav,13.08498866213152,0.4646188078623368,0,,0.4499916717791275,,6.724995800001125,88   27   51   48,3,9.627483700000084,1,1.136915724730645,sub-22,,,,20,F,L
39,110,tequila.wav,9.256009070294784,0.4535521577975137,1,1.974097300000722,0.475084565453362,,4.670127600000342,110   86   34  121,4,11.95538739999938,0,1.176221763505668,sub-22,,,1.974097300000722,20,F,L
40,68,love me tender.wav,9.331020408163266,0.4248098838241034,0,,0.4806947629582601,,1.283229399999982,112   22  101   68,2,5.792502299998887,0,1.090001649330744,sub-22,,,,20,F,L
41,86,peanuts.wav,10.50399092970522,0.408392632338667,1,1.243706200000815,0.4770422207392147,,11.56516469999951,77   86  111   49,2,1.789373400000841,1,1.073163457537011,sub-22,,,1.243706200000815,20,F,L
42,35,do your ears hang low.wav,9.661995464852607,0.4804781161239539,1,1.929867200000444,0.4963556181028288,,9.06133460000092,35   98   40    6,1,4.847857900000236,1,1.16930180570512,sub-22,,,1.929867200000444,20,F,L
43,121,you're a grand old flag.wav,9.33201814058957,0.4847913046349892,0,,0.4160103110630458,,1.292445699999007,117  110   36  121,4,8.539450000000215,1,1.012433450040421,sub-22,,,,20,F,L
44,105,sugar sugar.wav,7.83501133786848,0.4595324496983371,1,3.31621019999875,0.4416529642610994,,1.110862700001235,105   82   92  102,1,4.536617699999624,1,1.199681634360892,sub-22,,,3.31621019999875,20,F,L
45,2,I think I love you.wav,9.272018140589568,0.4158593085467203,0,,0.4074581845932986,,1.466809499999727,33   85    2  115,2,5.965271299999586,0,1.133828060295234,sub-22,,,,20,F,L
46,111,the bare necessities.wav,8.511020408163265,0.457023298095837,0,,0.4810442552346152,,1.13174699999945,47   95  111    8,1,6.581168400000024,0,1.037498898370902,sub-22,,,,20,F,L
47,37,down in my heart.wav,8.388979591836735,0.430256199967512,1,5.850090099998852,0.4077176342345346,,6.222441399999298,16   68   37   75,1,3.114116599999761,0,1.044154511505208,sub-22,,,5.850090099998852,20,F,L
48,79,oh where has my little dog gone.wav,8.02,0.4453805306597217,0,,0.4887295186787831,,1.455925099999149,23   79  105   63,2,5.305731500000547,1,1.038763710247844,sub-22,,,,20,F,L
49,26,camptown races.wav,8.305986394557824,0.4118165515859586,0,,0.4397276323663284,,1.159150499999669,75   26   28  114,2,4.453655399998752,1,1.192672364694332,sub-22,,,,20,F,L
50,14,angel is my centerfold (Example).wav,8.345986394557823,0.445511556790234,1,1.774380400000155,0.4446462904504473,,6.005250399999568,69   14   89   31,2,13.11788279999928,1,1.023081975084937,sub-22,,,1.774380400000155,20,F,L
51,112,the brady bunch.wav,9.331020408163266,0.4500240040428264,0,,0.4510059665455211,,1.148769600000378,58   50    6  112,4,3.689852699999392,1,1.182657787778365,sub-22,,,,20,F,L
52,57,it's a small world.wav,9.291020408163265,0.4402912822135017,1,5.775854999999865,0.4278883214819666,,1.590863999999783,83   31   57   11,3,3.573914700000387,1,1.129514074007028,sub-22,,,5.775854999999865,20,F,L
53,13,america the beautiful.wav,9.33201814058957,0.41512672845351,0,,0.4417455079013451,,1.345072300000538,4   13  103   60,4,8.012883499999589,0,1.0312846531095,sub-22,,,,20,F,L
54,5,James Bond.wav,10.52199546485261,0.420148505523567,0,,0.4470616369749964,,1.018799699999363,65   39    5   74,4,4.494474900000569,0,1.065148182702696,sub-22,,,,20,F,L
55,52,hot cross buns.wav,6.46,0.4152529559579861,1,2.003354200000103,0.4622358966371144,hot cross buns,7.880690500000128,39   52   37   83,2,3.668981600001644,1,1.005011556314202,sub-22,,,2.003354200000103,20,F,L
56,20,bingo.wav,8.920997732426304,0.4930104667292855,1,1.806990999999471,0.425393634850886,old mcdonald,6.417253800000253,11   20   92   99,2,7.616701099999773,1,1.140828721803435,sub-22,,,1.806990999999471,20,F,L
57,77,ob la di ob la da.wav,14.81401360544218,0.4345063533365628,0,,0.423481434738644,,1.109264000000621,28   89   77   64,3,3.865502600001491,1,1.118025995492671,sub-22,,,,20,F,L
58,16,are you sleeping brother john.wav,9.376009070294783,0.4201056455721472,1,4.647731600000043,0.4065303794445141,frere jaque,7.449873999999909,16  112   24   82,1,3.509817500000281,1,1.009528298128029,sub-22,,,4.647731600000043,20,F,L
59,113,the farmer in the dell.wav,6.994013605442177,0.4028102775304848,1,5.968096500000684,0.4775893301811173,,3.706486800001585,111   62   39  113,4,4.420576499998788,1,1.018798581377221,sub-22,,,5.968096500000684,20,F,L
60,32,daisy bell.wav,8.062993197278912,0.4570664023385755,1,3.255443600000945,0.4298567410790058,,4.886708200001522,21  103   53   32,4,4.318670399999974,1,1.012120755853886,sub-22,,,3.255443600000945,20,F,L
61,45,great escape.wav,15.75002267573696,0.4082782824464924,0,,0.4886212086568629,,1.064213300000119,103   60  112   45,4,8.142417200000637,1,1.002305971679184,sub-22,,,,20,F,L
62,55,in a gadda da vida.wav,8.306984126984126,0.4648867707365317,1,2.801854100000128,0.4343055298197729,,1.615499000001364,12   59   55   86,3,9.20381290000114,1,1.154024541553683,sub-22,,,2.801854100000128,20,F,L
63,7,a spoonful of sugar.wav,8.531020408163265,0.4397045939551115,1,3.895812799999476,0.4455135444767103,,9.61306019999938,13    5    7   23,3,5.220910099998946,1,1.083534333960111,sub-22,,,3.895812799999476,20,F,L
64,93,ring of fire.wav,9.04498866213152,0.4181177634411511,1,3.539503199999672,0.4403729567808687,,0.9335042000002431,120   87   93   49,1,7.265945299999657,0,1.037462269012814,sub-22,,,3.539503199999672,20,F,L
65,23,brahms lullaby.wav,12.28399092970522,0.4350575811542879,1,5.411494300000413,0.4909084817776574,go to sleeep... go to sleeeeep,18.53905550000127,117   23   93  119,2,4.686214100000143,1,1.107616410172878,sub-22,,,5.411494300000413,20,F,L
66,72,muppet show.wav,8.53201814058957,0.4147602723729439,0,,0.4036000086408415,,1.167252399998688,89   71  117   72,4,3.596657799998866,1,1.142516158405802,sub-22,,,,20,F,L
67,8,a whole new world.wav,12.98798185941043,0.4483613881666825,1,1.778075800000806,0.4169949869557247,a whole new world,8.801252199998999,121   36  103    8,4,2.948938899999121,1,1.19929870788132,sub-22,,,1.778075800000806,20,F,L
1,16,are you sleeping brother john.wav,9.376009070294783,0.4249401397003169,1,2.659055800002534,0.4304433050139743,child song,13.87667450000299,16   85   71   13,1,3.819750800001202,1,1.074071300403053,sub-23,,,2.659055800002534,21,F,LR
2,2,I think I love you.wav,9.272018140589568,0.427259338089811,0,,0.4819258027385518,nah,6.124133199991775,50   91  111    2,4,8.463763800013112,1,1.069204912872521,sub-23,,,,21,F,LR
3,29,cindy.wav,9.372018140589567,0.4335140331546418,0,,0.4341144254530175,nah,5.942233599998872,29   40   18   80,3,8.24547330000496,0,1.066848562658449,sub-23,,,,21,F,LR
4,111,the bare necessities.wav,8.511020408163265,0.4426779613243982,1,7.398627300004591,0.4357004556543815,not sure,7.907224599999608,27  111   60   11,3,8.156228799998644,0,1.190517081427912,sub-23,,,7.398627300004591,21,F,LR
5,13,america the beautiful.wav,9.33201814058957,0.4777502313364917,0,,0.4245945437209904,dunno,4.933556399992085,28   13  120   82,3,7.558326300000772,0,1.147340475395662,sub-23,,,,21,F,LR
6,93,ring of fire.wav,9.04498866213152,0.4571609918677966,0,,0.4471836563738632,idk,5.246517699997639,93  116   76   63,1,8.777070700001786,1,1.103355708023346,sub-23,,,,21,F,LR
7,85,over the river and through the woods.wav,13.91301587301587,0.4078730244253825,0,,0.4999647371201426,idk,4.235597399994731,85   86   37   84,4,13.51457850000588,0,1.023970673575211,sub-23,,,,21,F,LR
8,20,bingo.wav,8.920997732426304,0.4571625895609026,0,,0.4516336591699321,bingo something,11.59441200000583,107   96   20   46,3,3.822058599995216,1,1.032551162698565,sub-23,,,,21,F,LR
9,96,rubber duckie.wav,10.64399092970521,0.4318428520825214,1,10.5787135999999,0.4669272218065857,sounded videogamey,11.85092189999705,96  112    7   81,4,7.716903200009256,0,1.053418190700132,sub-23,,,10.5787135999999,21,F,LR
10,61,let it be.wav,12.88199546485261,0.4278795461953732,0,,0.453431785667318,no idea,5.226085899994359,61   77   67  103,2,4.988912999993772,0,1.103193746005126,sub-23,,,,21,F,LR
11,98,sesame street.wav,9.885986394557824,0.4915074276984449,1,3.968824700001278,0.4256063624217162,not sure but famillisr,12.86430760000076,18   51   98   78,2,8.838119099993492,0,1.136132648982094,sub-23,,,3.968824700001278,21,F,LR
12,119,wouldn't it be nice.wav,8.018004535147393,0.4086877133196504,1,5.566755400010152,0.4613869060078445,heard it in a meme,8.290703099992243,29  119   61  105,2,1.637771699999576,1,1.043476846908287,sub-23,,,5.566755400010152,21,F,LR
13,10,all my loving.wav,11.52498866213152,0.4206431270684677,0,,0.429910684241622,idk,3.333937000003061,10   18    6   13,1,4.866236600006232,1,1.018686389221604,sub-23,,,,21,F,LR
14,33,do as I'm doing.wav,11.67102040816327,0.4028115353745905,0,,0.4333789714086869,idk,3.438950299998396,60   33   21   10,2,4.924372099994798,1,1.139364776248351,sub-23,,,,21,F,LR
15,5,James Bond.wav,10.52199546485261,0.4168306146911919,0,,0.422063877001043,idk,18.65226390000316,83    5   81   79,2,9.044050299999071,1,1.082824179806044,sub-23,,,,21,F,LR
16,62,let it snow.wav,9.334013605442175,0.4630033027868645,1,5.323614399996586,0.4515976084068087,hallmark ew,8.641656300009345,112   62   59  118,2,3.043010200010031,1,1.150394371224424,sub-23,,,5.323614399996586,21,F,LR
17,94,rock-a-bye baby.wav,13.92498866213152,0.4025873666472821,1,4.761259099992458,0.490318384150556,lullaby?,13.64909000000625,33   62   94  118,3,3.080192099994747,1,1.009863278197229,sub-23,,,4.761259099992458,21,F,LR
18,91,puff the magic dragon.wav,9.333015873015873,0.4747366484300012,1,8.213931000005687,0.4167920382658351,elementary recorder song,12.41927190001297,63   84   85   91,4,3.120597300003283,1,1.163224999170638,sub-23,,,8.213931000005687,21,F,LR
19,110,tequila.wav,9.256009070294784,0.4028414973215788,1,5.640091900000698,0.4858900175607546,tequila!,17.5534891999996,105   27  110   63,3,2.073219400001108,1,1.012204044662954,sub-23,,,5.640091900000698,21,F,LR
20,39,everlasting love.wav,8.305986394557824,0.4045872627714123,0,,0.4701003796655919,idk,3.748755000007804,41   20   79   39,4,4.416925300000003,1,1.143790335449646,sub-23,,,,21,F,LR
21,115,there's a hole in the bucket.wav,7.365986394557823,0.4821393085032998,0,,0.4430781218352913,idk ,5.02397860000201,101   92   71  115,4,9.45795630000066,1,1.129603916998798,sub-23,,,,21,F,LR
22,58,itsy bitsy spider.wav,9.802993197278912,0.403301040056655,0,,0.4487276951500442,idk ,6.058812599992962,58   42   56   27,3,4.477127700010897,0,1.148684835530002,sub-23,,,,21,F,LR
23,3,I think we're alone now.wav,6.298004535147392,0.4374191931691209,0,,0.4969804041310634,i think we're alone now lyrics?,15.71753679998801,103    5   51    3,4,3.389554299996234,1,1.149883068706673,sub-23,,,,21,F,LR
24,105,sugar sugar.wav,7.83501133786848,0.4821765376892138,1,5.897445399998105,0.4300416280272944,its the cake boss theme,10.1290946000081,105    2   23   21,1,2.974870399993961,1,1.065608970931301,sub-23,,,5.897445399998105,21,F,LR
25,6,YMCA.wav,14.33501133786848,0.4044668276653492,1,5.548766399995657,0.4975130471701947,the game grumps sang it but unsure,21.23614019999513,5    6  109   57,2,8.374497900003917,1,1.097148578984538,sub-23,,,5.548766399995657,21,F,LR
26,78,oh susanna.wav,12.05800453514739,0.4412745816148425,0,,0.4780754281823732,ice cream truck?,6.919642799999565,105   78   28   99,4,7.703071199997794,0,1.175096822865297,sub-23,,,,21,F,LR
27,108,take me out to the ballgame.wav,6.194013605442177,0.4402732929163766,1,5.501178499995149,0.4394412460147306,mom sang that once ,11.88780290000432,9   58    2  108,4,3.425590099999681,1,1.013925818720622,sub-23,,,5.501178499995149,21,F,LR
28,73,my bonnie lies over the ocean.wav,6.788979591836735,0.4933288548896238,0,,0.4786637190165946,unsure,4.54147899999225,44   37   73   47,3,6.56504619999032,1,1.121552352699202,sub-23,,,,21,F,LR
29,42,froggy went a-courtin'.wav,12.20498866213152,0.468741915774244,0,,0.4484563732062322,no idea,3.74609679999412,55   90   32   42,2,8.990018500000588,0,1.010202548620568,sub-23,,,,21,F,LR
30,46,happy birthday.wav,7.078004535147392,0.4042172382201978,1,2.215631300001405,0.4585111016737101,happy birthday,7.346060299998499,20  112    3   46,4,1.934618300001603,1,1.172897365905571,sub-23,,,2.215631300001405,21,F,LR
31,67,love me do.wav,12.46798185941043,0.4361009939119413,0,,0.426493392686264,no idea but it slaps,6.388588300003903,53   67   78   13,3,7.776097399997525,0,1.097210205228955,sub-23,,,,21,F,LR
32,8,a whole new world.wav,12.98798185941043,0.44884108385389,1,6.026705700001912,0.4924842023365871,disney?,3.960143899996183,116   92    8   75,3,6.424637799995253,1,1.004474202566523,sub-23,,,6.026705700001912,21,F,LR
33,92,ring around the rosie.wav,7.034013605442177,0.4674918612686672,1,4.912870100000873,0.4031994127419621,creepy childhood song,11.07705779999378,92   29   42   38,1,2.465361499998835,1,1.163611262729096,sub-23,,,4.912870100000873,21,F,LR
34,72,muppet show.wav,8.53201814058957,0.4289467242485781,0,,0.4586748482592589,idk,2.239180100004887,101   29   92   72,4,4.066495400009444,1,1.096864369257103,sub-23,,,,21,F,LR
35,65,louie louie.wav,8.860997732426304,0.4014039344398083,0,,0.421524462564721,unsure,8.918924800003879,47   23   61   65,2,6.099176499992609,0,1.105314663485317,sub-23,,,,21,F,LR
36,15,another one bites the dust.wav,12.46897959183674,0.4170385901364989,1,5.94293689999904,0.4428692101280907,another one bites the dust?,10.88399129999743,57   87   40   15,4,2.650010699988343,1,1.199323819328312,sub-23,,,5.94293689999904,21,F,LR
37,63,little jack horner.wav,6.793015873015873,0.4320328838858619,1,5.680066999993869,0.4731553643190454,familliar but idk,9.090031899992027,63   25   42  120,3,6.705060100008268,0,1.06114635056458,sub-23,,,5.680066999993869,21,F,LR
38,19,billie jean.wav,8.305986394557824,0.4591723152018138,0,,0.4473187511411995,dunno,3.893015499998,36   58   19  112,4,9.18766319999122,0,1.1542915420758,sub-23,,,,21,F,LR
39,50,hickory dickory dock.wav,7.077006802721089,0.4967279900923752,0,,0.4644038480537297,idk,5.011411999992561,77  118   50  100,3,4.699138199997833,1,1.186744892213601,sub-23,,,,21,F,LR
40,40,eye of the tiger.wav,8.305986394557824,0.4995984757950787,0,,0.4158478481073525,from a movie?,12.36182979999285,8   91   40   38,3,15.71847379999235,1,1.12708774093084,sub-23,,,,21,F,LR
41,60,john jacob jingleheimerschmidt.wav,9.928979591836734,0.4555889952624277,0,,0.4573717465653648,sounds like elementary school song,24.29280660000222,32   17   60   84,1,8.92700780001178,0,1.013316640021599,sub-23,,,,21,F,LR
42,79,oh where has my little dog gone.wav,8.02,0.4148969336338258,1,5.980011999999988,0.4055346430624942,something over the mountain?,30.20628369999758,16   56   79   64,3,15.27494570000272,1,1.048137952054538,sub-23,,,5.980011999999988,21,F,LR
43,80,old gray mare.wav,9.33201814058957,0.4651817912813278,0,,0.4087330042459585,idk,16.70513190000202,51   77   33   80,4,4.339161299998523,1,1.095737032515698,sub-23,,,,21,F,LR
44,34,do wah ditty.wav,7.758004535147392,0.4087078269538498,1,5.891815799986944,0.446220052308354,from the radio,9.587947399995755,106   18   34   44,3,5.060247999994317,1,1.181297314321515,sub-23,,,5.891815799986944,21,F,LR
45,68,love me tender.wav,9.331020408163266,0.4465970292666336,0,,0.4009079607730588,not sure,8.160330300001078,13   92   68   53,3,6.803048900008434,1,1.176436139514213,sub-23,,,,21,F,LR
46,52,hot cross buns.wav,6.46,0.495686214198465,1,5.002380200006883,0.4731525066447473,the FIRST recorder song,13.20906969999487,66   52   11   50,2,2.347412699993583,1,1.129336917692641,sub-23,,,5.002380200006883,21,F,LR
47,32,daisy bell.wav,8.062993197278912,0.4846594129719152,0,,0.4697869803150503,idk,4.85894219999318,32   33   69   13,2,10.4115873999981,0,1.043517172008258,sub-23,,,,21,F,LR
48,48,heigh-ho.wav,10.50299319727891,0.4046487477418179,0,,0.4406355635102754,idk,3.702539100006106,8   48  108    5,2,9.72352429998864,1,1.094229859288582,sub-23,,,,21,F,LR
49,64,london bridge.wav,6.706984126984127,0.431026057823138,1,2.212418099996285,0.4847364800268874,childhood song,18.11017610000272,64   97    6   54,1,2.498555500002112,1,1.111690626139238,sub-23,,,2.212418099996285,21,F,LR
50,1,I feel fine.wav,10.69002267573696,0.4861320190364335,0,,0.4805790045679448,super close but idk,20.17014240000572,111   76   82    1,2,15.81302000000142,0,1.053702378985701,sub-23,,,,21,F,LR
51,11,alouette.wav,5.946984126984127,0.4286801456355145,0,,0.4459264198264892,unsure,10.27428909999435,63   61   11   66,3,8.774203499997384,1,1.126852134962872,sub-23,,,,21,F,LR
1,103,smooth criminal.wav,8.348979591836734,0.4461465083861332,1,3.411335499986308,0.4982718543822793,michael jackson,21.63333649997367,39  103   64   88,2,5.544117800018284,1,1.037177397104277,sub-24,,,3.411335499986308,28,F,R
2,36,do-re-mi.wav,12.94399092970522,0.4660848259213425,0,,0.4994621510541167,,3.663231200014707,114   11   36   92,3,11.72490040000412,1,1.13110341277441,sub-24,,,,28,F,R
3,30,clementine.wav,8.716009070294785,0.4502875531238927,0,,0.4575411065169878,,4.571006600017427,80  106   30   41,1,10.14988640000229,0,1.159514274370577,sub-24,,,,28,F,R
4,64,london bridge.wav,6.706984126984127,0.4493998593794151,1,2.928727899998194,0.4991440480725656,london bridge is falling down,9.104875699995318,95  108   64   59,3,2.516603900003247,1,1.076228478896065,sub-24,,,2.928727899998194,28,F,R
5,5,James Bond.wav,10.52199546485261,0.4016598493576958,0,,0.4959686994860227,,2.881025200011209,36   96   78    5,4,2.615046299993992,1,1.008144073065229,sub-24,,,,28,F,R
6,72,muppet show.wav,8.53201814058957,0.4415322335586367,0,,0.47738469222147,,2.021910000010394,12   72   46   79,4,8.219503900007112,0,1.178713498058959,sub-24,,,,28,F,R
7,67,love me do.wav,12.46798185941043,0.4050244207992492,0,,0.4964867065822609,,1.777088599978015,67  102   56   78,1,10.15179299999727,1,1.173184960710889,sub-24,,,,28,F,R
8,97,rudolph.wav,9.33201814058957,0.4259613790209661,0,,0.4121860023815395,,4.20752349999384,81   97   59   51,2,2.715210199996363,1,1.192289953728043,sub-24,,,,28,F,R
9,106,super mario world.wav,12.28598639455782,0.4845219232689201,1,2.931012299988652,0.4996618875705693,super mario,4.644086900021648,72  102  106   38,3,2.405428900005063,1,1.05125178271869,sub-24,,,2.931012299988652,28,F,R
10,79,oh where has my little dog gone.wav,8.02,0.4666999656271624,0,,0.4459486055247476,,1.857315700006438,12   79   76   87,2,5.82308230001945,1,1.119177400785672,sub-24,,,,28,F,R
11,56,iron man.wav,10.60498866213152,0.4672267270838805,1,4.920269099995494,0.4889378412224126,ice cream man,5.630675899999915,120   56   94  107,2,2.480090800003381,1,1.042700979453179,sub-24,,,4.920269099995494,28,F,R
12,13,america the beautiful.wav,9.33201814058957,0.4906093472676238,0,,0.4945569302656191,,1.907772399979876,104   13   98   96,1,8.797013200004585,0,1.182683635884184,sub-24,,,,28,F,R
13,66,love and marriage.wav,8.71700680272109,0.4479846161512041,0,,0.4349434274178083,,1.745971500000451,66   48   29  113,3,10.63468009998905,0,1.041090314018301,sub-24,,,,28,F,R
14,2,I think I love you.wav,9.272018140589568,0.4754077732467382,0,,0.4682069328572687,,1.950200499995844,8    2   13  100,3,9.554630300001008,0,1.070355841523782,sub-24,,,,28,F,R
15,74,my country 'tis of thee.wav,14.21201814058957,0.4475588988246342,0,,0.4170684688802457,,1.522211099974811,53   95   74   61,1,11.43607980001252,0,1.170537723347094,sub-24,,,,28,F,R
16,80,old gray mare.wav,9.33201814058957,0.4913226037058441,0,,0.4667555702525127,,2.29457420000108,35   46   68   80,1,8.33177990000695,0,1.195792753088378,sub-24,,,,28,F,R
17,49,"hello mudduh, hello fadduh.wav",10.60199546485261,0.4834451768339788,0,,0.4799900666671239,,2.764300099981483,75   25   49   42,4,12.62036369999987,0,1.090619998907141,sub-24,,,,28,F,R
18,81,old king cole.wav,9.353015873015874,0.4175801565464501,0,,0.4338449629907012,,3.352106600010302,63   29   81   54,3,7.075548799999524,1,1.020413574592348,sub-24,,,,28,F,R
19,38,eight days a week.wav,12.28399092970522,0.4322185796181476,0,,0.4136628327027643,,1.68695299999672,40  117   38   71,3,7.395396599982632,1,1.177065685178401,sub-24,,,,28,F,R
20,31,copacabana.wav,9.372018140589567,0.4557196040718936,0,,0.4733413997692809,,1.938234699977329,41  112   31   76,3,11.91135099998792,1,1.023810054329978,sub-24,,,,28,F,R
21,52,hot cross buns.wav,6.46,0.4987549607258184,1,3.590361300011864,0.4586952693338876,hto cross buns,7.745529100007843,55   25   52   71,3,2.061396600009175,1,1.096823552853776,sub-24,,,3.590361300011864,28,F,R
22,34,do wah ditty.wav,7.758004535147392,0.4438452881515543,0,,0.476822355022605,,4.058837599994149,82   91   88   34,2,9.044929700001376,0,1.022928590329867,sub-24,,,,28,F,R
23,43,get ready.wav,7.080997732426304,0.44865371136425,0,,0.4959107484536689,,1.84647010001936,43   98   91   70,1,6.397696599975461,1,1.053171125404914,sub-24,,,,28,F,R
24,55,in a gadda da vida.wav,8.306984126984126,0.4331865464102033,0,,0.4788269678810182,,1.44159099998069,74   85   55    9,3,9.30507130001206,1,1.192287039468705,sub-24,,,,28,F,R
25,54,if you're happy and you know it.wav,9.09002267573696,0.4408163579854839,1,6.247189899993828,0.4210037593031493,happy and you know it,8.256482299999334,6   54   61  114,2,1.756621799984714,1,1.173174963474907,sub-24,,,6.247189899993828,28,F,R
26,12,amazing grace.wav,8.674013605442177,0.4196485526954865,1,3.820124800025951,0.4452085350467992,amazing grace,5.829862400016282,11   12   43   69,2,0.9790368999820204,1,1.111326521310621,sub-24,,,3.820124800025951,28,F,R
27,6,YMCA.wav,14.33501133786848,0.4413394545345152,0,,0.4964812493839504,,1.630918800015934,77    5    6   54,1,5.397213699994609,0,1.136914768080844,sub-24,,,,28,F,R
28,32,daisy bell.wav,8.062993197278912,0.424463662771878,1,6.210473399987677,0.4309032941100309,daisy daisy,4.160244500002591,107   40   32  115,3,1.878975100000389,1,1.006788070569351,sub-24,,,6.210473399987677,28,F,R
29,26,camptown races.wav,8.305986394557824,0.4216677875037434,0,,0.4996425279283482,,1.441960500000278,26  120   54   32,2,3.590881799987983,0,1.143341753485712,sub-24,,,,28,F,R
30,68,love me tender.wav,9.331020408163266,0.4810990302222727,0,,0.4759803944624933,,1.826504500000738,13   30  106   68,2,4.173605599993607,0,1.078564027399062,sub-24,,,,28,F,R
31,16,are you sleeping brother john.wav,9.376009070294783,0.4014013456265339,1,7.802768099994864,0.4987910749936451,,0.7437642000149935,90   23   16   49,3,4.716361900005722,1,1.078887517702702,sub-24,,,7.802768099994864,28,F,R
32,27,can't help falling in love.wav,13.4990022675737,0.4372740761023522,0,,0.4313639451838209,,1.538236899999902,2   86   27   19,2,6.313654199999291,0,1.00689070666665,sub-24,,,,28,F,R
33,21,blow the man down.wav,8.491020408163266,0.4665054500056413,0,,0.4090014519554575,,2.508569900004659,6   21  113   68,2,5.224522899981821,1,1.18503712186598,sub-24,,,,28,F,R
34,87,peter and the wolf.wav,10.82798185941043,0.454778099000551,0,,0.4942744421218847,,3.344182200002251,2   87   76   82,2,9.154256600013468,1,1.19510298483388,sub-24,,,,28,F,R
35,93,ring of fire.wav,9.04498866213152,0.4380862377712436,0,,0.4794270621679843,,4.507816500001354,93   96   75   30,1,3.127571499993792,1,1.016024062022286,sub-24,,,,28,F,R
36,28,chicken dance.wav,5.946984126984127,0.4058545689435315,1,2.75441610001144,0.4853084704853095,chicken dance,4.681207899993751,28   56  100   45,1,1.380913800006965,1,1.038484806263936,sub-24,,,2.75441610001144,28,F,R
37,110,tequila.wav,9.256009070294784,0.4276926865658759,0,,0.4509789823212468,,1.289166800008388,37  110  106   28,2,5.553748600010294,1,1.085397464477306,sub-24,,,,28,F,R
38,37,down in my heart.wav,8.388979591836735,0.4762005007822666,0,,0.4739395343479378,,1.926878600002965,55  111   67   37,4,5.694767099979799,1,1.085969008824042,sub-24,,,,28,F,R
39,9,a-tisket a-tasket.wav,10.41800453514739,0.431290515168919,0,,0.4026612725525819,,2.598439099994721,120   40  100    9,3,6.105251100001624,0,1.074405528547278,sub-24,,,,28,F,R
40,75,my favorite things.wav,13.92698412698413,0.4041688842485132,1,12.92882649999228,0.4871845020080675,favorite thingd,9.559334799996575,103   75   31   60,2,1.312082699994789,1,1.079469604428808,sub-24,,,12.92882649999228,28,F,R
41,8,a whole new world.wav,12.98798185941043,0.4656943179282427,1,8.641926800017245,0.4002072585801881,,0.9227065999875776,103  106  119    8,4,4.029995599994436,1,1.030659880874442,sub-24,,,8.641926800017245,28,F,R
42,78,oh susanna.wav,12.05800453514739,0.4251526900619178,0,,0.4223855579591811,,0.9387962000037078,55   78   17    5,2,3.348202599998331,1,1.022450793789873,sub-24,,,,28,F,R
43,90,popeye the sailorman.wav,7.546984126984127,0.4041459498169227,0,,0.4151596603738197,,2.0874763999891,90   71  101  116,3,4.460475100000622,0,1.1504529438874,sub-24,,,,28,F,R
44,11,alouette.wav,5.946984126984127,0.487022474783479,0,,0.4170497994041947,,1.139795299997786,114   11   51  111,1,2.794650499999989,0,1.116067721783056,sub-24,,,,28,F,R
45,120,yankee doodle.wav,8.572018140589568,0.4574796595400794,0,,0.4623689390982117,,1.101844600023469,1  104  120  100,3,3.699988400010625,1,1.087170726525792,sub-24,,,,28,F,R
46,40,eye of the tiger.wav,8.305986394557824,0.4003522035810175,1,4.035419099993305,0.4593916731847033,eye of the tiger,6.080690200004028,104  113   12   40,4,1.737358199985465,1,1.109554686026403,sub-24,,,4.035419099993305,28,F,R
47,63,little jack horner.wav,6.793015873015873,0.4259046563036532,0,,0.4717894860618929,,1.638824199995724,44   63  105   95,1,6.557979500008514,0,1.196676486159571,sub-24,,,,28,F,R
48,101,skip to my lou.wav,8.863990929705215,0.4194888021094129,1,5.809344400011469,0.472905338181052,skip to my loo,5.527500800002599,81  101   32    6,2,2.260443900013342,1,1.06690943428438,sub-24,,,5.809344400011469,28,F,R
49,77,ob la di ob la da.wav,14.81401360544218,0.4488832426946762,0,,0.4915352377854618,,1.027708799985703,77  101    2  105,1,3.920793900004355,1,1.031697000782709,sub-24,,,,28,F,R
50,115,there's a hole in the bucket.wav,7.365986394557823,0.4016798709510204,1,5.674171499995282,0.4352364660777683,dear kliza,7.272781900013797,121   79   25  115,4,3.893470500013791,1,1.141203406585809,sub-24,,,5.674171499995282,28,F,R
51,47,happy trails.wav,9.331020408163266,0.4767061361874476,0,,0.4950495515849414,,1.363467199989827,17   62   47    4,3,6.159380600001896,1,1.037333320697866,sub-24,,,,28,F,R
52,108,take me out to the ballgame.wav,6.194013605442177,0.4317296883612621,0,,0.4279297155385585,,1.507275300013134,30    8   91  108,4,4.086393599980511,1,1.02539091935384,sub-24,,,,28,F,R
53,98,sesame street.wav,9.885986394557824,0.4013950598390523,0,,0.4521686712692142,,1.565300499991281,94   98   77  110,1,3.640035400021588,0,1.151010957142067,sub-24,,,,28,F,R
54,92,ring around the rosie.wav,7.034013605442177,0.4357924329756724,1,3.051477100001648,0.4869571196863227,ring around the rosie,8.651399599999422,83   55   69   92,4,2.124357900000177,1,1.068596721105921,sub-24,,,3.051477100001648,28,F,R
55,94,rock-a-bye baby.wav,13.92498866213152,0.4436138658887617,1,2.893584000004921,0.4984655629141639,rocl a bye baby,8.385284899995895,54   20   94  100,3,2.328094700002111,1,1.083694853311688,sub-24,,,2.893584000004921,28,F,R
56,15,another one bites the dust.wav,12.46897959183674,0.493341992315875,0,,0.4231829897929112,,1.292068500013556,15  108   51   11,1,2.048018900008174,1,1.162406554601522,sub-24,,,,28,F,R
57,119,wouldn't it be nice.wav,8.018004535147393,0.486206013339801,0,,0.4168518603486648,,1.699181000003591,46   64   57  119,4,6.50618569998187,1,1.167342528495545,sub-24,,,,28,F,R
58,111,the bare necessities.wav,8.511020408163265,0.4338997641625972,0,,0.4797252231053316,,0.8748330000089481,84   24   28  111,2,4.821184200001881,0,1.177081158434309,sub-24,,,,28,F,R
59,91,puff the magic dragon.wav,9.333015873015873,0.4602518516385843,0,,0.4390380287669022,,2.86689830000978,91  102    6   90,4,6.401822199986782,0,1.167925479032027,sub-24,,,,28,F,R
60,20,bingo.wav,8.920997732426304,0.4932410591641287,0,,0.4329566202418674,,2.363769699994009,20   15  111   32,1,5.038955000025453,1,1.055898474036007,sub-24,,,,28,F,R
61,58,itsy bitsy spider.wav,9.802993197278912,0.478720625372801,0,,0.4773921155511182,,0.6031230000080541,58   60   81   77,1,1.855890800012276,1,1.124669641907317,sub-24,,,,28,F,R
62,51,home on the range.wav,13.08498866213152,0.489710372265426,0,,0.447638324660409,,0.2974249000253621,17    3   51   12,1,6.076938799989875,0,1.087693044054282,sub-24,,,,28,F,R
63,89,pop goes the weasel.wav,7.075011337868481,0.4630324477216244,1,3.128276900009951,0.4152506549327045,pop goes the weasel,8.158607500023209,10   17   89  110,3,1.819187699991744,1,1.097844517162104,sub-24,,,3.128276900009951,28,F,R
64,105,sugar sugar.wav,7.83501133786848,0.4286398909596807,0,,0.4117254146205662,,0.674790099990787,32   21  119  105,4,3.208252200012794,1,1.127317091320085,sub-24,,,,28,F,R
65,73,my bonnie lies over the ocean.wav,6.788979591836735,0.4035856750066694,0,,0.485006173018638,,2.851380499982042,19   39   10   73,4,2.811206799990032,1,1.077384966579182,sub-24,,,,28,F,R
1,44,good night ladies.wav,6.378004535147392,0.4752103502213388,0,,0.4575034604567509,,6.048959600011585,44    5   34   52,4,13.53986619997886,0,1.065726986730793,sub-25,,,,26,M,R
2,84,over the rainbow.wav,17.06698412698413,0.4762991773710027,0,,0.4665376310097666,,2.061579300003359,84   33  105   35,1,11.43174379999982,1,1.135338235468752,sub-25,,,,26,M,R
3,92,ring around the rosie.wav,7.034013605442177,0.4358546606796764,1,3.520697499974631,0.4167778173416705,ring a round a rosie,10.71643090000725,15   18   61   92,4,4.280667800019728,1,1.134642719996711,sub-25,,,3.520697499974631,26,M,R
4,14,angel is my centerfold (Example).wav,8.345986394557823,0.4199798312468316,1,8.179512000002433,0.4642190101995151,,9.002583399997093,14   78   66   42,2,14.46986540002399,0,1.192406209827436,sub-25,,,8.179512000002433,26,M,R
5,66,love and marriage.wav,8.71700680272109,0.4374778092538354,0,,0.4420992511497548,,4.472704299987527,6   66   77   93,3,7.785813900001813,0,1.112262722542445,sub-25,,,,26,M,R
6,19,billie jean.wav,8.305986394557824,0.4420360217713351,0,,0.4571928023909227,,5.492001699982211,19   87   55   68,1,7.493413699994562,1,1.072845995951003,sub-25,,,,26,M,R
7,89,pop goes the weasel.wav,7.075011337868481,0.4868609047759638,1,2.340355099993758,0.4442478132858985,huff,18.44513599999482,66   99   89   32,3,12.72510010001133,1,1.148576795039887,sub-25,,,2.340355099993758,26,M,R
8,42,froggy went a-courtin'.wav,12.20498866213152,0.4134154069249891,0,,0.4407022625913601,,4.113744100002805,117  115   42   56,2,11.68318429999636,0,1.050716187437349,sub-25,,,,26,M,R
9,6,YMCA.wav,14.33501133786848,0.4935596866275327,0,,0.4117597576546273,,2.440572400024394,6   77   61  117,1,6.035229500004789,1,1.039075612764361,sub-25,,,,26,M,R
10,107,swing low sweet chariot.wav,9.66,0.4218840042172926,0,,0.4811171326563789,,1.885155700001633,107   25   47    8,3,8.775867899996229,0,1.135472187921841,sub-25,,,,26,M,R
11,11,alouette.wav,5.946984126984127,0.488980393693808,1,2.546228099992732,0.4623716587716471,french song,10.82810579999932,118   87   11   52,3,4.508025399991311,1,1.182382897010382,sub-25,,,2.546228099992732,26,M,R
12,51,home on the range.wav,13.08498866213152,0.4380816091740292,0,,0.4374482419369527,,0.5921290999976918,51   87   70   78,1,3.213472100003855,1,1.092924516393989,sub-25,,,,26,M,R
13,53,hush little baby.wav,9.372018140589567,0.444386259614187,1,3.182235599990236,0.4720829143708875,mocking bird,4.60379059999832,46   53   11  117,2,2.384993200015742,1,1.132742985402271,sub-25,,,3.182235599990236,26,M,R
14,39,everlasting love.wav,8.305986394557824,0.4309878836276992,0,,0.4089365197391595,,1.549098799994681,104   39   92   72,1,3.667612599994754,0,1.148868024899523,sub-25,,,,26,M,R
15,82,old mcdonald.wav,9.046984126984126,0.4212794485960791,1,2.067406999995001,0.4779864198403975,old mcdonals had a farm,9.061475900001824,66   82   83   41,2,1.878678000008222,1,1.128488795512568,sub-25,,,2.067406999995001,26,M,R
16,116,this old man.wav,9.393015873015871,0.4109782852282161,1,2.957846499979496,0.4556186969843886,give a dog a bone,10.16436269998667,116   88   50   85,1,1.858278900006553,1,1.196665949943161,sub-25,,,2.957846499979496,26,M,R
17,104,star spangled banner.wav,12.83800453514739,0.4324832847904623,1,3.704576999996789,0.448164828544908,some remembereance day  song,16.81651459998102,13   49   48  104,1,3.733098500000779,0,1.173417702231483,sub-25,,,3.704576999996789,26,M,R
18,67,love me do.wav,12.46798185941043,0.4915081706436206,0,,0.4000494308047208,,2.401363300014054,71   45   67   16,1,7.90072879998479,0,1.056957184375669,sub-25,,,,26,M,R
19,99,she'll be coming 'round the mountain.wav,8.86,0.409347353364943,1,3.467822099977639,0.4046659546792751,running around the mountains,6.708185199997388,97   38   16   99,4,4.246573399985209,1,1.056156695145058,sub-25,,,3.467822099977639,26,M,R
20,57,it's a small world.wav,9.291020408163265,0.4167480627953518,0,,0.4774513174504054,,9.567827399994712,57   23    6    1,2,4.158459099999163,0,1.15232776822276,sub-25,,,,26,M,R
21,23,brahms lullaby.wav,12.28399092970522,0.4837913735076556,1,3.627711399982218,0.4687313251273508,go to sleep,3.226997799996752,8   23   12   14,3,12.400327499985,0,1.091393568254341,sub-25,,,3.627711399982218,26,M,R
22,46,happy birthday.wav,7.078004535147392,0.4376386120517075,1,1.723750100005418,0.4417273005591391,i know this for sure,29.04657350000343,32   46    2  108,1,13.73527610002202,0,1.170356662656954,sub-25,,,1.723750100005418,26,M,R
23,43,get ready.wav,7.080997732426304,0.4906878262822825,0,,0.474214783030561,,1.512744200008456,66  105  101   43,4,3.310927600017749,1,1.160571284162885,sub-25,,,,26,M,R
24,112,the brady bunch.wav,9.331020408163266,0.4870149578179077,0,,0.482706522147956,,1.168512600008398,112  102   77   62,2,11.55150139998295,0,1.162479565487632,sub-25,,,,26,M,R
25,61,let it be.wav,12.88199546485261,0.4262824267284136,0,,0.4026060139310026,,0.8103029000048991,102   33    5   61,2,3.656950600008713,0,1.044857012361096,sub-25,,,,26,M,R
26,69,mary had a little lamb.wav,9.045986394557824,0.4721423723555144,1,2.131157300027553,0.4629805918244812,london bridge is falling down,12.39979259998654,16   69   96   89,2,5.477341399993747,1,1.141563989498257,sub-25,,,2.131157300027553,26,M,R
27,85,over the river and through the woods.wav,13.91301587301587,0.453571431190404,1,7.786007100017741,0.4240997126456986,ive heard this for sure,13.67310819998966,85   77    1   75,3,6.301643499988131,0,1.152463501280128,sub-25,,,7.786007100017741,26,M,R
28,18,be kind to your web-footed friend.wav,6.993015873015873,0.444099813634389,0,,0.4154806824502087,,1.352864500018768,79  106   35   18,1,9.495137199992314,0,1.124406853932095,sub-25,,,,26,M,R
29,100,shoo fly.wav,9.372018140589567,0.4357454453415049,1,3.775594800012186,0.4120213964098051,dont bother me,4.580830999999307,100   85  114   39,1,1.390128300001379,1,1.161077898355621,sub-25,,,3.775594800012186,26,M,R
30,41,for he's a jolly good fellow.wav,7.117006802721089,0.4166628337639952,1,3.864945599983912,0.4997392257877475,i remember this melody,10.57864749999135,41   55   44  103,1,3.365475600003265,1,1.159376443268745,sub-25,,,3.864945599983912,26,M,R
31,49,"hello mudduh, hello fadduh.wav",10.60199546485261,0.4523291425621326,0,,0.4108595270772839,,1.345056199992541,91   49  117  106,3,10.2475037999975,0,1.104507695548764,sub-25,,,,26,M,R
32,20,bingo.wav,8.920997732426304,0.4608208325294255,1,5.702533800009405,0.4466133942186092,was his name oh,13.16498260002118,35  121   79   20,4,3.926980799995363,1,1.017635291592199,sub-25,,,5.702533800009405,26,M,R
33,12,amazing grace.wav,8.674013605442177,0.471253735421445,1,4.307522699993569,0.4743416755993166,rememberance day song,23.49648860000889,12  117   26  115,1,3.176171999977669,1,1.167915018268793,sub-25,,,4.307522699993569,26,M,R
34,59,jimmy crack corn.wav,9.063990929705216,0.4188322626061744,1,5.296859800000675,0.4302071566571266,i remember this tune,5.001506100001279,59   29  113   68,3,7.128568000014639,0,1.192811296679086,sub-25,,,5.296859800000675,26,M,R
35,1,I feel fine.wav,10.69002267573696,0.4684140400222069,0,,0.4058413278615984,,0.5862553000042681,115   37    1  107,4,4.38973480000277,0,1.197274522293835,sub-25,,,,26,M,R
36,56,iron man.wav,10.60498866213152,0.4230255591640095,0,,0.4019822856333294,,1.127665000007255,32   42   56   18,1,12.98155600001337,0,1.188580699833262,sub-25,,,,26,M,R
37,71,mickey mouse march.wav,4.778004535147392,0.4263119217197156,0,,0.4345341069480959,,2.320919199992204,8   64   55   71,1,5.599225500016473,0,1.10062116203978,sub-25,,,,26,M,R
38,113,the farmer in the dell.wav,6.994013605442177,0.4946696060632869,1,4.670998800022062,0.472143998986903,i remember this tune,13.95223349999287,113   62   28    7,3,10.31871560000582,0,1.084513010324861,sub-25,,,4.670998800022062,26,M,R
39,119,wouldn't it be nice.wav,8.018004535147393,0.4457095327594867,0,,0.4769182619868815,,2.047655800008215,109   44   47  119,4,5.571494800009532,1,1.080251287008894,sub-25,,,,26,M,R
40,32,daisy bell.wav,8.062993197278912,0.4916272939062027,0,,0.4504650826334984,,2.518509200017434,116   45   32  115,2,1.658653199992841,0,1.094021639644933,sub-25,,,,26,M,R
41,10,all my loving.wav,11.52498866213152,0.4178559248516609,0,,0.4977633676973037,,1.772792200004915,25   10   48   41,1,8.941636099974858,0,1.092414409350897,sub-25,,,,26,M,R
42,80,old gray mare.wav,9.33201814058957,0.499727309900465,0,,0.4333655200068751,,1.268952800019179,80  121  106   47,4,6.053526400006376,0,1.167987592104499,sub-25,,,,26,M,R
43,106,super mario world.wav,12.28598639455782,0.4025585757886137,1,11.59290479999618,0.4382451117916017,i heard it somewhere,5.800268899998628,4  106   44   51,3,4.358568900002865,0,1.095299270337575,sub-25,,,11.59290479999618,26,M,R
44,93,ring of fire.wav,9.04498866213152,0.4777103581914915,0,,0.4902551732947983,,1.189601899997797,93  108    6   17,2,2.413614599994617,0,1.023831987917315,sub-25,,,,26,M,R
45,16,are you sleeping brother john.wav,9.376009070294783,0.4426837135172209,1,2.473287400003755,0.487379483931213,some french song,16.79071910001221,17   16   78   40,3,9.46746849999181,0,1.173027766515482,sub-25,,,2.473287400003755,26,M,R
46,60,john jacob jingleheimerschmidt.wav,9.928979591836734,0.4740814372695051,0,,0.4563359389548114,,1.216773499996634,75   73  111   60,1,7.49466600001324,0,1.063712196359524,sub-25,,,,26,M,R
47,78,oh susanna.wav,12.05800453514739,0.4627456917842537,1,3.96432480000658,0.4827722760476958,i know this for sure,16.41054159999476,2   21   78    5,1,7.514825399994152,0,1.06352285370469,sub-25,,,3.96432480000658,26,M,R
48,21,blow the man down.wav,8.491020408163266,0.4062745180641837,0,,0.419866693114804,,1.077172099991003,71   62   21   65,3,3.269362699997146,1,1.04316432098157,sub-25,,,,26,M,R
49,17,baby love.wav,7.219002267573696,0.4424529968511818,0,,0.4504593447249137,,1.765853099990636,17   94   39   33,3,3.653513600002043,0,1.02969006748186,sub-25,,,,26,M,R
50,81,old king cole.wav,9.353015873015874,0.4019144762277295,1,7.04952110000886,0.4603927057734313,i know this tune for sure,5.646029600000475,76   78   81  104,3,10.56520569999702,1,1.058664868711417,sub-25,,,7.04952110000886,26,M,R
51,83,on top of old smokey.wav,12.79700680272109,0.434396379884489,0,,0.4426824243855126,,0.8731671999848913,63    6   83   95,3,2.509194399986882,1,1.030203174129654,sub-25,,,,26,M,R
52,108,take me out to the ballgame.wav,6.194013605442177,0.4567012647511384,0,,0.445133256501067,,3.599937200022396,108  110   92   37,4,3.207484300015494,0,1.058207776850719,sub-25,,,,26,M,R
53,35,do your ears hang low.wav,9.661995464852607,0.4024467876284572,1,3.029126700013876,0.4533556337939582,ice cream truck sound,5.951405300002079,12   56   35  115,3,14.04368390000309,1,1.062697709833018,sub-25,,,3.029126700013876,26,M,R
54,30,clementine.wav,8.716009070294785,0.4879655086432336,1,2.794511400017655,0.4356854630397952,i know this tune for sure,19.53768430001219,30   69   53   50,1,7.480499700002838,1,1.008613141462687,sub-25,,,2.794511400017655,26,M,R
55,28,chicken dance.wav,5.946984126984127,0.4095873697851282,1,2.689139900001464,0.4087389852774218,ive heard this for sure,11.11139710000134,28   42   26   37,1,1.764625599986175,1,1.038780657341159,sub-25,,,2.689139900001464,26,M,R
56,9,a-tisket a-tasket.wav,10.41800453514739,0.4621181533240926,1,4.990431599988369,0.4770082997098524,mr clean,5.804545199993299,121    3   90    9,4,33.6668720000016,1,1.156655789861044,sub-25,,,4.990431599988369,26,M,R
1,98,sesame street.wav,9.885986394557824,0.4344120320220181,0,,0.4831176700206176, ,10.52184369997121,60   93   98   21,3,15.64010900002904,1,1.117160922150138,sub-26,,,,29,F,R
2,97,rudolph.wav,9.33201814058957,0.4723650344985058,0,,0.4029982472898856,,8.919289799989201,6   97   21   44,2,10.34404740005266,1,1.189162010336242,sub-26,,,,29,F,R
3,59,jimmy crack corn.wav,9.063990929705216,0.4186721270129741,0,,0.4642059173796139,merry christmass,11.34069930005353,59   84  109   99,1,14.46604179998394,1,1.097087380954173,sub-26,,,,29,F,R
4,75,my favorite things.wav,13.92698412698413,0.4426582775746179,1,6.745405600056984,0.4304613272561668,,6.0483927000314,18   93   44   75,4,12.69326410000212,1,1.044607851021207,sub-26,,,6.745405600056984,29,F,R
5,45,great escape.wav,15.75002267573696,0.4745417791318265,0,,0.492055305015148,,1.373268000083044,25   84   47   45,3,10.10416529991198,0,1.152450582019346,sub-26,,,,29,F,R
6,114,the muffin man.wav,9.051020408163266,0.4419280299686467,1,3.357690400094725,0.4499342659287908,,8.512935200007632,9    2   80  114,4,4.11038590001408,1,1.02082677302144,sub-26,,,3.357690400094725,29,F,R
7,101,skip to my lou.wav,8.863990929705215,0.4101213282444124,1,3.311875400017016,0.409277966088185,,7.753000500029884,101  113   69   52,1,12.23853900004178,1,1.15232108722995,sub-26,,,3.311875400017016,29,F,R
8,41,for he's a jolly good fellow.wav,7.117006802721089,0.4548363124381631,1,5.13178189995233,0.4069451178854666,,4.839144199970178,47  102   50   41,4,7.602319999947213,1,1.189341163438376,sub-26,,,5.13178189995233,29,F,R
9,67,love me do.wav,12.46798185941043,0.4189031253624574,0,,0.4745850954832426,,1.554441199987195,78  102   67   29,1,6.060984399984591,0,1.097006356441166,sub-26,,,,29,F,R
10,71,mickey mouse march.wav,4.778004535147392,0.4304521054901821,0,,0.4445913963871069,,1.48518860002514,119   77   50   71,2,4.831700899987482,0,1.045312242565237,sub-26,,,,29,F,R
11,86,peanuts.wav,10.50399092970522,0.451547241001456,0,,0.4970813572051319,,0.8359895000467077,86   25    9   32,3,9.452607100014577,0,1.01681293242456,sub-26,,,,29,F,R
12,15,another one bites the dust.wav,12.46897959183674,0.4425193502932957,0,,0.4843095935342754,,1.975022100028582,15   99   88   90,1,7.586324599920772,1,1.127614805856021,sub-26,,,,29,F,R
13,116,this old man.wav,9.393015873015871,0.4153728177775645,1,4.84259919996839,0.4935580785792197,,6.398604699992575,53   49  114  116,1,16.87691360001918,0,1.044050448568346,sub-26,,,4.84259919996839,29,F,R
14,9,a-tisket a-tasket.wav,10.41800453514739,0.4997575972575097,0,,0.4045583916666649,,1.222690099966712,48   38   41    9,1,9.643786899978297,0,1.018594492672624,sub-26,,,,29,F,R
15,14,angel is my centerfold (Example).wav,8.345986394557823,0.4186675681237896,1,5.924870599992573,0.4291411371439936,muffin man,13.55162780010141,17   76   82   14,4,9.73383260006085,1,1.054393034814844,sub-26,,,5.924870599992573,29,F,R
16,56,iron man.wav,10.60498866213152,0.4917783857401672,0,,0.4597093880888953,,1.973201800021343,56   90  112   51,2,3.78794170008041,0,1.05049966551036,sub-26,,,,29,F,R
17,52,hot cross buns.wav,6.46,0.4530577166178592,0,,0.4574849082717421,,3.233409899985418,108   52   41   61,2,7.686166499974206,1,1.026940984053159,sub-26,,,,29,F,R
18,58,itsy bitsy spider.wav,9.802993197278912,0.4309917709151485,1,5.68721150001511,0.4760309573879142,,2.163983199978247,39   58    7   29,2,10.21280520001892,1,1.052080843909518,sub-26,,,5.68721150001511,29,F,R
19,23,brahms lullaby.wav,12.28399092970522,0.4223848462796292,1,4.704478500061668,0.4283027505132488,,2.555233100079931,88   23   90   52,1,11.05559499992523,0,1.018705670220843,sub-26,,,4.704478500061668,29,F,R
20,22,blowin' in the wind.wav,9.950022675736962,0.4080547089227842,0,,0.4730694172336769,,2.064369299914688,67    5   40   22,3,6.743057999992743,0,1.130443598045463,sub-26,,,,29,F,R
21,95,row your boat.wav,7.035011337868481,0.4137941788616332,1,5.610796599998139,0.4847639294626679,row row your boat,18.65063719998579,95    3   34   74,1,1.783919799956493,1,1.012553727688762,sub-26,,,5.610796599998139,29,F,R
22,17,baby love.wav,7.219002267573696,0.4361730914470688,0,,0.480984328138879,,1.920320899924263,49   33   78   17,2,3.057287400006317,0,1.194628684022038,sub-26,,,,29,F,R
23,87,peter and the wolf.wav,10.82798185941043,0.4597099854024024,0,,0.4115112345715435,,1.45758869999554,30   87    4   36,1,1.302661199937575,0,1.137677429704074,sub-26,,,,29,F,R
24,115,there's a hole in the bucket.wav,7.365986394557823,0.4074795911760989,0,,0.4498664060735578,,1.795920600066893,102  115   25   71,1,7.270242300000973,0,1.196921293174477,sub-26,,,,29,F,R
25,43,get ready.wav,7.080997732426304,0.4658864538611331,0,,0.4928385835120118,,1.51051729999017,120   54   43   62,3,7.091734300018288,1,1.091922222349556,sub-26,,,,29,F,R
26,18,be kind to your web-footed friend.wav,6.993015873015873,0.4690473779210135,0,,0.4816750807112237,,2.742202499997802,118   83   18   92,3,8.770517400000244,1,1.087761607809494,sub-26,,,,29,F,R
27,99,she'll be coming 'round the mountain.wav,8.86,0.4874318524111644,1,3.482306199963205,0.4802495187748799,,10.65194489993155,16   48   99   52,3,12.16773560002912,1,1.153402842606643,sub-26,,,3.482306199963205,29,F,R
28,26,camptown races.wav,8.305986394557824,0.4156593814544556,1,2.680696199997328,0.4915420403522562,doda doda,8.945900099934079,26   74   96  103,2,15.03714639996178,0,1.057320844851047,sub-26,,,2.680696199997328,29,F,R
29,51,home on the range.wav,13.08498866213152,0.4532514583327125,0,,0.4669418400376449,,1.729771200101823,10   51   43  104,1,3.248882399988361,0,1.018239430337735,sub-26,,,,29,F,R
30,6,YMCA.wav,14.33501133786848,0.4269633955169896,0,,0.4233086901218582,,1.667293200036511,22    6   50   62,1,5.479889000067487,0,1.132227943513126,sub-26,,,,29,F,R
31,76,my girl.wav,10.44498866213152,0.4610242979009027,0,,0.4557670693926216,,1.860697499942034,121  112  106   76,2,8.06306630000472,0,1.044331269069704,sub-26,,,,29,F,R
32,93,ring of fire.wav,9.04498866213152,0.4098797651011718,0,,0.457440753693957,,2.456956400070339,48   92   49   93,4,5.984899200033396,1,1.062210512749686,sub-26,,,,29,F,R
33,64,london bridge.wav,6.706984126984127,0.466130888102146,1,2.412571999942884,0.4982638081015297,,15.67817209998611,18   24   64  106,3,3.335021400009282,1,1.173474268228437,sub-26,,,2.412571999942884,29,F,R
34,44,good night ladies.wav,6.378004535147392,0.4836487854316728,1,5.492644600104541,0.4600627172283817,,7.946248100022785,44   75   80   77,4,20.32235139992554,0,1.014183475861093,sub-26,,,5.492644600104541,29,F,R
35,120,yankee doodle.wav,8.572018140589568,0.4540050860615622,1,2.754554099985398,0.486958568682328,,11.13294009992387,62  120   25   86,2,12.16353969997726,1,1.07135355613409,sub-26,,,2.754554099985398,29,F,R
36,32,daisy bell.wav,8.062993197278912,0.497554536102451,1,5.01484940003138,0.431238071660108,,5.065827199956402,32   34   88   76,1,3.036150100058876,1,1.04484092977984,sub-26,,,5.01484940003138,29,F,R
37,107,swing low sweet chariot.wav,9.66,0.426150950273869,0,,0.4943947325583607,,1.414633199921809,87   62   91  107,3,2.396725700004026,0,1.069015778215994,sub-26,,,,29,F,R
38,102,smoke on the water.wav,7.838004535147392,0.4440137315138632,1,7.723692500032485,0.4868867554892573,,2.021737099974416,24   31    4  102,4,7.999392100027762,1,1.184220129220881,sub-26,,,7.723692500032485,29,F,R
39,46,happy birthday.wav,7.078004535147392,0.4936526348922958,1,3.356751899933442,0.4374338740809356,,11.17264730005991,92   46   43   72,2,2.996062200050801,1,1.184585079801916,sub-26,,,3.356751899933442,29,F,R
40,40,eye of the tiger.wav,8.305986394557824,0.4078182184301428,0,,0.4521784697995007,,2.12573450000491,40   60   85  114,3,8.114431599969976,0,1.066767285788188,sub-26,,,,29,F,R
41,47,happy trails.wav,9.331020408163266,0.4595045797314345,0,,0.4188590860839368,,4.109902800060809,47   20   37   44,1,2.491358800092712,1,1.007360404834765,sub-26,,,,29,F,R
42,29,cindy.wav,9.372018140589567,0.4619812127430865,1,7.799657800002024,0.4891658769617754,,2.612034699996002,29   63   82  108,2,14.86947959999088,0,1.194330848130651,sub-26,,,7.799657800002024,29,F,R
43,94,rock-a-bye baby.wav,13.92498866213152,0.4510212625787705,1,3.195449000108056,0.4711669366767862,sleep little baby,16.45830080006272,94  114   87   40,1,5.067677399958484,1,1.020035199823516,sub-26,,,3.195449000108056,29,F,R
44,3,I think we're alone now.wav,6.298004535147392,0.451851050840235,0,,0.4502272655456575,,2.55211499996949,29   60    3   75,1,2.060634099994786,0,1.144972321081478,sub-26,,,,29,F,R
45,13,america the beautiful.wav,9.33201814058957,0.4197049390461123,0,,0.4759715325047821,,2.233584000030532,70   45   13  119,2,4.292299799970351,0,1.154665896335571,sub-26,,,,29,F,R
46,38,eight days a week.wav,12.28399092970522,0.4420463015689572,0,,0.4896434032175814,,0.9612754000118002,82   63  113   38,3,6.129699400044046,0,1.033833395669782,sub-26,,,,29,F,R
47,57,it's a small world.wav,9.291020408163265,0.467641713521773,1,7.058633700013161,0.4948953384187302,,3.407905000029132,46   90   57   58,4,14.61482909996994,0,1.025442935875551,sub-26,,,7.058633700013161,29,F,R
48,110,tequila.wav,9.256009070294784,0.4836275029962215,0,,0.4898042574367433,,2.1655273999786,45   79  110   33,1,2.764843499986455,0,1.141582851447646,sub-26,,,,29,F,R
49,69,mary had a little lamb.wav,9.045986394557824,0.4126810194066168,1,3.099834499997087,0.415254241053345,mary had a little lamb,19.46460549999028,70   69   44   15,2,2.700744200032204,1,1.166037720715537,sub-26,,,3.099834499997087,29,F,R
50,50,hickory dickory dock.wav,7.077006802721089,0.4373328548473919,1,3.495599000016227,0.4646709886053468,hickery dickory duck,16.26907329994719,94   95   50   86,3,2.619920699973591,1,1.034452124774646,sub-26,,,3.495599000016227,29,F,R
51,78,oh susanna.wav,12.05800453514739,0.4420123167850529,1,3.130965400021523,0.4535149253545044,,4.827238900004886,65   15   78   75,1,6.911745099932887,0,1.010455896649097,sub-26,,,3.130965400021523,29,F,R
52,27,can't help falling in love.wav,13.4990022675737,0.4310532358322501,0,,0.4453393703953453,,2.065699099912308,101   96   27   56,2,4.108972799964249,0,1.136045801082014,sub-26,,,,29,F,R
53,105,sugar sugar.wav,7.83501133786848,0.498628462835944,0,,0.422451619239319,,2.026024800026789,105   41   26   69,3,6.992204700014554,0,1.116396560136317,sub-26,,,,29,F,R
54,121,you're a grand old flag.wav,9.33201814058957,0.4335043385654354,0,,0.4995155652840108,,1.319961500004865,81  106  121   69,2,3.782840400002897,0,1.143447720675688,sub-26,,,,29,F,R
55,39,everlasting love.wav,8.305986394557824,0.469108773811169,0,,0.4484016007564998,,0.9032725000288336,6   88   39   93,2,4.191118799964897,0,1.173861411821054,sub-26,,,,29,F,R
56,4,I've been working on the railroad.wav,9.311020408163266,0.4459972251401483,1,4.048422699910589,0.4741295278923577,,9.109620399889536,7   52   12    4,4,12.06907810003031,1,1.016319767910638,sub-26,,,4.048422699910589,29,F,R
57,118,when the saints go marching in.wav,7.611020408163266,0.4715660673087607,0,,0.4206426221868076,,2.672201199922711,118   77   40  114,1,6.333839699975215,1,1.027947420262181,sub-26,,,,29,F,R
58,104,star spangled banner.wav,12.83800453514739,0.4758473633862486,0,,0.406711519233143,,2.614256399916485,109   16  104  107,3,5.742729199933819,1,1.069622212300705,sub-26,,,,29,F,R
59,88,polly wolly doodle.wav,9.334013605442175,0.4961529409066136,1,4.826375099946745,0.4389310049576311,,6.219021899974905,9   90   88   77,3,10.86669189995155,1,1.061280202806459,sub-26,,,4.826375099946745,29,F,R
60,61,let it be.wav,12.88199546485261,0.4914235109716077,0,,0.4821206741903517,,1.812234000070021,61   77  111   46,1,5.391327799996361,1,1.15333207931204,sub-26,,,,29,F,R
61,111,the bare necessities.wav,8.511020408163265,0.4997549959110456,0,,0.4830489568059628,,2.254593699937686,45  111  110   49,2,2.169153199996799,1,1.137613271540633,sub-26,,,,29,F,R
62,74,my country 'tis of thee.wav,14.21201814058957,0.45937529127712,0,,0.4962492045040459,,3.388830100069754,11   39  102   74,2,9.581255999975838,0,1.159790855279851,sub-26,,,,29,F,R
63,91,puff the magic dragon.wav,9.333015873015873,0.4618522366706219,0,,0.4701379368406184,,2.453763999976218,98    4   91  107,3,7.157366799889132,1,1.128221409563626,sub-26,,,,29,F,R
1,120,yankee doodle.wav,8.572018140589568,0.425204862412488,1,6.782248900039122,0.4893270915230926,,7.879049399984069,12   28   42  120,4,6.914513700059615,1,1.184693425831826,sub-27,,,6.782248900039122,18,F,R
2,82,old mcdonald.wav,9.046984126984126,0.4688880533825182,1,3.335523199988529,0.4853285298565858,old mcdonald,15.16797609999776,55   47   83   82,4,2.477513500023633,1,1.15984657289018,sub-27,,,3.335523199988529,18,F,R
3,99,she'll be coming 'round the mountain.wav,8.86,0.4032630183218107,1,6.306086799944751,0.4318910471337187,,4.394133299938403,15   65   88   99,4,7.041800700011663,1,1.139063527765869,sub-27,,,6.306086799944751,18,F,R
4,91,puff the magic dragon.wav,9.333015873015873,0.41078703760355,0,,0.4085467024011276,,1.969928500009701,95   91   56   37,2,7.218307300005108,1,1.171444664619328,sub-27,,,,18,F,R
5,49,"hello mudduh, hello fadduh.wav",10.60199546485261,0.4532293754834628,0,,0.4378088907813265,,2.119730299920775,114   99   12   49,4,4.380803399952129,1,1.174589940515472,sub-27,,,,18,F,R
6,104,star spangled banner.wav,12.83800453514739,0.490414404697271,1,4.204812899930403,0.4536416878808056,"Sang this song in Elementary, by the dawns early night",22.5450770999305,102  104   14   78,2,8.541188700008206,1,1.18157905887822,sub-27,,,4.204812899930403,18,F,R
7,54,if you're happy and you know it.wav,9.09002267573696,0.4531622587103409,1,1.942085499991663,0.4565712893728543,,9.68910620000679,10   54   68   88,2,1.977298800018616,1,1.168626224859798,sub-27,,,1.942085499991663,18,F,R
8,47,happy trails.wav,9.331020408163266,0.4838530011514928,0,,0.4351819892987219,,1.447226600022987,19   47   26   28,2,4.40045099996496,1,1.066531810406937,sub-27,,,,18,F,R
9,88,polly wolly doodle.wav,9.334013605442175,0.4622476520855695,1,4.777149699977599,0.4402005595671727,Heard this when I was younger,10.3825366999954,51   84   83   88,3,5.287357899942435,0,1.04134636214723,sub-27,,,4.777149699977599,18,F,R
10,116,this old man.wav,9.393015873015871,0.4891443349391835,1,6.228671299992129,0.4739878363181144,,9.508137099910527,78   51  116  119,1,7.164664100040682,0,1.084102355188143,sub-27,,,6.228671299992129,18,F,R
11,12,amazing grace.wav,8.674013605442177,0.441635533705463,1,5.47726870002225,0.4094012954238179,Again sang this in Elementary,11.56346390000544,12    5   62   71,1,3.507334199966863,1,1.054054774986505,sub-27,,,5.47726870002225,18,F,R
12,110,tequila.wav,9.256009070294784,0.4864109952566111,1,4.568508900003508,0.466206804335198,From a movie I think,6.904600599897094,110  100    3   73,4,4.687545199994929,0,1.194747704152562,sub-27,,,4.568508900003508,18,F,R
13,50,hickory dickory dock.wav,7.077006802721089,0.4137249577428898,0,,0.4487601028297407,,1.245664600050077,22   89   83   50,2,2.143561600008979,0,1.070741748817344,sub-27,,,,18,F,R
14,73,my bonnie lies over the ocean.wav,6.788979591836735,0.4096035684888146,0,,0.4332126313505271,Familiar sorta,11.87413889996242,114   28   73   50,3,7.600585900014266,1,1.16685131497127,sub-27,,,,18,F,R
15,10,all my loving.wav,11.52498866213152,0.4993410117571738,0,,0.4076743009978664,,0.9428455999586732,10   55  105   78,2,5.786178800044581,0,1.189975270395661,sub-27,,,,18,F,R
16,70,michael row the boat ashore.wav,9.372018140589567,0.4802186496744167,0,,0.4351488164875847,,5.481879299972206,96   70   76  107,2,2.858215700020082,1,1.100882064343927,sub-27,,,,18,F,R
17,118,when the saints go marching in.wav,7.611020408163266,0.4325079345046344,0,,0.4462261930141163,,1.391384599963203,76  118  104  116,2,2.297725899959914,1,1.081465887859824,sub-27,,,,18,F,R
18,74,my country 'tis of thee.wav,14.21201814058957,0.4332965098471862,0,,0.4395312907963578,,1.336166599998251,74   22   95   69,1,3.664558500051498,1,1.114095769194724,sub-27,,,,18,F,R
19,83,on top of old smokey.wav,12.79700680272109,0.4876985071179182,1,8.21612500003539,0.4536990272833704,Cant remember where I heard it,8.447150700027123,111   60   83   14,3,7.506064899964258,1,1.038400783214289,sub-27,,,8.21612500003539,18,F,R
20,85,over the river and through the woods.wav,13.91301587301587,0.4631445954993256,1,6.613188900053501,0.4510832114788722,"Played this on piano once, Cant remember specifics",17.15996890002862,62   85   86  112,2,4.892904199892655,1,1.130340372510592,sub-27,,,6.613188900053501,18,F,R
21,41,for he's a jolly good fellow.wav,7.117006802721089,0.4297490541249934,1,3.341136300005019,0.4468367210504922,"Also sang in Elementary, cant remember lyrics",17.64595999999437,117   20   64   41,4,4.727981299976818,1,1.089801614804717,sub-27,,,3.341136300005019,18,F,R
22,94,rock-a-bye baby.wav,13.92498866213152,0.4374142257873768,1,3.484836500021629,0.4841817415095893,Lullaby,3.335812200093642,94   90   76   64,1,2.105442500091158,1,1.037289926340645,sub-27,,,3.484836500021629,18,F,R
23,51,home on the range.wav,13.08498866213152,0.4258327376603928,0,,0.4528490323361489,,1.072523399954662,51   96   98   45,2,5.009281100006774,0,1.15540441216635,sub-27,,,,18,F,R
24,76,my girl.wav,10.44498866213152,0.4843124971239194,1,6.159833600046113,0.4668152342723345,Froma movie maybe,5.263135800021701,58  111   76   27,3,11.23403609998059,1,1.014641071892277,sub-27,,,6.159833600046113,18,F,R
25,111,the bare necessities.wav,8.511020408163265,0.4392053175170704,1,4.174253300065175,0.4073389405495336,Bare necessities,5.834206900093704,111  120   88   89,1,1.359619299997576,1,1.18933377881527,sub-27,,,4.174253300065175,18,F,R
26,13,america the beautiful.wav,9.33201814058957,0.4092618857295424,1,8.53817179996986,0.4265071887886141,Cant remember maybe played on piano,8.25309449993074,13   76   99   58,3,3.553794499952346,0,1.070601429175836,sub-27,,,8.53817179996986,18,F,R
27,27,can't help falling in love.wav,13.4990022675737,0.4065780311285723,1,9.301309799891897,0.4467345987021906,"I cant help, falling in love with you",9.598731999984013,16   64   27   36,3,1.894720100099221,1,1.187820282435265,sub-27,,,9.301309799891897,18,F,R
28,34,do wah ditty.wav,7.758004535147392,0.4547255229186091,0,,0.4278314949714145,,1.259637799928896,81   89   34   45,1,6.010429800022393,0,1.068091745005431,sub-27,,,,18,F,R
29,35,do your ears hang low.wav,9.661995464852607,0.4666612112420013,1,3.494220599997789,0.4588053090698238,Played this in Elementary most likely,17.88862250000238,6   35   77   37,2,8.198405999923125,1,1.028718471649596,sub-27,,,3.494220599997789,18,F,R
30,59,jimmy crack corn.wav,9.063990929705216,0.4598799964229745,0,,0.4038179553094341,,3.845780499977991,29   59  114    2,3,5.139462599996477,0,1.064004067805817,sub-27,,,,18,F,R
31,45,great escape.wav,15.75002267573696,0.4786108541657327,1,13.86329780006781,0.4010317091996792,not sure,3.713585600024089,45   72   63  110,3,4.267710799933411,0,1.119320625464622,sub-27,,,13.86329780006781,18,F,R
32,25,bye baby bunting.wav,6.319002267573696,0.4269840540638706,0,,0.4090925146098806,,0.7823537000222132,27   44   66   25,4,4.325857499963604,1,1.093002408307969,sub-27,,,,18,F,R
33,89,pop goes the weasel.wav,7.075011337868481,0.415880675202639,1,2.838833300047554,0.483251302813332,pop goes the weasel,6.875951000023633,64   95   89    7,3,1.378728099982254,1,1.129037341121148,sub-27,,,2.838833300047554,18,F,R
34,5,James Bond.wav,10.52199546485261,0.4734520664798599,0,,0.4940658620372224,,0.6269982000812888,2   35   26    5,3,5.014367099967785,0,1.104884657798564,sub-27,,,,18,F,R
35,37,down in my heart.wav,8.388979591836735,0.4533813831761589,0,,0.4628940413349354,Familiar but I dont know from where,13.59360849997029,44   48   37  111,2,4.343007399933413,0,1.130260113684311,sub-27,,,,18,F,R
36,21,blow the man down.wav,8.491020408163266,0.4190978182693716,0,,0.4951524849368159,,0.9897078999783844,86   21  101  100,2,9.077513299998827,1,1.150864738097827,sub-27,,,,18,F,R
37,81,old king cole.wav,9.353015873015874,0.4350354593227354,0,,0.4741507421096319,,1.564568899921142,116   71    1   81,4,5.429669499979354,1,1.084201251362484,sub-27,,,,18,F,R
38,57,it's a small world.wav,9.291020408163265,0.453706733724087,1,6.764013600070029,0.4574050515061759,Heard this when I was little somewhere,17.99976790009532,57   92  106   14,4,5.120334099978209,0,1.063901383907247,sub-27,,,6.764013600070029,18,F,R
39,46,happy birthday.wav,7.078004535147392,0.4649881797752744,1,2.06822610006202,0.460785168802103,Happy birthday,6.283942300011404,46   78   91   51,1,1.254326599999331,1,1.026167515674306,sub-27,,,2.06822610006202,18,F,R
40,103,smooth criminal.wav,8.348979591836734,0.4111482655038706,1,4.079851199989207,0.455030887845812,Micheal jackson Smooth Criminal,14.02675030007958,103   28   76   15,1,1.217778900056146,1,1.094959955310875,sub-27,,,4.079851199989207,18,F,R
41,117,three blind mice.wav,13.92798185941043,0.4083135739355689,1,2.591597100021318,0.4675861303053949,Hot crossed buns,4.106121000018902,86   21  112  117,3,6.938113700016402,0,1.158994122298835,sub-27,,,2.591597100021318,18,F,R
42,15,another one bites the dust.wav,12.46897959183674,0.4314174150775998,1,7.572274100035429,0.4863125152105566,Another one bites the dust?,8.53484449989628,22   82   15  120,3,2.757692400016822,1,1.197106156635603,sub-27,,,7.572274100035429,18,F,R
43,72,muppet show.wav,8.53201814058957,0.4873611134799865,0,,0.4044775960319305,,0.7661785000236705,10   72   98  112,4,4.418069200008176,0,1.160431790132556,sub-27,,,,18,F,R
44,67,love me do.wav,12.46798185941043,0.4870832129833903,1,7.222671599942259,0.4219427899930949,Maybe from a movie very familiar,7.298670700052753,22   67   17  108,4,6.241122099920176,0,1.000247873146437,sub-27,,,7.222671599942259,18,F,R
45,55,in a gadda da vida.wav,8.306984126984126,0.4212500762607281,1,7.948689899989404,0.4610546745576544,Sounds like ive heard it in a spy movie,8.118507299921475,55   98   64   99,1,4.9248924999265,1,1.129186042984453,sub-27,,,7.948689899989404,18,F,R
46,86,peanuts.wav,10.50399092970522,0.4756894421175822,0,,0.4507113290944275,,0.8348603999475017,96   40  118   86,3,3.2706020999467,0,1.16313076328191,sub-27,,,,18,F,R
47,36,do-re-mi.wav,12.94399092970522,0.4652721973697447,1,5.654543000040576,0.4598287392117634,I played this on piano before,8.846377699985169,36   30   23   37,3,4.904116299934685,0,1.09579018048325,sub-27,,,5.654543000040576,18,F,R
48,16,are you sleeping brother john.wav,9.376009070294783,0.4135912957111709,1,4.348383200005628,0.4399073209055863,I played this on piano,7.382751099998131,87   47   16   94,2,4.332524099969305,0,1.078584374235802,sub-27,,,4.348383200005628,18,F,R
49,119,wouldn't it be nice.wav,8.018004535147393,0.4112536874824496,1,7.892285399953835,0.4392308356548189,From a movie I think,8.064194399979897,78   85   66  119,4,4.271713599911891,1,1.130316932495226,sub-27,,,7.892285399953835,18,F,R
50,23,brahms lullaby.wav,12.28399092970522,0.4631997111426577,1,2.929185800021514,0.4841377408678315,Lullaby ,2.433049599989317,23   96   13   90,1,4.158560600015335,1,1.005406361171485,sub-27,,,2.929185800021514,18,F,R
51,28,chicken dance.wav,5.946984126984127,0.4366592455022926,1,2.823086900054477,0.4346885833850879,Chicken dance,4.082496300106868,33  120   28   27,2,1.609456899925135,0,1.061647238370936,sub-27,,,2.823086900054477,18,F,R
52,114,the muffin man.wav,9.051020408163266,0.4793038437929827,1,4.396789800026454,0.4752985683227474,Muffin man,2.396418099990115,36   40  114   95,3,1.628776900004596,1,1.16790732836608,sub-27,,,4.396789800026454,18,F,R
53,22,blowin' in the wind.wav,9.950022675736962,0.4021783829366484,0,,0.4915386487088056,,0.8942001999821514,53  112    4   22,2,1.821935100015253,0,1.183019253644058,sub-27,,,,18,F,R
54,121,you're a grand old flag.wav,9.33201814058957,0.4781457335167383,0,,0.4792198088530294,,1.142496500047855,121    6   57   85,1,3.967883599922061,1,1.026920687654369,sub-27,,,,18,F,R
55,112,the brady bunch.wav,9.331020408163266,0.4991922698935115,0,,0.4665601289681439,,1.282115500071086,103  113  102  112,3,2.348097800044343,0,1.163200916262389,sub-27,,,,18,F,R
56,79,oh where has my little dog gone.wav,8.02,0.4663515571083458,0,,0.4088350903965166,,1.060222100000829,103   92   79   80,4,4.290357499965467,0,1.136674544746284,sub-27,,,,18,F,R
57,78,oh susanna.wav,12.05800453514739,0.4678605712425843,1,3.121969599975273,0.4369038979853131,Elementary school song,5.208718799985945,121  114   78   32,1,2.974241000018083,0,1.019548270650931,sub-27,,,3.121969599975273,18,F,R
58,63,little jack horner.wav,6.793015873015873,0.4072965738222654,0,,0.4267374489235136,,0.8910730000352487,31   54  109   63,3,4.139591500046663,0,1.141509505176022,sub-27,,,,18,F,R
59,92,ring around the rosie.wav,7.034013605442177,0.4321400846401316,1,3.962095500086434,0.4570991879530347,"Ring around the posie, used to play this game",15.323476199992,14   83  116   92,4,2.269379000063054,1,1.164548716094629,sub-27,,,3.962095500086434,18,F,R
60,93,ring of fire.wav,9.04498866213152,0.4849343610803734,1,6.767691799905151,0.4482272913909253,From a movie?,4.048611400066875,76   93  116  121,2,7.624215599964373,1,1.049249985211142,sub-27,,,6.767691799905151,18,F,R
61,38,eight days a week.wav,12.28399092970522,0.4573318834875258,0,,0.4996829775235513,,1.128861000062898,62    3   38   18,3,5.348183499998413,1,1.052456683713407,sub-27,,,,18,F,R
62,6,YMCA.wav,14.33501133786848,0.4899064137487327,1,5.980074899969622,0.4974597569548014,YMCA,3.633969699963927,34    2   81    6,4,1.543692999985069,1,1.083039228787812,sub-27,,,5.980074899969622,18,F,R
63,71,mickey mouse march.wav,4.778004535147392,0.4456190788193154,0,,0.4167971410774722,,0.961019599926658,7   36   20   71,4,4.321088800090365,1,1.083380777051414,sub-27,,,,18,F,R
64,106,super mario world.wav,12.28598639455782,0.4281156606812406,0,,0.4720011244820687,,0.6376546999672428,114   26  116  106,2,3.429893499938771,0,1.052955372165115,sub-27,,,,18,F,R
65,3,I think we're alone now.wav,6.298004535147392,0.4785696695707816,0,,0.4265022085200146,,5.484320899937302,113    3   10  102,2,3.227599699981511,1,1.164145240860909,sub-27,,,,18,F,R
66,105,sugar sugar.wav,7.83501133786848,0.483297390584034,1,5.318974299938418,0.4527868146917234,"Bee movie, sugar oh honey honey",14.41518090001773,105   85   14   71,1,2.386336900060996,1,1.118010486694965,sub-27,,,5.318974299938418,18,F,R
67,42,froggy went a-courtin'.wav,12.20498866213152,0.4602897425655322,0,,0.4448806568423821,,0.6047817999497056,101   72   60   42,3,1.880050700041465,0,1.049128551348115,sub-27,,,,18,F,R
68,8,a whole new world.wav,12.98798185941043,0.4317255982103246,1,3.901139400084503,0.4420874463759363,A whole new world Aladdin,14.5034108000109,110   58   36    8,4,1.861447499948554,1,1.104801419947813,sub-27,,,3.901139400084503,18,F,R
69,14,angel is my centerfold (Example).wav,8.345986394557823,0.468652958396849,1,4.176713899942115,0.4745030990863048,The muffin man or something?,7.934352500014938,14   60  119   54,2,6.834334600018337,0,1.155189559197172,sub-27,,,4.176713899942115,18,F,R
1,4,I've been working on the railroad.wav,9.311020408163266,0.4866034191647662,1,4.08508730000176,0.4462714972267061,nursery rhyme,5.166544799998519,9   13   78    4,4,5.8111620000127,1,1.107226392366301,sub-28,,,4.08508730000176,20,F,R
2,83,on top of old smokey.wav,12.79700680272109,0.4589438777322457,1,8.188297300002887,0.4320075806549271,nursery rhyme,5.43691960000433,82   47   75   83,2,5.438328299991554,0,1.195013137195011,sub-28,,,8.188297300002887,20,F,R
3,92,ring around the rosie.wav,7.034013605442177,0.4458517755421636,1,4.370285500001046,0.4264066068365193,nursery rhyme,8.737337700003991,51   63   92   29,3,2.704250800001319,1,1.065234929249406,sub-28,,,4.370285500001046,20,F,R
4,117,three blind mice.wav,13.92798185941043,0.4095511303354756,1,4.568114199995762,0.4704725970960106,hot cross buns,4.824865699993097,30  117   58  111,2,7.277202800003579,1,1.151429979735666,sub-28,,,4.568114199995762,20,F,R
5,3,I think we're alone now.wav,6.298004535147392,0.4597478270352187,0,,0.4826933241894805,,2.495336700012558,28    3  105   57,2,2.619706400000723,1,1.195716948803139,sub-28,,,,20,F,R
6,37,down in my heart.wav,8.388979591836735,0.4157785274534816,1,6.542238900001394,0.4001724614635089,,6.623285099994973,113   27   44   37,4,4.412513600007514,1,1.059506758268297,sub-28,,,6.542238900001394,20,F,R
7,25,bye baby bunting.wav,6.319002267573696,0.4196095903869178,1,4.872443700005533,0.464735705569893,nursery rhyme,3.986672999992152,1  113   89   25,3,3.731650800007628,0,1.086764645580948,sub-28,,,4.872443700005533,20,F,R
8,108,take me out to the ballgame.wav,6.194013605442177,0.4639652852427097,1,4.056928499994683,0.4407767869994425,rainbow,5.254291400007787,40   47  108   73,3,3.138715900000534,1,1.033321185553206,sub-28,,,4.056928499994683,20,F,R
9,114,the muffin man.wav,9.051020408163266,0.4148234123412586,1,3.966620399995008,0.440836485973046,,2.061496800000896,114  106   42   61,1,6.193016799996258,1,1.035191640841862,sub-28,,,3.966620399995008,20,F,R
10,93,ring of fire.wav,9.04498866213152,0.4562160652233367,1,6.254337299993495,0.4956432838563195,video game,4.854632100003073,99   52   93  102,4,10.13443679999909,0,1.197334396502654,sub-28,,,6.254337299993495,20,F,R
11,5,James Bond.wav,10.52199546485261,0.4765486693780056,0,,0.4053804388040878,,1.470422799990047,44   13   71    5,3,5.757889700005762,0,1.135345120060581,sub-28,,,,20,F,R
12,19,billie jean.wav,8.305986394557824,0.4838000826063536,0,,0.4426000965533752,,1.742772799989325,75   80   19   43,2,5.376284600002691,0,1.189627994914294,sub-28,,,,20,F,R
13,9,a-tisket a-tasket.wav,10.41800453514739,0.401035088406382,1,4.867050799992285,0.4681486594412073,nursey rhyme,6.916981200003647,9   98   10   94,1,3.521378699995694,1,1.194099051014627,sub-28,,,4.867050799992285,20,F,R
14,2,I think I love you.wav,9.272018140589568,0.4479131944216332,0,,0.4691053145035745,,1.384189999997034,18   48   85    2,3,5.112648599999375,0,1.0104056217851,sub-28,,,,20,F,R
15,28,chicken dance.wav,5.946984126984127,0.4147436109466413,1,3.249014100001659,0.4779781360364744,nursey rhyme,4.200470900002983,3   28  101    1,2,3.956948200007901,1,1.062421433917348,sub-28,,,3.249014100001659,20,F,R
16,52,hot cross buns.wav,6.46,0.4587281761765457,1,4.850669999999809,0.4638965411722762,hot cross buns,4.012635999999475,52   81   83   78,1,1.516470999995363,1,1.192547734381302,sub-28,,,4.850669999999809,20,F,R
17,8,a whole new world.wav,12.98798185941043,0.4917845203194033,1,4.534651600013603,0.4311379176151304,aladdin - a whole new world,8.96050830000604,9    8  101   79,2,2.081865300002391,1,1.131572929657518,sub-28,,,4.534651600013603,20,F,R
18,27,can't help falling in love.wav,13.4990022675737,0.4720837609345964,0,,0.4107847125354553,,1.560131600010209,27   54  111   20,1,6.01674949999142,1,1.122818095797037,sub-28,,,,20,F,R
19,33,do as I'm doing.wav,11.67102040816327,0.4255574248143453,0,,0.4917815595475684,,1.399874400012777,97   67   33   17,3,3.603795599992736,1,1.097551637938551,sub-28,,,,20,F,R
20,120,yankee doodle.wav,8.572018140589568,0.4741579234065211,1,3.767316199999186,0.465315879895641,yankee doodle,8.067018700006884,9  118   58  120,4,2.037181199993938,1,1.132400929489801,sub-28,,,3.767316199999186,20,F,R
21,104,star spangled banner.wav,12.83800453514739,0.4335352764622979,1,2.773742300007143,0.4784831814198144,star spangled banner,5.669434499999625,104  117   55   64,1,2.23987269999634,1,1.054163072932494,sub-28,,,2.773742300007143,20,F,R
22,40,eye of the tiger.wav,8.305986394557824,0.4083621033755898,1,4.534710299994913,0.4282462046759496,eye of the tiger,4.899883499994758,53   40   46   73,2,2.042473499997868,1,1.143077491268374,sub-28,,,4.534710299994913,20,F,R
23,13,america the beautiful.wav,9.33201814058957,0.4735587801187683,0,,0.4461198766646453,,1.594013699999778,13   19   49   87,1,3.423333600003389,1,1.063044555378056,sub-28,,,,20,F,R
24,81,old king cole.wav,9.353015873015874,0.4669377306482633,0,,0.4564719822699481,,1.918840500002261,99   81   11   44,4,7.104559499988682,0,1.067853537223124,sub-28,,,,20,F,R
25,80,old gray mare.wav,9.33201814058957,0.4273214039204497,1,7.318414399996982,0.4416936130683989,,1.82252650000737,83   11   80   59,1,6.866535399996792,0,1.15417694036951,sub-28,,,7.318414399996982,20,F,R
26,51,home on the range.wav,13.08498866213152,0.4517321249022907,0,,0.4689786976873966,,1.988885600003414,95   51   68   59,4,5.078720899997279,0,1.154825749784113,sub-28,,,,20,F,R
27,12,amazing grace.wav,8.674013605442177,0.484457431587476,1,4.481420799987973,0.4735828754772757,Amazing Grace,5.783295500004897,27   83   12  103,3,1.540728699997999,1,1.021847225704589,sub-28,,,4.481420799987973,20,F,R
28,32,daisy bell.wav,8.062993197278912,0.4967960176644165,1,5.776370499996119,0.4105927940111129,,1.901302400001441,9   32  113   69,3,5.816189899996971,0,1.059122753876073,sub-28,,,5.776370499996119,20,F,R
29,46,happy birthday.wav,7.078004535147392,0.4989212222263519,1,3.076456000009784,0.4349764078198322,Happy Birthday,5.705627100003767,7   46   95  109,2,1.403474299993832,1,1.169745878560089,sub-28,,,3.076456000009784,20,F,R
30,29,cindy.wav,9.372018140589567,0.4044939533953343,0,,0.4629214992841792,,1.479638700009673,26   29   22  116,3,7.4016002999997,0,1.086947968749333,sub-28,,,,20,F,R
31,18,be kind to your web-footed friend.wav,6.993015873015873,0.4082175081706041,1,6.328506499994546,0.4628964834299447,nursery rhyme,6.405350100001669,18   14   11   89,1,9.18887790000008,1,1.012343084445197,sub-28,,,6.328506499994546,20,F,R
32,97,rudolph.wav,9.33201814058957,0.4580310772316664,1,1.931755700003123,0.4625733214688011,Rudolph the Red-nosed reindeer,9.300643700000364,109  104   97   74,3,2.667398299992783,1,1.06853191882859,sub-28,,,1.931755700003123,20,F,R
33,65,louie louie.wav,8.860997732426304,0.4511826579291077,0,,0.4189185572623719,,1.479500700006611,65    8  102   21,4,5.116947099988465,0,1.093711655680275,sub-28,,,,20,F,R
34,110,tequila.wav,9.256009070294784,0.4840414823519589,0,,0.4371306573893864,,1.555008199997246,45  115  110   48,1,4.504883300003712,0,1.167614252528002,sub-28,,,,20,F,R
35,17,baby love.wav,7.219002267573696,0.426863629656708,0,,0.4566189712205828,,1.514207900007023,17   81   80  119,3,3.660985199996503,0,1.169006517169096,sub-28,,,,20,F,R
36,1,I feel fine.wav,10.69002267573696,0.4281268909822791,0,,0.4293298426756376,,1.379732100002002,98   48  119    1,4,4.719393899998977,1,1.07441929843975,sub-28,,,,20,F,R
37,85,over the river and through the woods.wav,13.91301587301587,0.4970400529486166,1,12.71131280000554,0.4449214442381608,,1.955752000008943,43   82   64   85,4,3.775919599996996,1,1.021544757011037,sub-28,,,12.71131280000554,20,F,R
38,86,peanuts.wav,10.50399092970522,0.4974234297016924,1,3.851248899998609,0.4709689145196236,Charlie Brown,7.949246499993023,27  106   86   93,3,3.597872699989239,1,1.095290398613984,sub-28,,,3.851248899998609,20,F,R
39,7,a spoonful of sugar.wav,8.531020408163265,0.4532658411492969,1,7.077194900004542,0.4715362825889834,nursery rhyme,4.414929100006702,8    6   77    7,4,6.870200199991814,1,1.147111886222858,sub-28,,,7.077194900004542,20,F,R
40,115,there's a hole in the bucket.wav,7.365986394557823,0.4594417645670076,0,,0.4866314838227158,,1.275777999995626,115  105   41   86,1,3.176413900000625,1,1.190404244622566,sub-28,,,,20,F,R
41,72,muppet show.wav,8.53201814058957,0.4203428042367199,0,,0.4918680122116096,,1.42656100000022,72   76  101   41,1,3.632488100003684,1,1.13717218298512,sub-28,,,,20,F,R
42,43,get ready.wav,7.080997732426304,0.4109053700745741,0,,0.4064220104540484,,1.498297099999036,14   72   43   53,3,3.861411399993813,1,1.022227053515681,sub-28,,,,20,F,R
43,56,iron man.wav,10.60498866213152,0.4889058951352509,0,,0.4618857701898047,,1.459989399998449,33   68  108   56,1,3.842652799998177,0,1.049627776745208,sub-28,,,,20,F,R
44,95,row your boat.wav,7.035011337868481,0.4404868523458784,1,4.251835999995819,0.4346660145384281,"row, row row your boat",9.912095099993168,34   78   26   95,4,3.044881599998916,1,1.143354128284014,sub-28,,,4.251835999995819,20,F,R
45,49,"hello mudduh, hello fadduh.wav",10.60199546485261,0.4301327146054514,0,,0.4994973744095177,,1.678536099992925,43  106   49    9,1,5.590353900013724,0,1.127137222844535,sub-28,,,,20,F,R
46,77,ob la di ob la da.wav,14.81401360544218,0.4410366190615257,0,,0.4939623402029698,,1.336948199998005,29   20   77   57,3,3.904928899995866,1,1.105109389376218,sub-28,,,,20,F,R
47,60,john jacob jingleheimerschmidt.wav,9.928979591836734,0.4854013377707443,0,,0.4751155761043243,,1.677504299994325,98    9   60   52,3,4.589949999994133,1,1.091075042158265,sub-28,,,,20,F,R
48,36,do-re-mi.wav,12.94399092970522,0.4963904376048862,1,3.220618899998954,0.431861227402131,Do-re-mi,12.31767299999774,33   85   36   90,3,1.584879100002581,1,1.177923300664918,sub-28,,,3.220618899998954,20,F,R
49,44,good night ladies.wav,6.378004535147392,0.4412108382021025,1,4.441188100012369,0.4185692799304528,races,8.027766400002292,105   59   24   44,4,2.400078799997573,1,1.026906662253261,sub-28,,,4.441188100012369,20,F,R
50,11,alouette.wav,5.946984126984127,0.4815828252181947,1,5.373660299999756,0.441549658377677,nursery rhyme,6.827068099999451,101   88   22   11,4,3.076798299996881,1,1.024519782219012,sub-28,,,5.373660299999756,20,F,R
51,74,my country 'tis of thee.wav,14.21201814058957,0.4493741840769144,0,,0.4541891275495374,,2.080911600001855,74   38   49   79,2,5.523078099999111,0,1.02346587227766,sub-28,,,,20,F,R
52,58,itsy bitsy spider.wav,9.802993197278912,0.4198522613075523,1,5.364866699994309,0.4096766150952215,itsy-bitsy spider,7.995015099993907,58  109   15   61,1,1.496494300008635,1,1.046965729216329,sub-28,,,5.364866699994309,20,F,R
53,109,teddy bear picnic.wav,8.161995464852607,0.4210104951699443,1,7.100447999997414,0.4194594061520392,nursery rhyme,4.384456100000534,109  116   64   88,4,11.21055760000309,0,1.06226433970612,sub-28,,,7.100447999997414,20,F,R
54,69,mary had a little lamb.wav,9.045986394557824,0.4610442786005718,1,5.32955559999391,0.4424854851833605,nursery rhyme,6.372998500009999,69   68  105   36,1,1.854692199995043,1,1.170006054738911,sub-28,,,5.32955559999391,20,F,R
55,15,another one bites the dust.wav,12.46897959183674,0.4905167500431712,1,5.660297200010973,0.4005609488763746,another one bites the dust,7.303505499992752,100   52   15   65,3,1.405930900000385,1,1.007622514751552,sub-28,,,5.660297200010973,20,F,R
56,100,shoo fly.wav,9.372018140589567,0.4152948747965883,1,5.028225399990333,0.4357604537602448,i belong to somebody,9.197731099993687,100   37   79   67,1,3.564980299997842,1,1.040694848439275,sub-28,,,5.028225399990333,20,F,R
57,24,buffalo gals.wav,9.331020408163266,0.4277007209676573,1,6.791146200004732,0.4312357193560832,,1.759326200000942,24   92   50   35,4,7.973196599996299,0,1.137565075765299,sub-28,,,6.791146200004732,20,F,R
58,57,it's a small world.wav,9.291020408163265,0.4863259408501321,0,,0.418287145921349,,1.567018300003838,57   49   25   69,3,5.463039299997035,0,1.193759299413,sub-28,,,,20,F,R
59,21,blow the man down.wav,8.491020408163266,0.4260084661481214,0,,0.4183531180232276,,1.110153600006015,21   51  104   20,1,4.45725149998907,1,1.070121451304435,sub-28,,,,20,F,R
60,111,the bare necessities.wav,8.511020408163265,0.4498652441118124,0,,0.4444282527504155,,1.081215400001383,86  111   20   32,2,3.702030800006469,1,1.079875456014844,sub-28,,,,20,F,R
61,102,smoke on the water.wav,7.838004535147392,0.4315141029598015,1,5.512879300003988,0.404697515995263,radio,4.455473099995288,102   63   41   95,1,4.037870000000112,1,1.180862633259269,sub-28,,,5.512879300003988,20,F,R
62,99,she'll be coming 'round the mountain.wav,8.86,0.4734555843973396,1,7.757605499995407,0.4597047597100643,nursery rhyme,7.672805499998503,68   75   99    1,3,2.668395000000601,1,1.027816138068973,sub-28,,,7.757605499995407,20,F,R
63,113,the farmer in the dell.wav,6.994013605442177,0.4594737888830828,1,5.721952299994882,0.4409486138740047,nursery rhyme,4.065139099999215,86  113   42   25,2,6.59494700000505,1,1.079615313714258,sub-28,,,5.721952299994882,20,F,R
64,42,froggy went a-courtin'.wav,12.20498866213152,0.424169355720893,1,7.160681499997736,0.454377407064413,nursery rhyme,3.5966630000039,92  108   42   55,3,5.177815000002738,1,1.013630821273882,sub-28,,,7.160681499997736,20,F,R
65,89,pop goes the weasel.wav,7.075011337868481,0.4169441100338574,1,4.836003200005507,0.4270490067781651,pop goes the weasel,4.340504000007058,99   47   89   12,3,1.562765800001216,1,1.17560560440929,sub-28,,,4.836003200005507,20,F,R
66,88,polly wolly doodle.wav,9.334013605442175,0.4397572354371123,1,5.748390800014022,0.4310513149065835,nursery rhyme,3.146440000011353,101   88   60   45,2,5.99967820000893,1,1.17177332779006,sub-28,,,5.748390800014022,20,F,R
67,31,copacabana.wav,9.372018140589567,0.416246978390117,1,6.305431300002965,0.4783308452798821,radio/video game,5.610712599998806,48   19   31   18,3,3.922903500002576,1,1.07339254202745,sub-28,,,6.305431300002965,20,F,R
68,64,london bridge.wav,6.706984126984127,0.4487360105256392,1,5.007415300002322,0.4440612997957347,my dear lady,3.037910099999863,117   84   64   38,3,4.943319699988933,1,1.092890422929887,sub-28,,,5.007415300002322,20,F,R
69,6,YMCA.wav,14.33501133786848,0.4168096414937603,0,,0.4493576156122159,,1.820174899999984,76   34    6   93,3,5.76048979999905,1,1.011019307993361,sub-28,,,,20,F,R
70,67,love me do.wav,12.46798185941043,0.4453547855648346,0,,0.4436636457226685,,1.277513299995917,29   67   36   15,2,4.01876330000232,1,1.148866875470225,sub-28,,,,20,F,R
71,70,michael row the boat ashore.wav,9.372018140589567,0.4291913745987294,1,8.44497220001358,0.4812142666436436,michael row the boat ashore,8.913298800005578,105   21  113   70,4,1.733267300005537,1,1.03569287592455,sub-28,,,8.44497220001358,20,F,R
72,76,my girl.wav,10.44498866213152,0.4075719321291851,1,3.785495100004482,0.4332715320735092,I've got sunshine on a cloudy day,10.6380887000123,35   38   95   76,4,3.404227600010927,1,1.105042509507638,sub-28,,,3.785495100004482,20,F,R
73,48,heigh-ho.wav,10.50299319727891,0.466279031086606,1,7.665509400001611,0.4764680693166767,nursery rhyme,5.090606700003264,48   30  107   38,1,3.189236799997161,1,1.099153530369247,sub-28,,,7.665509400001611,20,F,R
74,84,over the rainbow.wav,17.06698412698413,0.4768980919842049,1,3.643158599996241,0.4769247417094165,over the rainbow,4.921733299997868,84   56  113    1,1,1.083502000008593,1,1.120206413043064,sub-28,,,3.643158599996241,20,F,R
75,22,blowin' in the wind.wav,9.950022675736962,0.4226112775241423,1,7.251404099995852,0.4885059316723814,radio,2.670719899993856,50   14   12   22,4,6.427852300010272,1,1.047176482265489,sub-28,,,7.251404099995852,20,F,R
76,59,jimmy crack corn.wav,9.063990929705216,0.4206437918941462,1,5.828072899996187,0.440050706461285,nursery rhyme,4.280430399987381,49   59   80   15,3,6.925416099998984,0,1.175734751105426,sub-28,,,5.828072899996187,20,F,R
77,35,do your ears hang low.wav,9.661995464852607,0.4864928899205362,1,4.115333900001133,0.4125813871577804,nursery rhyme,8.516378799991799,35   37  114   54,1,2.147468099996331,1,1.151656678482114,sub-28,,,4.115333900001133,20,F,R
1,61,let it be.wav,12.88199546485261,0.4809383899720212,0,,0.4998358105790379,  ,18.22412859997712,4   61  105  109,1,12.71006420010235,0,1.045183703030031,sub-29,,,,21,F,R
2,11,alouette.wav,5.946984126984127,0.4611095651624772,1,3.352724299998954,0.4969454294458575,french song,13.36903679999523,82   11   66   83,2,3.700871299952269,1,1.047986107061724,sub-29,,,3.352724299998954,21,F,R
3,100,shoo fly.wav,9.372018140589567,0.4982738501008824,1,7.273529199999757,0.4822291634622244, ,5.260870400001295,50   97  100   32,4,8.869648499996401,0,1.125157974735479,sub-29,,,7.273529199999757,21,F,R
4,101,skip to my lou.wav,8.863990929705215,0.4685646744561833,1,8.295213700039312,0.4610824332880149,bingo was his name,9.046062299981712,111   51  101  109,3,9.002391499932855,1,1.093397800446191,sub-29,,,8.295213700039312,21,F,R
5,91,puff the magic dragon.wav,9.333015873015873,0.4148355297523312,1,8.499638500041328,0.4424155020224821, ,4.967415099963546,28   91   95   98,3,11.90427379996981,0,1.073327166074764,sub-29,,,8.499638500041328,21,F,R
6,64,london bridge.wav,6.706984126984127,0.4124360756737909,1,2.861429500044324,0.4426714167930972,nursary rhyme,18.65737099992111,98   64   84   32,2,4.068586700013839,1,1.195615195705745,sub-29,,,2.861429500044324,21,F,R
7,8,a whole new world.wav,12.98798185941043,0.4480550461411136,1,3.497370700002648,0.4194506493095697,indescribable feelings,15.87123479996808,7  109   85    8,4,5.69504300004337,1,1.177771187692385,sub-29,,,3.497370700002648,21,F,R
8,6,YMCA.wav,14.33501133786848,0.4277854959164019,0,,0.4243161986976707,80s song,13.07372190000024,120  116    6   36,3,2.935451400000602,1,1.075204545032985,sub-29,,,,21,F,R
9,19,billie jean.wav,8.305986394557824,0.4169720127658072,0,,0.4806244691933536,,3.994394800043665,55   28   19   59,1,15.06197799998336,0,1.006802495081334,sub-29,,,,21,F,R
10,96,rubber duckie.wav,10.64399092970521,0.4775826515068397,0,,0.4370404492035594, ,4.230255900067277,100   96   73   35,4,7.227989400038496,0,1.110891587345809,sub-29,,,,21,F,R
11,21,blow the man down.wav,8.491020408163266,0.4920052519348393,0,,0.4287737149584162,,3.991514399996959,21   53   76   27,2,7.543207800015807,0,1.104671949524114,sub-29,,,,21,F,R
12,113,the farmer in the dell.wav,6.994013605442177,0.4217672437944294,0,,0.442880269981022, nursary rhyme,17.18790479993913,113  111   58   47,1,6.899581100093201,1,1.19087451545391,sub-29,,,,21,F,R
13,4,I've been working on the railroad.wav,9.311020408163266,0.477643680601686,1,6.438634100020863,0.4363353064790654,,4.927989599993452,4   11   15   20,1,3.33366969996132,1,1.063142930108644,sub-29,,,6.438634100020863,21,F,R
14,77,ob la di ob la da.wav,14.81401360544218,0.4606781296533481,1,8.923171000089496,0.4473309523036136,,5.214532000012696,77   35   91   42,1,6.988228000001982,1,1.186240557211268,sub-29,,,8.923171000089496,21,F,R
15,22,blowin' in the wind.wav,9.950022675736962,0.4718845627162081,0,,0.4511634279340389,,5.737127400003374,45   22   85   11,3,5.381158799980767,0,1.05272353402451,sub-29,,,,21,F,R
16,40,eye of the tiger.wav,8.305986394557824,0.4017885150864845,0,,0.4946824276426707,,3.382893400033936,98   40   34   92,3,5.111624400014989,0,1.199968557267507,sub-29,,,,21,F,R
17,84,over the rainbow.wav,17.06698412698413,0.4493128698516803,1,6.513248100061901,0.4331351062347203,pop song,7.334717600024305,75  102   98   84,4,7.631933699944057,1,1.172048610785456,sub-29,,,6.513248100061901,21,F,R
18,17,baby love.wav,7.219002267573696,0.4151010729153458,0,,0.4613896184535825,,7.041892100009136,13   17  109   40,1,4.016114099998958,0,1.014855920682554,sub-29,,,,21,F,R
19,24,buffalo gals.wav,9.331020408163266,0.4787242227615175,1,7.557442700024694,0.4854924459094495, ,6.162091800011694,60   24   85   96,3,4.447825400042348,0,1.085507042562991,sub-29,,,7.557442700024694,21,F,R
20,117,three blind mice.wav,13.92798185941043,0.488465104830912,1,9.413214700063692,0.4052108082053012, ,7.484333000029437,53   65    8  117,4,4.215588800027035,1,1.158010668528887,sub-29,,,9.413214700063692,21,F,R
21,39,everlasting love.wav,8.305986394557824,0.4652060037142723,0,,0.4491728679672338,,5.041255299933255,106   39  114   30,2,4.746136999921873,1,1.045605792856585,sub-29,,,,21,F,R
22,28,chicken dance.wav,5.946984126984127,0.4920329168956095,1,2.788717499934137,0.4368833507710712,,10.08641600003466,12   28   41  103,2,3.937224399996921,1,1.145438552455414,sub-29,,,2.788717499934137,21,F,R
23,81,old king cole.wav,9.353015873015874,0.4962920137132416,0,,0.4936050600239089,,1.325183199951425,2   62   76   81,3,4.942349700024351,0,1.028600643000022,sub-29,,,,21,F,R
24,54,if you're happy and you know it.wav,9.09002267573696,0.4051760482233361,1,4.198169200099073,0.4155441710505308,happy and you know it,13.59288449992891,54   52   33  121,1,1.712197299930267,1,1.019826381095635,sub-29,,,4.198169200099073,21,F,R
25,7,a spoonful of sugar.wav,8.531020408163265,0.4139553423663024,0,,0.407802765767302, ,2.166870399960317,15    7   71   49,2,5.811757500050589,1,1.060455088633977,sub-29,,,,21,F,R
26,41,for he's a jolly good fellow.wav,7.117006802721089,0.4329099690918111,1,3.217234799987637,0.4918719099159694,jolly good fellow,9.934721900033765,82   41   54   22,2,2.586334199993871,1,1.01077878619135,sub-29,,,3.217234799987637,21,F,R
27,93,ring of fire.wav,9.04498866213152,0.4487080987446537,1,8.05759370001033,0.4634268682274776,,1.431300100055523,72   24   93   71,3,4.664157399907708,1,1.181253718503188,sub-29,,,8.05759370001033,21,F,R
28,14,angel is my centerfold (Example).wav,8.345986394557823,0.4995057997054425,1,4.115204200032167,0.4162249301576375,muffin man,10.56756340002175,37   71   14   45,3,7.310154799954034,1,1.01729541020672,sub-29,,,4.115204200032167,21,F,R
29,73,my bonnie lies over the ocean.wav,6.788979591836735,0.4348996633500563,0,,0.4271780751713943,,2.774783400003798,73  120   54   66,1,4.083761200075969,1,1.199505446798979,sub-29,,,,21,F,R
30,48,heigh-ho.wav,10.50299319727891,0.4566424744179258,1,5.120408300077543,0.4893239337277457,,2.192593099898659,74   48   62   55,2,5.048900899942964,1,1.042342001135899,sub-29,,,5.120408300077543,21,F,R
31,116,this old man.wav,9.393015873015871,0.4330103151272323,1,3.952299900003709,0.4377991286705381,,3.441350199980661,106  107  116   30,3,3.582490700064227,1,1.072068482095442,sub-29,,,3.952299900003709,21,F,R
32,89,pop goes the weasel.wav,7.075011337868481,0.4024750724388846,1,3.827810700051486,0.4177109738351895,nursary rhyme,9.817214099923149,22   83   89   76,3,5.920028200023808,1,1.027681717920168,sub-29,,,3.827810700051486,21,F,R
33,60,john jacob jingleheimerschmidt.wav,9.928979591836734,0.4195386024233101,0,,0.4433941095554893,,1.36440700001549,113    1   60   72,4,4.525726700085215,0,1.190459389897846,sub-29,,,,21,F,R
34,55,in a gadda da vida.wav,8.306984126984126,0.4545605923267681,1,7.544061799999326,0.4727218387089547,,1.43086249998305,55    4   17   77,1,4.533794100047089,1,1.159879989800333,sub-29,,,7.544061799999326,21,F,R
35,92,ring around the rosie.wav,7.034013605442177,0.4576950174925011,1,3.023765599937178,0.4142663940354002,,2.765170700033195,10   92   65  115,2,4.502469499944709,1,1.155203333281684,sub-29,,,3.023765599937178,21,F,R
36,53,hush little baby.wav,9.372018140589567,0.4777486677610794,1,5.168377900030464,0.4228819352231425,mocking bird,10.09298449999187,53   90   49   86,1,3.903124599950388,1,1.13282502235892,sub-29,,,5.168377900030464,21,F,R
37,110,tequila.wav,9.256009070294784,0.4036241537770488,1,7.200443900073878,0.4492119959971886,,1.877255299943499,77   50  110   41,2,5.538132099900395,0,1.061557579681615,sub-29,,,7.200443900073878,21,F,R
38,80,old gray mare.wav,9.33201814058957,0.4171863183122771,0,,0.4612735013174374,,2.822883300017565,82   80   91   27,2,5.53868210001383,1,1.144161412996518,sub-29,,,,21,F,R
39,63,little jack horner.wav,6.793015873015873,0.4736598482979912,1,4.959095600061119,0.4406095088608513,,3.291024800040759,75   63   19  112,1,4.632011700072326,0,1.021659895236513,sub-29,,,4.959095600061119,21,F,R
40,42,froggy went a-courtin'.wav,12.20498866213152,0.4079344161284772,1,7.695115400012583,0.4426520520648478,  ,3.622829800006002,66   86   42   82,2,4.129965999978594,0,1.055759784294122,sub-29,,,7.695115400012583,21,F,R
41,121,you're a grand old flag.wav,9.33201814058957,0.4089520060490139,0,,0.4897423362938049,,4.163866200018674,7   52   49  121,1,6.207360900007188,0,1.111185035017767,sub-29,,,,21,F,R
42,25,bye baby bunting.wav,6.319002267573696,0.4046902335040475,0,,0.4419567396786727,,1.348280200036243,25   65   62    3,3,8.05691109993495,0,1.131335956963469,sub-29,,,,21,F,R
43,97,rudolph.wav,9.33201814058957,0.4044217828649023,1,3.998222200083546,0.469081261062356,rudolf,4.365821699961089,97   44  100   13,1,1.987811299972236,1,1.079138600636617,sub-29,,,3.998222200083546,21,F,R
44,13,america the beautiful.wav,9.33201814058957,0.4783140440054398,0,,0.4834532516182321, ,1.490647400030866,13   91   58   66,1,3.566745300078765,1,1.01971718176624,sub-29,,,,21,F,R
45,69,mary had a little lamb.wav,9.045986394557824,0.4079960394182028,1,3.10934389999602,0.4288359451590781,old macdonald,12.7811389999697,38   69   13  118,2,2.982273299945518,1,1.173445111929872,sub-29,,,3.10934389999602,21,F,R
46,103,smooth criminal.wav,8.348979591836734,0.4196508080794838,0,,0.4460474004011217,,1.439256599987857,38   58   81  103,3,3.233450599946082,0,1.060677691988615,sub-29,,,,21,F,R
47,75,my favorite things.wav,13.92698412698413,0.4011183429656944,1,5.8152054999955,0.4483578262470896, ,5.344558999990113,75    2   24   32,3,5.543506899964996,0,1.161104904950231,sub-29,,,5.8152054999955,21,F,R
48,107,swing low sweet chariot.wav,9.66,0.4346338604636807,0,,0.4338633052143061,,2.416365799959749,107  106   55  110,1,4.015811600023881,1,1.052080902256748,sub-29,,,,21,F,R
49,34,do wah ditty.wav,7.758004535147392,0.4609201271526073,0,,0.477057466062504, ,2.037892000051215,101   52   34   88,1,3.116027900017798,0,1.061038210141614,sub-29,,,,21,F,R
50,45,great escape.wav,15.75002267573696,0.4602959413767668,0,,0.4313537894574241,  ,4.274616099894047,45   85   25   57,4,6.512998499907553,0,1.143173723510498,sub-29,,,,21,F,R
51,104,star spangled banner.wav,12.83800453514739,0.429223157090909,1,8.120542100048624,0.467499987948037,usa,8.556691400008276,55  112   86  104,4,3.642837100080214,1,1.120768868022329,sub-29,,,8.120542100048624,21,F,R
52,12,amazing grace.wav,8.674013605442177,0.4357699997654347,1,4.643826099927537,0.4413769812697161,,2.755400700028986,12   74   81   86,1,2.19107990001794,1,1.027381429947857,sub-29,,,4.643826099927537,21,F,R
53,65,louie louie.wav,8.860997732426304,0.439597177632675,0,,0.4319237753423445,,2.118507300037891,78   50   65   46,1,4.363513300078921,0,1.078625042382242,sub-29,,,,21,F,R
54,56,iron man.wav,10.60498866213152,0.4946171323057936,0,,0.4198898199896993,,1.669934800011106,56   11   20  104,1,3.478424499975517,1,1.017990540740976,sub-29,,,,21,F,R
55,31,copacabana.wav,9.372018140589567,0.4312624175579924,0,,0.4501717558523936,,1.105604599928483,97   67   31  108,3,5.869287600042298,1,1.024630558232225,sub-29,,,,21,F,R
56,9,a-tisket a-tasket.wav,10.41800453514739,0.4549440964888865,0,,0.4970869214212402,,2.555625299923122,27   48    9   28,3,4.994070800021291,1,1.013058378687704,sub-29,,,,21,F,R
57,102,smoke on the water.wav,7.838004535147392,0.4078477378594841,1,7.146550999954343,0.4923955492956941,movie,10.35503430000972,102  113  112   80,3,6.666006299899891,0,1.169772863655619,sub-29,,,7.146550999954343,21,F,R
58,88,polly wolly doodle.wav,9.334013605442175,0.4433026146488712,1,5.047766299918294,0.4035420157363437, ,5.046937100007199,30   88   52   36,3,3.638316299999133,0,1.112808348182962,sub-29,,,5.047766299918294,21,F,R
59,38,eight days a week.wav,12.28399092970522,0.4175973469325027,0,,0.4186642891193946, ,1.798061799956486,44   12  116   38,3,3.033668199903332,0,1.08703274388919,sub-29,,,,21,F,R
60,10,all my loving.wav,11.52498866213152,0.4785253580991199,0,,0.4361555684866527, ,1.301644600112922,10  100   35   99,1,5.131395500036888,1,1.115707957202979,sub-29,,,,21,F,R
61,98,sesame street.wav,9.885986394557824,0.4811064278122846,0,,0.4270886052682674, ,1.322578399907798,98   62   22   17,2,3.849927200004458,0,1.122875854667228,sub-29,,,,21,F,R
62,106,super mario world.wav,12.28598639455782,0.4656327071722143,1,3.890982399927452,0.4559296632058475, ,2.961852899985388,25  106  108   31,1,5.304304499994032,0,1.157691027350663,sub-29,,,3.890982399927452,21,F,R
63,3,I think we're alone now.wav,6.298004535147392,0.4712181676101742,0,,0.4657078273079023,,2.735661499900743,22    3   33    7,1,3.809612600016408,0,1.179077779242658,sub-29,,,,21,F,R
64,20,bingo.wav,8.920997732426304,0.4025575250178752,1,5.216894400073215,0.4351721465626463,,2.238051900058053,62   97   20    8,3,5.710296200006269,1,1.043955869517057,sub-29,,,5.216894400073215,21,F,R
65,90,popeye the sailorman.wav,7.546984126984127,0.4301685797634694,0,,0.4195852067704211, ,1.672223799978383,100    1  105   90,2,4.161188199999742,0,1.183722768464685,sub-29,,,,21,F,R
66,79,oh where has my little dog gone.wav,8.02,0.4782159172577755,1,3.773924399982207,0.4679003244093193, ,2.573795899981633,51   79  108   36,3,7.228747299988754,0,1.017789912645666,sub-29,,,3.773924399982207,21,F,R
67,87,peter and the wolf.wav,10.82798185941043,0.4939870837391864,0,,0.4157997343510432, ,2.292794600012712,77   87  107   37,2,4.121287700021639,1,1.115561361995126,sub-29,,,,21,F,R
68,32,daisy bell.wav,8.062993197278912,0.4162651085472753,1,4.176820200053044,0.4589279556613239,,2.634062999975868,37   32   97   66,3,3.753055699984543,0,1.073030528893226,sub-29,,,4.176820200053044,21,F,R
1,34,do wah ditty.wav,7.758004535147392,0.492256037390325,0,,0.4993581645323387,,34.85316429997329,34   59    6  112,1,8.103288099984638,1,1.033224692034439,sub-30,,,,24,M,R
2,39,everlasting love.wav,8.305986394557824,0.4400401406949411,0,,0.495277874446035,,1.599493999965489,73   92   98   39,1,6.484823099919595,0,1.190901831387458,sub-30,,,,24,M,R
3,13,america the beautiful.wav,9.33201814058957,0.4191089697343713,0,,0.4278404939221439,,2.446716000093147,118   31   13   79,4,5.695935999974608,0,1.040556081578979,sub-30,,,,24,M,R
4,106,super mario world.wav,12.28598639455782,0.4268234244652321,1,6.008581700036302,0.415223238110586,,10.46726810000837,43  106   93   75,2,4.807703200029209,1,1.010487599502875,sub-30,,,6.008581700036302,24,M,R
5,117,three blind mice.wav,13.92798185941043,0.4188277986789174,1,4.131448800093494,0.4604092149505356,Hot Cross Buns,5.498948300024495,117   32   92   77,1,3.476506400038488,1,1.087978149100027,sub-30,,,4.131448800093494,24,M,R
6,17,baby love.wav,7.219002267573696,0.4488357588479706,0,,0.459357919012882,,1.200278000091203,29   52   17  107,1,5.388291700044647,0,1.102105367454935,sub-30,,,,24,M,R
7,95,row your boat.wav,7.035011337868481,0.4742596765984288,1,5.149662500014529,0.4440928168467556,Row your boat,5.094641600036994,31   95   50   19,2,1.889998400001787,1,1.104796124909563,sub-30,,,5.149662500014529,24,M,R
8,36,do-re-mi.wav,12.94399092970522,0.4233364134343583,1,5.727328900014982,0.4574799449085798,,6.839284099987708,105   12   36   45,3,5.00918960000854,1,1.081921878415675,sub-30,,,5.727328900014982,24,M,R
9,4,I've been working on the railroad.wav,9.311020408163266,0.4040373392212553,1,4.33193950005807,0.4828049899274814,I've been working on the railroad,8.891071899910457,83   30  108    4,4,2.222906400100328,1,1.099245565548079,sub-30,,,4.33193950005807,24,M,R
10,93,ring of fire.wav,9.04498866213152,0.4723314511745027,1,7.377520599984564,0.4397854937702216,,5.233963400009088,113   93   27   73,2,2.366015300038271,1,1.1807387624612,sub-30,,,7.377520599984564,24,M,R
11,38,eight days a week.wav,12.28399092970522,0.4799243679472709,0,,0.474228922181725,,1.786563100060448,101   89   38  104,3,5.956707100034691,1,1.147135105973589,sub-30,,,,24,M,R
12,25,bye baby bunting.wav,6.319002267573696,0.4040649210649431,0,,0.4700671181785963,,1.163900500047021,2   25   21  117,1,7.266073200036772,0,1.041248914040193,sub-30,,,,24,M,R
13,99,she'll be coming 'round the mountain.wav,8.86,0.4965797890061816,1,7.336201700032689,0.4361634851724903,,1.297120000002906,71  119   99  120,3,2.197148999897763,1,1.110145446488344,sub-30,,,7.336201700032689,24,M,R
14,19,billie jean.wav,8.305986394557824,0.4157625704860083,0,,0.4249225897295482,,1.134228999959305,116   88   19   27,3,2.999287400045432,1,1.099097108763976,sub-30,,,,24,M,R
15,72,muppet show.wav,8.53201814058957,0.4280679672419583,0,,0.4462795701067349,,1.344878799980506,2   72   62   60,2,7.998516299994662,1,1.01296897244429,sub-30,,,,24,M,R
16,50,hickory dickory dock.wav,7.077006802721089,0.4379225636722749,0,,0.4583392373634176,,1.583990500075743,100  102   16   50,4,7.851783400052227,1,1.087660290809177,sub-30,,,,24,M,R
17,75,my favorite things.wav,13.92698412698413,0.4639455164720137,0,,0.4216159844697989,,2.0403194000246,40   14   39   75,4,11.25962539995089,1,1.072107737472372,sub-30,,,,24,M,R
18,74,my country 'tis of thee.wav,14.21201814058957,0.4198011032583644,1,10.59524920000695,0.4560746347384499,,5.35999620007351,74   66   38  108,1,6.717705399962142,1,1.000559199013637,sub-30,,,10.59524920000695,24,M,R
19,30,clementine.wav,8.716009070294785,0.4783229915956602,1,7.695477500092238,0.4838014634722124,,4.030169900041074,74    5   30   36,3,5.713904500007629,1,1.029322006205989,sub-30,,,7.695477500092238,24,M,R
20,81,old king cole.wav,9.353015873015874,0.4259723972626346,0,,0.4818478006212164,,1.286540300003253,89    1    8   81,4,4.752387800021097,1,1.09142162183214,sub-30,,,,24,M,R
21,110,tequila.wav,9.256009070294784,0.4756156806456579,1,3.878955999971367,0.4545015575651122,Tequila,4.098923100042157,110    3   24   12,1,0.8186470000073314,1,1.108737879659446,sub-30,,,3.878955999971367,24,M,R
22,80,old gray mare.wav,9.33201814058957,0.4300916970270784,0,,0.4730640953866012,,0.9308282999554648,110   86   60   80,4,6.794438599958085,1,1.086617844420695,sub-30,,,,24,M,R
23,54,if you're happy and you know it.wav,9.09002267573696,0.4483039648519171,1,4.135701399995014,0.4157279984031472,Happy and you know it,10.62533160008024,68   38   54   17,3,1.762859200011007,1,1.187762587008404,sub-30,,,4.135701399995014,24,M,R
24,83,on top of old smokey.wav,12.79700680272109,0.4823444966498373,0,,0.4599939392302497,,1.041873499983922,94   41  116   83,1,8.281159100006334,0,1.15348004668003,sub-30,,,,24,M,R
25,105,sugar sugar.wav,7.83501133786848,0.4989976128972392,1,6.445957799907774,0.4741280351152257,Honey Honey,9.499440100044012,21   91   39  105,4,3.949981199926697,1,1.147032120338075,sub-30,,,6.445957799907774,24,M,R
26,9,a-tisket a-tasket.wav,10.41800453514739,0.4874584578812298,0,,0.4907660329871557,,0.9004453000379726,98   74   72    9,4,4.32839449995663,1,1.14097683062715,sub-30,,,,24,M,R
27,3,I think we're alone now.wav,6.298004535147392,0.446288112983572,0,,0.4692478517931505,,1.210855800076388,96   80   21    3,1,7.916451000026427,0,1.094937742011237,sub-30,,,,24,M,R
28,23,brahms lullaby.wav,12.28399092970522,0.4968902906372272,1,4.66424559999723,0.4845099598980677,Rock a bye baby,5.237736400100403,45    6   23   67,3,4.015674800029956,1,1.052113499868698,sub-30,,,4.66424559999723,24,M,R
29,114,the muffin man.wav,9.051020408163266,0.4975134144242034,1,7.952831500093453,0.4163712126932499,,1.643281499971636,86  114  111   70,4,5.620968000032008,0,1.18768383120512,sub-30,,,7.952831500093453,24,M,R
30,40,eye of the tiger.wav,8.305986394557824,0.4399104177339158,0,,0.4405553061889008,,1.629730500048026,44  101  102   40,4,13.94118979992345,1,1.118981598972764,sub-30,,,,24,M,R
31,31,copacabana.wav,9.372018140589567,0.4501654250420057,1,4.638113900087774,0.454868829836236,Cocacabana,5.663806300028227,21   17   31   53,3,2.407824699999765,1,1.04277504843895,sub-30,,,4.638113900087774,24,M,R
32,112,the brady bunch.wav,9.331020408163266,0.418136729326301,0,,0.4365014878918939,,0.9610886999871582,112  108   34   98,4,10.84487109992187,0,1.057864644151654,sub-30,,,,24,M,R
33,78,oh susanna.wav,12.05800453514739,0.4562629478240639,1,5.411082100006752,0.409621738453351,,2.368550300016068,78   80    7   72,1,6.197802999988198,1,1.031914077756207,sub-30,,,5.411082100006752,24,M,R
34,63,little jack horner.wav,6.793015873015873,0.4248776638868996,0,,0.4057996749714818,,1.044640299980529,63    1   45  119,4,7.271964099956676,0,1.067405479675826,sub-30,,,,24,M,R
35,24,buffalo gals.wav,9.331020408163266,0.4899829744704288,1,6.722291500074789,0.4544267790979235,,13.99869139993098,116   24   87   69,4,2.249912700033747,0,1.056954109712727,sub-30,,,6.722291500074789,24,M,R
36,91,puff the magic dragon.wav,9.333015873015873,0.4816704332500285,0,,0.4750505330085074,,0.9975260000210256,61  105   57   91,3,9.308084900025278,0,1.042482427160103,sub-30,,,,24,M,R
37,6,YMCA.wav,14.33501133786848,0.4929291040405882,0,,0.4749599370025583,,1.691198499989696,31  119   10    6,4,3.744217800092883,1,1.023867416208079,sub-30,,,,24,M,R
38,87,peter and the wolf.wav,10.82798185941043,0.4702601174466349,0,,0.4837422302174514,,0.7316196999745443,20   35   87   64,4,6.880841400008649,0,1.083925184079413,sub-30,,,,24,M,R
39,58,itsy bitsy spider.wav,9.802993197278912,0.4609825581820381,1,6.567489900044166,0.4663250890593079,Itsy bitsy spider,3.417724100057967,4   18   75   58,4,1.614869599929079,1,1.024676995411918,sub-30,,,6.567489900044166,24,M,R
40,52,hot cross buns.wav,6.46,0.4396007438649659,1,6.03323860000819,0.4898211800181036,3 blind mice,11.05456920003053,96  116  102   52,4,1.679691700031981,1,1.119706701255542,sub-30,,,6.03323860000819,24,M,R
41,56,iron man.wav,10.60498866213152,0.435701094688813,1,3.39557789999526,0.4580089188935098,Iron man,3.694225899991579,96   56   94  105,2,1.009788900031708,1,1.023960787117974,sub-30,,,3.39557789999526,24,M,R
42,35,do your ears hang low.wav,9.661995464852607,0.4034144445976637,1,4.262393599958159,0.4608206850301187,,0.9423725000815466,7   91   52   35,4,2.924709400045685,1,1.148333906753557,sub-30,,,4.262393599958159,24,M,R
43,26,camptown races.wav,8.305986394557824,0.4512716521503005,1,6.211865599965677,0.4707068299372789,Oh the do-dah day,7.471291499910876,26   22   98   63,1,1.13989120000042,1,1.059512697981559,sub-30,,,6.211865599965677,24,M,R
44,111,the bare necessities.wav,8.511020408163265,0.4660790466545527,0,,0.429944453245394,,1.374188999994658,111   96    3   28,2,6.444124899921007,0,1.118302839971906,sub-30,,,,24,M,R
45,62,let it snow.wav,9.334013605442175,0.4978975309763519,1,6.645305700018071,0.413736376109732,Let it snow,1.949307300033979,120   33   84   62,4,1.286923500010744,1,1.007320956347076,sub-30,,,6.645305700018071,24,M,R
46,7,a spoonful of sugar.wav,8.531020408163265,0.4591628763373077,0,,0.4188239124895637,,0.4797842999687418,7   71  116  118,2,8.389921499998309,0,1.136745259686592,sub-30,,,,24,M,R
47,10,all my loving.wav,11.52498866213152,0.4356921590416624,0,,0.4296110241377848,,1.462453099898994,43  112   87   10,1,7.90916209993884,0,1.173490305590129,sub-30,,,,24,M,R
48,60,john jacob jingleheimerschmidt.wav,9.928979591836734,0.4218499798409419,0,,0.448839307701113,,0.77635790000204,60  106   63   91,4,5.196112300036475,0,1.029312336880911,sub-30,,,,24,M,R
49,44,good night ladies.wav,6.378004535147392,0.4514391164140318,0,,0.4748248361083214,,0.5562155999941751,75   71   44   82,3,3.683646599994972,1,1.017050490267312,sub-30,,,,24,M,R
50,18,be kind to your web-footed friend.wav,6.993015873015873,0.4373064742536747,1,6.278349500033073,0.4071832548654127,,1.542726700077765,32   18   69    4,1,7.919659500010312,0,1.111072486106663,sub-30,,,6.278349500033073,24,M,R
51,90,popeye the sailorman.wav,7.546984126984127,0.4372791509293814,0,,0.414762404136991,,0.6335649999091402,73   90   71   22,1,5.616332400008105,0,1.021536536645206,sub-30,,,,24,M,R
52,46,happy birthday.wav,7.078004535147392,0.4826871559619734,1,6.53881719999481,0.4782357461302299,Happy birthday,12.61453769996297,30   51   23   46,4,2.158964699949138,1,1.061618745831878,sub-30,,,6.53881719999481,24,M,R
53,116,this old man.wav,9.393015873015871,0.4582622719961364,1,7.728442099993117,0.450035552188576,Give a dog a bone,9.778405799996108,91  116   61   54,2,1.515312400064431,1,1.024246186984677,sub-30,,,7.728442099993117,24,M,R
54,22,blowin' in the wind.wav,9.950022675736962,0.4448279600527578,0,,0.4929537457828862,,1.21934529999271,22   84   69   49,1,7.463175700046122,1,1.080035954359543,sub-30,,,,24,M,R
55,51,home on the range.wav,13.08498866213152,0.482963297045553,0,,0.4849599057093995,,0.8513522999128327,66  106   51   38,1,5.094486500020139,0,1.021366044240119,sub-30,,,,24,M,R
56,108,take me out to the ballgame.wav,6.194013605442177,0.4904511637926058,1,5.182597700040787,0.4061644877611629,Take me out to the ball game,7.621079499949701,108   79   65   61,1,1.129870699951425,1,1.041190163216863,sub-30,,,5.182597700040787,24,M,R
57,53,hush little baby.wav,9.372018140589567,0.4327705239113719,1,4.648806399898604,0.4159006517342618,,2.787891700048931,53  106   28   72,1,2.796686100075021,1,1.126663655243654,sub-30,,,4.648806399898604,24,M,R
58,77,ob la di ob la da.wav,14.81401360544218,0.4661703944277806,1,3.236834699986503,0.4097975219178216,When the saints go marching in,6.742799500003457,3   77  106   30,2,3.056548699969426,1,1.126738297897511,sub-30,,,3.236834699986503,24,M,R
59,57,it's a small world.wav,9.291020408163265,0.4487378032067565,1,5.801803800044581,0.4608336856945551,,1.681418000021949,49   57   63   80,2,1.847339500091039,1,1.037275295300627,sub-30,,,5.801803800044581,24,M,R
60,21,blow the man down.wav,8.491020408163266,0.4925843405436199,1,7.372808199957944,0.4142418752413751,,2.057931200019084,78   21   85  100,2,2.555264400085434,1,1.078742841105468,sub-30,,,7.372808199957944,24,M,R
61,104,star spangled banner.wav,12.83800453514739,0.4508333362857906,1,3.825269400025718,0.4711398638229005,Star spangled banner,4.801228300086223,104   72  108   10,1,0.979309199959971,1,1.040140531794286,sub-30,,,3.825269400025718,24,M,R
62,65,louie louie.wav,8.860997732426304,0.4591914508749446,0,,0.4722869274058578,,0.7388909000437707,90   39   65   26,3,6.204616400063969,1,1.131371924248454,sub-30,,,,24,M,R
63,115,there's a hole in the bucket.wav,7.365986394557823,0.4631451974800787,0,,0.4859974226112141,,0.915635299985297,115  111   10  102,1,4.707910700002685,1,1.004784594383868,sub-30,,,,24,M,R
64,29,cindy.wav,9.372018140589567,0.4966674517765871,0,,0.4230807533357642,,0.6089790998958051,73   29    2   96,1,3.972868599928916,0,1.171621508548727,sub-30,,,,24,M,R
65,2,I think I love you.wav,9.272018140589568,0.4979072347159396,0,,0.4324026906001214,,0.581127299927175,2   28   98   20,4,11.63029140001163,0,1.10350443888993,sub-30,,,,24,M,R
66,107,swing low sweet chariot.wav,9.66,0.4065975855790419,0,,0.4291497904451178,,0.6292160000884905,25  107   52   72,2,6.65513650001958,1,1.102071893766987,sub-30,,,,24,M,R
67,120,yankee doodle.wav,8.572018140589568,0.4558077902439375,0,,0.4412454262710079,,0.8925528000108898,120   96    5   28,1,5.52386000007391,1,1.17312029181307,sub-30,,,,24,M,R
68,98,sesame street.wav,9.885986394557824,0.4159180311356309,1,7.277148699969985,0.4045017604531468,Sesame street,3.629120000055991,9   98   49  109,2,1.123038599966094,1,1.154488863765605,sub-30,,,7.277148699969985,24,M,R
69,97,rudolph.wav,9.33201814058957,0.4235068255687902,1,7.437415699940175,0.4221444476541068,Frosty the snowman,6.529593699960969,28   44   97   77,3,2.243230799911544,1,1.107081229718783,sub-30,,,7.437415699940175,24,M,R
70,121,you're a grand old flag.wav,9.33201814058957,0.4325949463508,0,,0.4093040272538794,,0.6007414000341669,82   17   53  121,4,4.136935899965465,1,1.111527039159835,sub-30,,,,24,M,R
71,88,polly wolly doodle.wav,9.334013605442175,0.4469390241485237,1,7.913480399991386,0.4713731648573327,,4.43904399999883,12   88   89   63,2,3.913950400077738,1,1.003303098316823,sub-30,,,7.913480399991386,24,M,R
72,11,alouette.wav,5.946984126984127,0.4823528045195541,0,,0.4641664335423657,,1.45050449995324,14   11   17   71,2,5.341353199910372,1,1.04970501947905,sub-30,,,,24,M,R
73,70,michael row the boat ashore.wav,9.372018140589567,0.4976689450795685,0,,0.4568321288399625,,0.942683000001125,39   70   46   29,2,4.852495200000703,1,1.06321163391468,sub-30,,,,24,M,R
74,69,mary had a little lamb.wav,9.045986394557824,0.4885500598696365,1,4.005547199980356,0.4681646391072861,Old McDonald,14.59769790002611,69   99   48   87,1,2.643068199977279,1,1.086780709304854,sub-30,,,4.005547199980356,24,M,R
75,102,smoke on the water.wav,7.838004535147392,0.4206473430633647,1,1.729637400014326,0.4428513993548854,Smoke on the water,3.946876900037751,102  100  101   38,1,0.9036641999846324,1,1.013768434632766,sub-30,,,1.729637400014326,24,M,R
76,86,peanuts.wav,10.50399092970522,0.4152064185329176,1,2.135446200030856,0.4288047371146058,Peanuts,1.401447299984284,86    7   45   75,1,0.4747219999553636,1,1.128193045305576,sub-30,,,2.135446200030856,24,M,R
77,37,down in my heart.wav,8.388979591836735,0.4223988287304545,0,,0.4041136581916685,,0.556911600055173,101   64   37   21,3,4.69494040007703,1,1.167287488904088,sub-30,,,,24,M,R
